uid,title,year,authors,keywords
WOS:000463544000001,Inequities of global mobility: socioeconomic stratification in the meanings of a university education for international students,2021,"['Glass, Chris R.', 'Streitwieser, Bernhard', 'Gopal, Anita']","['Cosmopolitanism', 'globalisation', 'inequality', 'international students', 'social mobility', 'stratification']"
WOS:000465828900001,Social Learning and Social Control in the Off- and Online Pathways to Hate Crime and Terrorist Violence,2021,"['Mills, Colleen E.', 'Freilich, Joshua D.', 'Chermak, Steven M.', 'Holt, Thomas J.', 'LaFree, Gary']",[]
WOS:000465815600001,Pick Your POICN: Introducing the Profiles of Incidents involving CBRN and Non-State Actors (POICN) Database,2021,"['Binder, Markus K.', 'Ackerman, Gary A.']",[]
WOS:000468663200001,Using Participatory Culture-Specific Consultation with Asian American Communities: Identifying Challenges and Solutions for Asian American Immigrant Families,2021,"['Wang, Cixin', 'Shao, Xiaoping', 'Kieu Anh Do', 'Lu, Huixing (Kate)', ""O'Neal, Colleen R."", 'Zhang, Yuan']",[]
WOS:000472259700001,Incorporating Sentinel-1 SAR imagery with the MODIS MCD64A1 burned area product to improve burn date estimates and reduce burn date uncertainty in wildland fire mapping,2021,"['Lasko, Kristofer']","['Synthetic aperture radar', 'Southeast Asia', 'biomass burning', 'remote sensing data fusion', 'MCD64']"
WOS:000475071700001,"When Extremists Become Violent: Examining the Association Between Social Control, Social Learning, and Engagement in Violent Extremism",2021,"['Becker, Michael H.']",[]
WOS:000479628900001,Comparison of Literacy Screener Risk Selection Between English Proficient Students and English Learners,2021,"['Cummings, Kelli D.', 'Smolkowski, Keith', 'Baker, Doris Luft']","['CBM', 'screening and classification', 'reading', 'English language learners']"
WOS:000481265300001,Utilizing Student Health and Academic Data: A County-Level Demonstration Project,2021,"['Carter-Pokras, Olivia D.', 'Bugbee, Brittany A.', 'Gold, Robert S.', 'Lauver, Phillip E.', 'Aiken, Rebecca', 'Arria, Amelia M.']","['school health services', 'child', 'adolescent', 'chronic disease', 'health status', 'achievement']"
WOS:000481646400001,Ethnic External Support and Rebel Group Splintering,2021,"['Ives, Brandon']","['Ethnicity', 'fragmentation', 'external support', 'splintering', 'civil war']"
WOS:000483186300001,Trajectories of Depressive Symptoms in Adolescence: The Interplay of Maternal Emotion Regulation Difficulties and Youth ADHD Symptomatology,2021,"['Oddo, Lauren E.', 'Felton, Julia W.', 'Meinzer, Michael C.', 'Mazursky-Horowitz, Heather', 'Lejuez, Carl W.', 'Chronis-Tuscano, Andrea']","['adolescence', 'depression', 'ADHD']"
WOS:000486766500001,Sexual Minority-related Discrimination across the Life Course: Findings from a National Sample of Adults in the United States,2021,"['Rice, Cara Exten', 'Fish, Jessica N.', 'Russell, Stephen T.', 'Lanza, Stephanie T.']","['Sexual minority', 'LGB', 'discrimination', 'minority stress']"
WOS:000487633800001,Evaluation of four different climate sources on pavement mechanistic-empirical design and impact of surface shortwave radiation,2021,"['Gopisetti, Leela Sai Praveen', 'Cetin, Bora', 'Forman, Barton A.', 'Durham, Stephan', 'Schwartz, Charles W.', 'Ceylan, Halil']","['Pavement analyses', 'climate effects', 'Mechanistic Empirical Pavement Design Guide (MEPDG)', 'Ground-Based Weather Stations (GBWS)', 'Modern era Retrospective Analysis for Research and Applications (MERRA)', 'North American Regional Reanalysis (NARR)']"
WOS:000489211000001,Differences in Health Care Expenditures Among Non-Latino Whites and Asian Subgroups Vary Along the Distribution of the Expenditures,2021,"['Park, Sungchul', 'Chen, Jie', 'Roby, Dylan H.', 'Ortega, Alexander N.']","['Asian', 'health care expenditure', 'expenditure distribution', 'nativity', 'limited English proficiency']"
WOS:000490662000001,Lost in Informational Paradise: Cognitive Arrest to Epistemic Inertia in Problem Solving,2021,"['Kim, Jeong-Nam', 'Grunig, James E.']","['cognitive arrest', 'cognitive retrogression', 'communicative action', 'conspiratorial thinking', 'information', 'lay informatics', 'problem solving', 'publics', 'situational theory of problem solving']"
WOS:000491747300001,Predicting Voting Behavior Using Digital Trace Data,2021,"['Bach, Ruben L.', 'Kern, Christoph', 'Amaya, Ashley', 'Keusch, Florian', 'Kreuter, Frauke', 'Hecht, Jan', 'Heinemann, Jonathan']","['web tracking', 'voting', 'digital traces']"
WOS:000492493800001,Correction charts for soil layering and embedment of a vertically vibrating footing,2021,"['Sutaih, G.', 'Aggour, M. S.']","['Vertical vibration of footing', 'soil layering', 'embedment', 'spring constant', 'damping ratio', 'finite element method']"
WOS:000496707900001,The Importance of Governments' Response to Natural Disasters to Reduce Terrorist Risk,2021,"['Fisher, Daren', 'Dugan, Laura']","['Natural disasters', 'terrorism', 'disaster response policy', 'government actions', 'rational choice']"
WOS:000495050500001,The KLR-Theorem Revisited,2021,"['Kagan, Abram']","['Constancy of regression-Characterization', 'Gaussian component']"
WOS:000497131700001,"Drivers and barriers in public diplomacy evaluation: understanding attitudes, norms, and control",2021,"['Buhmann, Alexander', 'Sommerfeldt, Erich J.']","['Evaluation', 'interviews', 'public diplomacy', 'theory of planned behavior', 'U', 'S', 'Department of State']"
WOS:000498001200001,"Presumed proficiencies, credentialism, and the pedagogy of poverty: Mathematics teachers from selective alternative route programs",2021,"['Cooley, Laurel', 'Brantlinger, Andrew', 'Hannaford-Simpson, Sarah', 'Shahid, Rushna']","['Alternative certification', 'Sociology of mathematics education', 'Credentialism', 'Math errors', 'Calculus', 'Mathematics knowledge for teaching']"
WOS:000499313600001,"Toward Engaged, Equitable, and Smart Communities: Lessons From West Baltimore",2021,"['Lung-Amam, Willow', 'Bierbaum, Ariel H.', 'Parks, Sheri', 'Knaap, Gerrit-Jan', 'Sunderman, Gail', 'Stamm, Lauren']","['smart cities', 'Baltimore', 'community engagement', 'equity planning', 'community development']"
WOS:000498120200001,Industrial Policy in China: Some Intended or Unintended Consequences?,2021,"['Cai, Jing', 'Harrison, Ann']","['value-added tax', 'labor', 'investment', 'productivity']"
WOS:000497832400001,Log-concavity of volume and complex Monge-Ampere equations with prescribed singularity,2021,"['Darvas, Tamas', 'Di Nezza, Eleonora', 'Lu, Chinh H.']",[]
WOS:000498027300001,Decision making within a product network,2021,"['Masatlioglu, Yusufcan', 'Suleymanov, Elchin']","['Product network', 'Search', 'Consideration set', 'Reference-dependent choice', 'Revealed preference']"
WOS:000500660800001,The Effect of Patient-Centered Communication and Racial Concordant Care on Care Satisfaction Among US Immigrants,2021,"['Chu, Jun', 'Wang, Nianyang', 'Choi, Yoon Soon', 'Roby, Dylan H.']","['racial concordance', 'immigrant health', 'patient-centered communication']"
WOS:000502279700001,Using Electronic Confederates for Experimental Research in Organizational Science,2021,"['Leavitt, Keith', 'Qiu, Feng', 'Shapiro, Debra L.']","['experimental', 'research design', 'content validity', 'reliability']"
WOS:000502659500001,Extremists and unconventional weapons: examining the pursuit of chemical and biological agents,2021,"['Guarrieri, Thomas R.', 'Meisel, Collin J.']","['Terrorism', 'extremism', 'CBRN', 'unconventional weapons']"
WOS:000503180100001,"Investigation into the built environment impacts on pedestrian crash frequencies during morning, noon/afternoon, night, and during peak hours: a case study in Miami County, Florida",2021,"['Gu, Zongni', 'Peng, Binbin']","['Traffic crash', 'pedestrian safety', 'land use', 'mico-level', 'time of a day']"
WOS:000503575600001,New Data Sources in Social Science Research: Things to Know Before Working With Reddit Data,2021,"['Amaya, Ashley', 'Bach, Ruben', 'Keusch, Florian', 'Kreuter, Frauke']","['Big Data', 'Reddit', 'project management', 'social media', 'data linkage', 'social science research']"
WOS:000503606500001,Patient identified factors influencing decisions to seek fertility care: adaptation of a wellness model,2021,"['Olerich, Kelsey Whittier', 'Summers, Karen', 'Lewis, Adam M.', 'Stewart, Kathleen', 'Ryan, Ginny L.']","['Fertility treatment', 'in vitro fertilisation', 'treatment seeking behaviour', 'decision making', 'wellness']"
WOS:000505399500001,A continuous-time Markov model for estimating readmission risk for hospital inpatients,2021,"['Zhang, Xu', 'Barnes, Sean', 'Golden, Bruce', 'Smith, Paul']","['Hospital readmission', 'continuous-time Markov chain', 'asymptotic distribution', 'stochastic process', 'survival analysis']"
WOS:000506845400001,Implementing social policy in Brazil: an inter-contextual exploration of the exercise of discretion by street-level bureaucrats,2021,"['Soares Ferreira, Vicente da Rocha', 'Medeiros, Janann Joslin', 'Bright, Charlotte Lyn', 'Crumpton, Charles David']",[]
WOS:000507029500001,Assessing prospective memory in children using the Memory for Intentions Screening Test for Youth (MISTY),2021,"['Mills, Ginger N.', 'Garbarino, Julianne T.', 'Raskin, Sarah A.']","['Prospective memory', 'neuropsychological assessment', 'executive functioning', 'children']"
WOS:000507188700001,Relationship Dynamics and Perpetration of Intimate Partner Violence Among Female Chinese College Students,2021,"['Du, Jingshuai', 'Stith, Sandra', 'Durtschi, Jared', 'Spencer, Chelsea']","['Chinese college students', 'female perpetration', 'intimate partner violence', 'relationship dynamics']"
WOS:000508741600001,A sliding mode estimation method for fluid flow fields using a differential inclusions-based analysis,2021,"['Kidambi, Krishna Bhavithavya', 'MacKunis, William', 'Drakunov, Sergey, V', 'Golubev, Vladimir']","['Sliding mode observer', 'differential inclusion', 'nonlinear estimation', 'control applications', 'Lyapunov']"
WOS:000508688500001,External validity and assignment of experimental vs. control treatment providers within small work groups: a research note,2021,"['Sherman, Lawrence W.', 'van Mastrigt, Sarah', 'Gade, Christian B. N.', 'Ammann, Theresa', 'Strang, Heather']","['External validity', 'Differential predisposition', 'Partial random assignment', 'Treatment providers', 'Small work groups', 'Restorative justice conferences', 'Mediation']"
WOS:000509212600001,Training needs assessment of the Royal Bhutan Police,2021,"['Gyeltshen, Kinzang', 'Kamnuansilpa, Peerasit', 'Crumpton, Charles David', 'Wongthanavasu, Supawatanakorn']","['Bhutan', 'commissioned officers', 'competencies', 'police organizational change', 'training needs assessment', 'training programs']"
WOS:000512959300001,"Early childhood cumulative risk is associated with decreased global brain measures, cortical thickness, and cognitive functioning in school-age children",2021,"['Chad-Friedman, Emma', 'Botdorf, Morgan', 'Riggins, Tracy', 'Dougherty, Lea R.']","['brain structure', 'cortical thickness', 'early cumulative risk', 'executive function', 'memory']"
WOS:000511520900001,"Community participation and empowerment in marginalised contexts: leveraging parental involvement, adult education, and community organising through social justice leadership",2021,"['Edwards, D. Brent, Jr.', 'DeMatthews, David', 'Spear, Anne', 'Hartley, Hilary']","['Qualitative methods', 'Mexico', 'community development', 'community participation', 'leadership']"
WOS:000513975000001,Course Models for Increased Competency for Practice Integrated With Financial Capability and Asset Building,2021,"['Birkenmaier, Julie', 'Lane, Liza Barros', 'Callahan, Christine', 'Hageman, Sally A.']",[]
WOS:000514960300001,Engaged to a Robot? The Role of AI in Service,2021,"['Huang, Ming-Hui', 'Rust, Roland T.']","['artificial intelligence', 'human intelligence', 'replacement', 'augmentation', 'service strategy', 'robots', 'automation', 'mechanical AI', 'thinking AI', 'feeling AI', 'service process', 'engagement', 'standardization', 'personalization', 'relationalization']"
WOS:000518348700001,"Maternal attachment style, sensitivity, and infant obesity risk in low-income, Latino families",2021,"['Hepworth, Allison D.', 'Berlin, Lisa J.', 'Martoccio, Tiffany L.', 'Jones Harden, Brenda']","['Adult attachment', 'sensitivity', 'Latino', 'infancy', 'childhood obesity']"
WOS:000516349400001,Calibrating Dependence Between Random Elements,2021,"['Kagan, Abram M.', 'Szekely, Gabor J.']","['Quantification', 'Measures of dependence', 'Projection']"
WOS:000515280400001,Solicited and Unsolicited Therapist Advice inPsychodynamic Psychotherapy: Is it Advised?,2021,"['Prass, Megan', 'Ewell, Arcadia', 'Hill, Clara E.', 'Kivlighan, Dennis M., Jr.']","['Advice-giving', 'psychotherapy process and outcome', 'attachment style', 'client and therapist factors']"
WOS:000516336400002,Hyperactive PI3Kδ predisposes naive T cells to activation via aerobic glycolysis programs,2021,"['Jia, Yanjun', 'Yang, Qiuyun', 'Wang, Yanping', 'Li, Wenyan', 'Chen, Xuemei', 'Xu, Tao', 'Tian, Zhirui', 'Feng, Minxuan', 'Zhang, Liang', 'Tang, Wenjing', 'Tian, Na', 'Zhou, Lina', 'Song, Wenxia', 'Zhao, Xiaodong']","['Primary immunodeficiency disorders', 'Activated phosphoinositide3-kinase delta syndrome', 'PIK3CD', 'Naive T cells', 'Aerobic glycolysis']"
WOS:000517370100001,Ignition and Combustion Characteristics of Al/RDX/NC Nanostructured Microparticles,2021,"['Young, Gregory', 'Wilson, Daniel P.', 'Kessler, Michael', 'DeLisio, Jeffery B.', 'Zachariah, Michael R.']","['Nanocomposite', 'mesoparticle', 'laser Ignition']"
WOS:000517685300002,Stress and Burnout Among Graduate Students: Moderation by Sleep Duration and Quality,2021,"['Allen, Hannah K.', 'Barrall, Angelica L.', 'Vincent, Kathryn B.', 'Arria, Amelia M.']","['Graduate students', 'Stress', 'Burnout', 'Sleep']"
WOS:000518244600001,"Characterizing a legal-intellectual culture: Bacon, Coke, and seventeenth-century England",2021,"['Grajzl, Peter', 'Murrell, Peter']","['Culture', 'Bacon', 'Coke', 'England', 'Seventeenth century', 'Machine learning']"
WOS:000516512200001,Serving Immigrant Communities: Effectiveness of Nonprofit Legal Aid Organizations in an Age of Heightened Enforcement,2021,"['Chand, Daniel E.', 'Calderon, M. Apolonia', 'Hawes, Daniel P.', ""O'Keeffe, Lauren""]","['Nonprofit advocacy', 'Immigration policy', 'Policy implementation', 'Legal aid']"
WOS:000519512500001,Housing accessibility for seniors with mobility and grasping disabilities: lessons from the American Housing Survey,2021,"['Kim, Jinyhup']","['Aging in place', 'housing accessibility', 'home modifications', 'disability', 'American Housing Survey']"
WOS:000520284500001,Enduring consequences of perinatal fentanyl exposure in mice,2021,"['Alipio, Jason B.', 'Brockett, Adam T.', 'Fox, Megan E.', 'Tennyson, Stephen S.', 'deBettencourt, Coreylyn A.', 'El-Metwally, Dina', 'Francis, Nikolas A.', 'Kanold, Patrick O.', 'Lobo, Mary Kay', 'Roesch, Matthew R.', 'Keller, Asaf']","['C57BL', '6', 'development', 'neonatal abstinence syndrome', 'opiates', 'postnatal', 'prenatal']"
WOS:000520194900001,Can a computer detect interpersonal skills? Using machine learning to scale up the Facilitative Interpersonal Skills task,2021,"['Goldberg, Simon B.', 'Tanana, Michael', 'Imel, Zac E.', 'Atkins, David C.', 'Hill, Clara E.', 'Anderson, Timothy']","['machine learning', 'interpersonal skills', 'Facilitative Interpersonal Skills', 'therapist effects', 'artificial intelligence']"
WOS:000521770200001,Assessment of melting and dripping effect on ignition of vertically discrete polypropylene and polyethylene slabs,2021,"['Jiang, Yu', 'Zhai, Chunjie', 'Shi, Long', 'Liu, Xuanya', 'Gong, Junhui']","['Dripping', 'Ignition', 'Vertically discrete slabs', 'Polypropylene', 'Polyethylene']"
WOS:000523025500001,Multi-Goal Prior Selection: A Way to Reconcile Bayesian and Classical Approaches for Random Effects Models,2021,"['Hirose, Masayo Y.', 'Lahiri, Partha']","['Adjusted maximum likelihood method', 'Empirical Bayes', 'Empirical best linear unbiased prediction', 'Linear mixed model']"
WOS:000523661600001,Arts at the core: Considerations of cultural competence for secondary pre-service teachers in the age of Common Core and the Every Student Succeeds Act,2021,"['Shockley, Ebony Terrell', 'Krakaur, Linda']","['Cultural competence', 'art integration', 'teacher education', 'culturally relevant pedagogy', 'pedagogical practices', 'global citizens']"
WOS:000523914900001,"Deciding to support violence: An empirical examination of systematic decision-making, activism, and support for political violence",2021,"['Becker, Michael H.']","['Activism', 'decision-making', 'political violence', 'TRDM', 'impulsivity']"
WOS:000524061800001,Accessing Counseling Services Where the Rainbow Doesn't Shine: A Heterosexism Audit Study,2021,"['Shin, Richard Q.', 'Smith, Lance C.', 'Vernay, Collin N.', 'Welch, Jamie C.', 'Sharma, Rajni', 'Eberhardt, Maeve']","['LGB', 'heterosexism', 'implicit bias', 'discrimination', 'social justice', 'audit study', 'mental health barriers']"
WOS:000525150400001,Assessing the Mental Health of Maltreated Youth with Child Welfare Involvement Using Multi-Informant Reports,2021,"['Makol, Bridget A.', 'De Los Reyes, Andres', 'Garrido, Edward', 'Harlaar, Nicole', 'Taussig, Heather']","['Multi-informant', 'Assessment', 'Foster care', 'Kinship care', 'Reunification']"
WOS:000527598000001,"Meat and mental health: a systematic review of meat abstention and depression, anxiety, and related phenomena",2021,"['Dobersek, Urska', 'Wy, Gabrielle', 'Adkins, Joshua', 'Altmeyer, Sydney', 'Krout, Kaitlin', 'Lavie, Carl J.', 'Archer, Edward']","['Anxiety', 'depression', 'meat', 'mental health', 'self-harm', 'vegan', 'vegetarianism']"
WOS:000529025100001,Changes in cerebral perfusion following a 12-month exercise and diet intervention,2021,"['Stillman, Chelsea M.', 'Jakicic, John', 'Rogers, Renee', 'Alfini, Alfonso J.', 'Smith, J. Carson', 'Watt, Jennifer', 'Kang, Chaeryon', 'Erickson, Kirk I.']","['arterial spin labeling', 'blood flow', 'dosage effects', 'exercise', 'obesity', 'weight loss']"
WOS:000532469100001,"Genetic polymorphisms for BDNF, COMT, and APOE do not affect gait or ankle motor control in chronic stroke: A preliminary cross-sectional study",2021,"['Aljuhni, Rehab', 'Cleland, Brice T.', 'Roth, Stephen', 'Madhavan, Sangeetha']","['Genetic polymorphism', 'BDNF', 'APOE', 'COMT', 'function', 'gait']"
WOS:000529651800001,"Studying smoldering to flaming transition in polyurethane furniture subassemblies: Effects of fabrics, flame retardants, and material type",2021,"['Morgan, Alexander B.', 'Knapp, Graham', 'Stoliarov, Stanislav I.', 'Levchik, Sergei V.']","['furniture', 'ignition', 'polyurethane foam', 'smoldering', 'testing']"
WOS:000530190600001,Plasma Isolation in a Syringe by Conformal Integration of Inertial Microfluidics,2021,"['Han, Jung Y.', 'DeVoe, Don L.']","['Dean flow focusing', 'Inertial separation', 'Solvent casting']"
WOS:000530219200002,A Longitudinal Assessment of Parental Caregiving and Blood Pressure Trajectories: Findings from the China Health and Nutrition Survey for Women 2000-2011,2021,"['Lu, Xiaoxiao', 'Juon, Hee-Soon', 'He, Xin', 'Dallal, Cher M.', 'Wang, Ming Qi', 'Lee, Sunmin']","['Caregiving', 'Blood pressure', 'China', 'Women']"
WOS:000530180600001,A Natural Experiment to Test the Effect of Sanction Certainty and Celerity on Substance-Impaired Driving: North Dakota's 24/7 Sobriety Program,2021,"['Midgette, Greg', 'Kilmer, Beau', 'Nicosia, Nancy', 'Heaton, Paul']","['Deterrence', 'Decision-making', 'Alcohol', 'Community corrections', 'Substance use', 'Impaired driving']"
WOS:000530976900001,The power of linear programming: some surprising and unexpected LPs,2021,"['Golden, Bruce', 'Schrage, Linus', 'Shier, Douglas', 'Apergi, Lida Anna']","['Linear programming', 'Curve fitting', 'Goal programming', 'Discriminant analysis', 'AHP', 'Game theory', 'DEA']"
WOS:000532068200001,On the distance between A and B in molecular configuration space,2021,"['Tsai, Sun-Ting', 'Tiwary, Pratyush']","['Kinetics', 'reaction coordinate', 'molecular dynamics', 'sampling', 'machine learning']"
WOS:000532165100001,Re-prioritizing Digital Health and Health Literacy in <i>Healthy People 2030</i> to Affect Health Equity,2021,"['Jackson, Devlon N.', 'Trivedi, Neha', 'Baur, Cynthia']",[]
WOS:000532556900001,The Role of Electron Localization in Covalency and Electrochemical Properties of Lithium-Ion Battery Cathode Materials,2021,"['Wang, Xuelong', 'Fan, Xiulin', 'Yu, Xiqian', 'Bak, Seongmin', 'Shadike, Zulipiya', 'Waluyo, Iradwikanari', 'Hunt, Adrian', 'Senanayake, Sanjaya D.', 'Li, Hong', 'Chen, Liquan', 'Wang, Chunsheng', 'Xiao, Ruijuan', 'Hu, Enyuan', 'Yang, Xiao-Qing']","['covalency', 'DFT calculation', 'electron localization', 'Li-ion battery cathodes', 'spectroscopy']"
WOS:000532952100001,An Overview of Disability Identification and Special Education Teacher Preparation in Cuba,2021,"['Shelton, Alexandra', 'Kelly, Jerae', 'Sanchez Valdes, Xiomara']","['international special education', 'disabilities', 'education', 'training', 'preparation', 'teacher(s)']"
WOS:000532870700001,Nativity and Cardiovascular Dysregulation: Evidence from the 2001-2016 National Health and Nutrition Examination Survey,2021,"['Doamekpor, Lauren A.', 'Gleason, Jessica L.', 'Opara, Ijeoma', 'Amutah-Onukagha, Ndidiamaka N.']","['Nativity', 'Cardiovascular risk', 'Biomarkers']"
WOS:000532438500001,A Clinical Program for Transgender and Gender-Diverse Neurodiverse/Autistic Adolescents Developed through Community-Based Participatory Design,2021,"['Strang, John F.', 'Knauss, Megan', 'van der Miesen, Anna', 'McGuire, Jenifer K.', 'Kenworthy, Lauren', 'Caplan, Reid', 'Freeman, Andrew', 'Sadikova, Eleonora', 'Zaks, Zosia', 'Pervez, Noor', 'Balleur, Anouk', 'Rowlands, D. W.', 'Sibarium, Ely', 'Willing, Laura', 'McCool, Marissa A.', 'Ehrbar, Randall D.', 'Wyss, Shannon E.', 'Wimms, Harriette', 'Tobing, Joshua', 'Thomas, John', 'Austen, Julie', 'Pine, Elyse', 'Griffin, April D.', 'Janssen, Aron', 'Gomez-Lobo, Veronica', 'Brandt, Abigail', 'Morgan, Colleen', 'Meagher, Haley', 'Gohari, Dena', 'Kirby, Laura', 'Russell, Laura', 'Powers, Meredith D.', 'Anthony, Laura G.']",[]
WOS:000532738500001,The New Ju-Ju: Ijo Masquerades and the Office of War Information in Second World War Nigeria,2021,"['Angle, Caroline']","['Nigeria', 'Office of War Information', 'photography', 'propaganda', 'Second World War', 'United States of America']"
WOS:000534157100001,Trace metal leaching from quarry by-product-stabilized marine sediments,2021,"['Singh, Atul', 'Houlihan, Margaret', 'Dayioglu, Asli Y.', 'Aydilek, Ahmet H.']","['Dredged material', 'metal', 'leaching', 'contaminant transport', 'modeling']"
WOS:000538448000001,Do ADHD Symptoms and Relationship Quality With Mothers and Best Friends Across High School Predict Depressive Symptoms for Adolescents?,2021,"['Meinzer, Michael C.', 'Felton, Julia W.', 'Oddo, Lauren E.', 'Rubin, Kenneth H.', 'Chronis-Tuscano, Andrea']","['ADD', 'ADHD', 'depression', 'parent-child relationships', 'peer relationships']"
WOS:000539195700001,"Dude, Where's My Treatment Effect? Errors in Administrative Data Linking and the Destruction of Statistical Power in Randomized Experiments",2021,"['Tahamont, Sarah', 'Jelveh, Zubin', 'Chalfin, Aaron', 'Yan, Shi', 'Hansen, Benjamin']","['Randomized experiments', 'Administrative data', 'Record linking', 'Machine learning']"
WOS:000543052000001,"Artificial intelligence and the world of work, aco-constitutiverelationship",2021,"['Osterlund, Carsten', 'Jarrahi, Mohammad Hossein', 'Willis, Matt', 'Boyd, Karen', 'Wolf, Christine T.']",[]
WOS:000539861900001,Disability and the Meaning of Social Justice in Teacher Education Research: A Precarious Guest at the Table?,2021,"['Pugach, Marleen C.', 'Matewos, Ananya M.', 'Gomez-Najarro, Joyce']","['disability', 'diversity', 'equity', 'inclusion', 'intersectionality', 'preservice teacher education', 'social justice']"
WOS:000541668100001,Role of orbitofrontal cortex in incubation of oxycodone craving in male rats,2021,"['Altshuler, Rachel D.', 'Yang, Eddy S.', 'Garcia, Kristine T.', 'Davis, Ian R.', 'Olaniran, Adedayo', 'Haile, Meron', 'Razavi, Syrus', 'Li, Xuan']","['Fos', 'incubation of craving', 'orbitofrontal cortex', 'oxycodone', 'relapse', 'self-administration']"
WOS:000545522200001,Decomposing Urban and Rural Disparities of Preventable ED Visits Among Patients With Alzheimer's Disease and Related Dementias: Evidence of the Availability of Health Care Resources,2021,"['Wang, Nianyang', 'Albaroudi, Asmaa', 'Chen, Jie']","['access to care', 'dementia', 'emergency department', 'health disparities', 'preventable hospitalizations']"
WOS:000541629000001,Life cycle cost analysis of a computerized numerical control machine tool: a case study from Indian manufacturing industry,2021,"['Patil, Rajkumar Bhimgonda', 'Kothavale, Basavraj S.', 'Waghmode, Laxman Yadu', 'Pecht, Michael']","['Life cycle cost', 'Reliability', 'Maintainability', 'Computerized numerical control turning center', 'Renewal process', 'Minimal repair process']"
WOS:000545917700003,Older molecular brain age in severe mental illness,2021,"['Lin, Chien-Wei', 'Chang, Lun-Ching', 'Ma, Tianzhou', 'Oh, Hyunjung', 'French, Beverly', 'Puralewski, Rachel', 'Mathews, Fasil', 'Fang, Yusi', 'Lewis, David A.', 'Kennedy, James L.', 'Mueller, Daniel', 'Marshe, Victoria S.', 'Jaffe, Andrew', 'Chen, Qiang', 'Ursini, Gianluca', 'Weinberger, Daniel', 'Newman, Anne B.', 'Lenze, Eric J.', 'Nikolova, Yuliya S.', 'Tseng, George C.', 'Sibille, Etienne']",[]
WOS:000542684400001,"Women's Experiences of Managing Work and End-of-Life Care: Challenges, Rewards and Recommendations for Vocational Psychologists",2021,"[""O'Brien, Karen M."", 'Yang, NaYeon', 'Jankauskaite, Greta']","['unpaid end-of-life care', 'caregiving', 'women', 'caregiver', 'career']"
WOS:000542677600001,<i>C</i><SUP>1</SUP>DEFORMATIONS OF ALMOST GRASSMANNIAN STRUCTURES WITH STRONGLY ESSENTIAL SYMMETRY,2021,"['Cap, Andreas', 'Melnick, Karin']",[]
WOS:000541978100001,Shared leadership development and team performance: A new look at the dynamics of shared leadership,2021,"['Lorinkova, Natalia M.', 'Bartol, Kathryn M.']","['project teams', 'shared leadership', 'team development', 'team performance']"
WOS:000542864500001,From the periphery and toward a centralized model for trust in government risk and disaster communication,2021,"['Liu, Brooke F.', 'Mehta, Amisha M.']","['Crisis communication', 'disasters', 'government', 'risk communication', 'trust']"
WOS:000542336500001,Quantitative analysis of the stacked autoencoder method in MIMO-ACO-OFDM VLC systems,2021,"['Hao, L. L.', 'Li, C. D.', 'Wang, D. Y.']",[]
WOS:000546001100001,The thermal ecology and physiology of reptiles and amphibians: A user's guide,2021,"['Taylor, Emily N.', 'Diele-Viegas, Luisa M.', 'Gangloff, Eric J.', 'Hall, Joshua M.', 'Halpern, Balint', 'Massey, Melanie D.', 'Roedder, Dennis', 'Rollinson, Njal', 'Spears, Sierra', 'Sun, Bao-jun', 'Telemeco, Rory S.']","['climate change', 'critical temperatures', 'lizard', 'methodology', 'temperature', 'thermoregulation']"
WOS:000543541600001,Realizing housing justice through comprehensive housing policy reform,2021,"['Dawkins, Casey']","['Housing justice', 'mortgage interest deduction', 'housing affordability', 'federal housing policy']"
WOS:000545096900001,Using Item Response Theory to Compare Irritability Measures in Early Adolescent and Childhood Samples,2021,"['Dougherty, Lea R.', 'Galano, Maria M.', 'Chad-Friedman, Emma', 'Olino, Thomas M.', 'Bufferd, Sara J.', 'Klein, Daniel N.']","['item response theory', 'IRT', 'irritability', 'measurement', 'assessment']"
WOS:000549226300001,Explaining Variance in Social Symptoms of Children with Autism Spectrum Disorder,2021,"['Alkire, Diana', 'Warnell, Katherine Rice', 'Kirby, Laura Anderson', 'Moraczewski, Dustin', 'Redcay, Elizabeth']","['Autism spectrum disorder', 'Theory of mind', 'Biological motion perception', 'Empathy', 'Social reward', 'Social anxiety']"
WOS:000545923000001,Collective Dynamics of Opposing Groups with Stochastic Communication,2021,"['Jin, Shi', 'Shu, Ruiwen']","['Opinion dynamics', 'Consensus', 'Stochastic communication', 'Collective behavior']"
WOS:000544977200021,DanceSport and Power Values,2021,"['Cheng, Diana', 'Coughlin, Peter']","['DanceSport', 'Power Values', 'Applied Game Theory']"
WOS:000545834600001,"Presidential Elections, Divided Politics, and Happiness in theUSA",2021,"['Pinto, Sergio', 'Bencsik, Panka', 'Chuluun, Tuugi', 'Graham, Carol']",[]
WOS:000545839300001,Sleep Deprivation and Racial Bias in the Decision to Shoot: A Diffusion Model Analysis,2021,"['Johnson, David J.', 'Stepan, Michelle E.', 'Cesario, Joseph', 'Fenn, Kimberly M.']","['decision to shoot', 'racial bias', 'sleep deprivation', 'caffeine', 'diffusion decision model']"
WOS:000545845500001,Evolved predictive vibration control for offshore platforms based on the Lyapunov stability criterion,2021,"['Chen, Tim', 'Kuo, D.', 'Huiwi, M.', 'Gong-Yo, T.', 'Chen, J. C-Y']","['Offshore platform', 'networked control systems', 'time delays', 'packet dropout', 'disordering', 'predictive control']"
WOS:000546565400001,Latinx Families' Extended Household Structures and Child Behavioral Problems across Mother's Immigrant Status in Los Angeles,2021,"['Kang, Jeehye', 'Cohen, Philip N.', 'Chen, Feinian']","['Child behavioral problems', 'Extended household structures', 'Undocumented']"
WOS:000546168100001,Policy and ideology collide: an examination of affirmative action for students of Brazilian public higher education,2021,"['Lee, Justine H.']","['Affirmative action', 'higher education', 'race and education', 'comparative education', 'education policy']"
WOS:000546761700001,CGMBE: a model-based tool for the design and implementation of real-time image processing applications on CPU-GPU platforms,2021,"['Wu, Jiahao', 'Xie, Jing', 'Bardakoff, Alexandre', 'Blattner, Timothy', 'Keyrouz, Walid', 'Bhattacharyya, Shuvra S.']",[]
WOS:000548215300001,Using a modified single-phase model to predict microgravity flow boiling heat transfer in the bubbly flow regime,2021,"['Lebon, Michel T.', 'Hammer, Caleb F.', 'Kim, Jungho']","['Temperature sensitive paints', 'phase change', 'flow boiling', 'gravity', 'heat transfer coefficient']"
WOS:000547824900001,Conceptualizing social-ecological drivers of change in urban forest patches,2021,"['Johnson, Lea R.', 'Johnson, Michelle L.', 'Aronson, Myla F. J.', 'Campbell, Lindsay K.', 'Carr, Megan E.', 'Clarke, Mysha', ""D'Amico, Vincent"", 'Darling, Lindsay', 'Erker, Tedward', 'Fahey, Robert T.', 'King, Kristen L.', 'Lautar, Katherine', 'Locke, Dexter H.', 'Morzillo, Anita T.', 'Pincetl, Stephanie', 'Rhodes, Luke', 'Schmit, John Paul', 'Scott, Lydia', 'Sonti, Nancy F.']","['Urban woodland', 'Social-ecological system', 'Drivers of change', 'Urban landscape', 'Interdisciplinary research', 'Conceptual model']"
WOS:000548296900001,Voting for Militants: Rebel Elections in Civil War,2021,"['Cunningham, Kathleen Gallagher', 'Huang, Reyko', 'Sawyer, Katherine M.']","['civil wars', 'rebellion', 'rebel governance', 'conflict']"
WOS:000548037100001,English Learners and High School Graduation: A Pattern-Centered Approach to Understand within-Group Variations,2021,"['Zaff, Jonathan F.', 'Margolius, Max', 'Varga, Shannon M.', 'Lynch, Alicia D.', 'Tang, Catalina', 'Donlan, Alice E.']",[]
WOS:000549258800007,Preserving Statistical Privacy in Distributed Optimization,2021,"['Gupta, Nirupam', 'Gade, Shripad', 'Chopra, Nikhil', 'Vaidya, Nitin H.']","['Statistical privacy', 'distributed optimization', 'large-scale systems', 'sensor networks']"
WOS:000549581200001,"""Newsrooms need the metoo movement."" Sexism and the press in Kenya, South Africa, and Nigeria",2021,"['Blumell, Lindsey E.', 'Mulupi, Dinfin']","['Sexual harassment', 'Kenya', 'South Africa', 'Nigeria', 'ambivalent sexism']"
WOS:000551517500001,Arithmetic knowledge from the spontaneous attention to relations,2021,"['Prather, Richard']","['arithmetic', 'numerical cognition', 'parent talk', 'SFON', 'SFOR']"
WOS:000551339800001,Influenza A (H3) illness and viral aerosol shedding from symptomatic naturally infected and experimentally infected cases,2021,"['de Mesquita, Paul Jacob Bueno', 'Nguyen-Van-Tam, Jonathan', 'Killingley, Ben', 'Enstone, Joanne', 'Lambkin-Williams, Robert', 'Gilbert, Anthony S.', 'Mann, Alexander', 'Forni, John', 'Yan, Jing', 'Pantelic, Jovan', 'Grantham, Michael L.', 'Milton, Donald K.']","['experimental inoculation', 'human challenge model', 'influenza symptomatology', 'influenza transmission', 'propensity scores', 'Viral aerosols', 'viral shedding']"
WOS:000550525600001,Impacts of an egg complementary feeding trial on energy intake and dietary diversity in Malawi,2021,"['Lutter, Chessa K.', 'Caswell, Bess L.', 'Arnold, Charles D.', 'Iannotti, Lora L.', 'Maleta, Kenneth', 'Chipatala, Raphael', 'Prado, Elizabeth L.', 'Stewart, Christine P.']","['childhood diet', 'complementary feeding', 'complementary foods', 'dietary intake assessment', 'infant and child nutrition', 'randomized controlled trial']"
WOS:000550586800001,A Three-Tiered Model for Addressing the Mental Health Needs of Immigrant-Origin Youth in Schools,2021,"['Arora, Prerna G.', 'Alvarez, Kiara', 'Huang, Cindy', 'Wang, Cixin']","['Immigrant', 'Youth', 'School', 'Mental health']"
WOS:000713331000001,Service Quality Using Text Mining: Measurement and Consequences,2021,"['Mejia, Jorge', 'Mankad, Shawn', 'Gopal, Anandasivam']","['service quality', 'word of mouth', 'business survival', 'econometrics', 'text analysis', 'machine learning']"
WOS:000555429100001,COVID-19 and the gender gap in work hours,2021,"['Collins, Caitlyn', 'Landivar, Liana Christin', 'Ruppanner, Leah', 'Scarborough, William J.']","['COVID-19', 'family', 'gender', 'motherhood', 'work']"
WOS:000551358200001,Modernizing Marriage: Balancing the Benefits and Liabilities of Bridewealth in Rural South Africa,2021,"['Sennott, Christie', 'Madhavan, Sangeetha', 'Nam, Youngeun']","['Marriage', 'Bridewealth', 'South Africa', 'Culture', 'Political economy']"
WOS:000550959100001,Illness spillovers of lethal police violence: the significance of gendered marginalization,2021,"['Sewell, Alyasah Ali', 'Feldman, Justin M.', 'Ray, Rashawn', 'Gilbert, Keon L.', 'Jefferson, Kevin A.', 'Lee, Hedwig']","['Police brutality', 'health', 'neighbourhoods', 'gender', ""women's health"", 'police violence']"
WOS:000550965000001,Induction and the Glue of the World,2021,"['Bhogal, Harjit']","['Humeanism', 'laws of nature', 'induction', 'explanation']"
WOS:000553077300001,Supporting Main Idea Identification and Text Summarization in Middle School Co-Taught Classes,2021,"['Shelton, Alexandra', 'Lemons, Christopher J.', 'Wexler, Jade']","['learning strategies', 'academic', 'adolescence', 'age', 'and co-teaching', 'collaboration', 'instruction', 'content area', 'comprehension', 'reading']"
WOS:000553200900001,Open communication of Duchenne muscular dystrophy facilitates disclosure process by parents to unaffected siblings,2021,"['Sulmonte, Laura A. G.', 'Bisordi, Katharine', 'Ulm, Elizabeth', 'Nusbaum, Rachel']","['communication', 'disclosure', 'Duchenne muscular dystrophy', 'parents', 'unaffected siblings']"
WOS:000551969500001,"#PolarizedFeeds: Three Experiments on Polarization, Framing, and Social Media",2021,"['Banks, Antoine', 'Calvo, Ernesto', 'Karol, David', 'Telhami, Shibley']","['social media', 'polarization', 'political polarization', 'framing', 'Twitter']"
WOS:000551745000001,Are large firms born or made? Evidence from developing countries,2021,"['Ayyagari, Meghana', 'Demirguc-Kunt, Asli', 'Maksimovic, Vojislav']","['SMEs', 'Firm life cycle', 'Initial conditions']"
WOS:000553833700001,Computed tomography angiography as an adjunct to computational fluid dynamics for prediction of oxygenator thrombus formation,2021,"['Conway, Robert G.', 'Zhang, Jiafeng', 'Jeudy, Jean', 'Evans, Charles', 'Li, Tieluo', 'Wu, Zhongjun Jon', 'Griffith, Bartley P.']","['oxygenator thrombosis', 'oxygenator flow', 'oxygenator imaging', 'extracorporeal membrane oxygenation thrombus', 'oxygenator clot']"
WOS:000552266300001,A Cross-Layer Optimal Co-Design of Control and Networking in Time-Sensitive Cyber-Physical Systems,2021,"['Mamduhi, Mohammad H.', 'Maity, Dipankar', 'Baras, John S.', 'Johansson, Karl Henrik']","['Cross-layer optimal design', 'cyber-physical systems', 'latency-varying services']"
WOS:000553183500001,Advanced Nanowood Materials for the Water-Energy Nexus,2021,"['Chen, Xi', 'Zhu, Xiaobo', 'He, Shuaiming', 'Hu, Liangbing', 'Ren, Zhiyong Jason']","['membranes', 'nanocellulose', 'nanowood', 'resource recovery', 'water', 'water-energy nexus']"
WOS:000552913200001,Using the Ecological Systems Theory to Understand Black/White Disparities in Maternal Morbidity and Mortality in the United States,2021,"['Noursi, Samia', 'Saluja, Bani', 'Richey, Leah']","['Racial disparity', 'Maternal morbidity', 'Maternal mortality', 'Maternal health', 'Ecological systems theory']"
WOS:000552295700001,Riemannian Newton and trust-region algorithms for analytic rotation in exploratory factor analysis,2021,"['Liu, Yang']","['exploratory factor analysis', 'analytic rotation', 'Riemannian optimization', 'matrix manifold', 'truncated Newton algorithm', 'trust-region algorithm', 'conjugate gradient algorithm', 'gradient projection algorithm', 'gradient descent algorithm']"
WOS:000553065700001,Individualizing Literacy Instruction in Co-Taught Classrooms Through a Station Teaching Model,2021,"['Lyon, Cheryl P.', 'Hogan, Erin K.', 'Kearns, Devin M.']","['reading comprehension', 'content area instruction', 'individualization', 'station teaching', 'co-teaching']"
WOS:000552708400001,Marital Status and Depressive Symptoms in African Americans: The Moderating Role of Social and Religious Resources,2021,"['Williams, Beverly Rosa', 'Williams, Randi M.', 'Clark, Eddie M.', 'Park, Crystal L.', 'Schulz, Emily', 'Ghosh, Debarchana', 'Knott, Cheryl L.']","['religion', 'race', 'ethnicity', 'gender and family', 'culture', 'family processes']"
WOS:000553227700001,Sentence-Level Gist: Literacy Instruction for Students With Learning Disabilities in Co-Taught Classrooms,2021,"['Pollack, Marney S.', 'Shelton, Alexandra', 'Clancy, Erin', 'Lemons, Christopher J.']","['comprehension', 'reading', 'co-teaching', 'collaboration for students with mild disabilities', 'inclusion', 'intervention(s)', 'learning disabilities']"
WOS:000553400600001,Iterated differential polynomial rings over locally nilpotent rings,2021,"['Jin, Steven', 'Shin, Jooyoung']","['Behrens radical', 'differential polynomial ring', 'locally nilpotent ring']"
WOS:000553588500001,Helping teachers make equitable decisions: effects of the TEC Rubric on teachers' evaluations of a computing curriculum,2021,"['Coenraad, Merijke', 'Hopcraft, Connor', 'Jozefowicz, Jane', 'Franklin, Diana', 'Palmer, Jen', 'Weintrop, David']","['Computer science education', 'rubrics', 'equity', 'K-12']"
WOS:000554669800001,An experimental study of teachers' evaluations regarding peer exclusion in the classroom,2021,"['Kollerova, Lenka', 'Killen, Melanie']","['adolescence', 'bullying', 'morality', 'peer exclusion', 'teachers']"
WOS:000561463500001,"The US Racial Structure and Ethno-Racial Inequality in Urban Neighborhood Crime, 2010-2013",2021,"['Krivo, Lauren J.', 'Lyons, Christopher J.', 'Velez, Maria B.']","['ethno-racial inequality', 'crime', 'violence', 'racial structure', 'neighborhoods']"
WOS:000555430300001,Bi-objective mountain railway alignment optimization incorporating seismic risk assessment,2021,"['Song, Taoran', 'Pu, Hao', 'Schonfeld, Paul', 'Zhang, Hong', 'Li, Wei', 'Hu, Jianping', 'Wang, Jie', 'Wang, Jianxi']",[]
WOS:000555235400001,Factors influencing existing medium-sized commercial building energy retrofits to achieve the net zero energy goal in the United States,2021,"['Hu, Ming', 'Milner, David']","['Net zero energy retrofit', 'physical', 'technical', 'environmental', 'economic']"
WOS:000555280200001,Narrow H3K4me2 is required for chicken PGC formation,2021,"['Zhang, Chen', 'Zuo, Qisheng', 'Wang, Man', 'Chen, Hao', 'He, Nana', 'Jin, Jing', 'Li, Tingting', 'Jiang, Jingyi', 'Yuan, Xia', 'Li, Jiancheng', 'Shi, Xiang', 'Zhang, Ming', 'Bai, Hao', 'Zhang, Yang', 'Xu, Qi', 'Cui, Hengmi', 'Chang, Guobin', 'Song, Jiuzhou', 'Sun, Hongyan', 'Zhang, Yani', 'Chen, Guohong', 'Li, Bichun']","['Bmp4', 'chicken', 'narrow', 'primordial germ cells']"
WOS:000555579900001,From Social Science Research to Engineering Practice: Development of a Short Message Creation Tool for Wildfire Emergencies,2021,"['Doermann, Jessica L.', 'Kuligowski, Erica D.', 'Milke, James']","['Wildfire', 'Emergency communication', 'Social science', 'Human behavior', 'Wireless emergency alert', 'Short message alert', 'Fire engineering']"
WOS:000556283200001,ON THE RICCI ITERATION FOR HOMOGENEOUS METRICS ON SPHERES AND PROJECTIVE SPACES,2021,"['Buttsworth, T.', 'Pulemotov, A.', 'Rubinstein, Y. A.', 'Ziller, W.']",[]
WOS:000556306500001,Relative Contribution of Verbal Working Memory and Attention to Child Language,2021,"['Chow, Jason C.', 'Ekholm, Eric', 'Bae, Christine L.']","['language', 'cognitive ability', 'elementary']"
WOS:000556311200001,Preparing to Implement Evidence-Based Literacy Practices in the Co-taught Classroom,2021,"['Wexler, Jade', 'Kearns, Devin M.', 'Hogan, Erin', 'Clancy, Erin', 'Shelton, Alexandra']","['adolescents', 'coteaching', 'literacy', 'professional development']"
WOS:000556486100001,The Dilemma of Correcting Nicotine Misperceptions: Nicotine Replacement Therapy versus Electronic Cigarettes,2021,"['Shi, Rui', 'Feldman, Robert', 'Liu, Jiaying', 'Clark, Pamela I.']",[]
WOS:000556751800001,Activated carbon column adsorption of compounds that mimic urban stormwater dissolved organic nitrogen,2021,"['Mohtadi, Mehrdad', 'James, Bruce R.', 'Davis, Allen P.']","['bioretention', 'column adsorption', 'eutrophication', 'organic nitrogen', 'runoff', 'stormwater']"
WOS:000557414400001,Chemical composition and pharmacological properties of<i>Macaranga</i>-type Pacific propolis: A review,2021,"['Shahinozzaman, Md', 'Obanda, Diana N.', 'Tawata, Shinkichi']","['bee product', 'herbal therapeutics', 'Macaranga-type propolis', 'p21-activated kinase 1', 'Pacific propolis']"
WOS:000557296600003,"Victimization, Substance Use, Depression, and Sexual Risk in Adolescent Males Who Have Sex with Males: A Syndemic Latent Profile Analysis",2021,"['Turpin, Rodman E.', 'Salerno, John P.', 'Rosario, Andre D.', 'Boekeloo, Bradley']","['Adolescents', 'MSM', 'Syndemic', 'Mental health', 'Sexual risk', 'Sexual orientation']"
WOS:000562351500003,Fluctuations in Jupiter's equatorial stratospheric oscillation,2021,"['Antunano, Arrate', 'Cosentino, Richard G.', 'Fletcher, Leigh N.', 'Simon, Amy A.', 'Greathouse, Thomas K.', 'Orton, Glenn S.']",[]
WOS:000558510500001,High pressure semibatch emulsion and miniemulsion copolymerization of vinyl acetate and ethylene,2021,"['Narayanan, Manu', 'Choi, Kyu Yong']","['addition polymerization', 'copolymers', 'emulsion polymerization']"
WOS:000558346500001,The Contingent Value of Political Connections on Donations to Chinese Foundations: Exploring the Moderating Role of Transparency,2021,"['Cheng, Yuan', 'Wu, Zhongsheng']","['political connections', 'transparency', 'private donations', 'moderation effect', 'Chinese foundations']"
WOS:000558401300001,Geoenvironmental behavior of lime-treated marine sediments,2021,"['Deshmukh, Aditya S.', 'Dayioglu, Asli Y.', 'Aydilek, Ahmet H.']","['Marine sediments', 'dredging', 'metals', 'leaching', 'contaminant transport']"
WOS:000558154200001,Piecewise latent growth models: beyond modeling linear-linear processes,2021,"['Harring, Jeffrey R.', 'Strazzeri, Marian M.', 'Blozis, Shelley A.']","['Multiphase', 'Spline', 'Structured latent curve model', 'Conditionally-linear growth models']"
WOS:000558582200001,Cross-Linguistic Perceptual Categorization of the Three Corner Vowels: Effects of Listener Language and Talker Age,2021,"['Chung, Hyunju', 'Munson, Benjamin', 'Edwards, Jan']","['Cross-linguistic study', 'vowel perception', 'child speech']"
WOS:000559149900001,The impact of taxes and wasteful government spending on giving,2021,"['Sheremeta, Roman M.', 'Uler, Neslihan']","['Charitable giving', 'Tax', 'Waste', 'Redistribution', 'Experiment', 'Public goods provision', 'Neutrality', 'Income inequality']"
WOS:000558968300001,"Does intra-disciplinary historic preservation scholarship address the exigent issues of practice? Exploring the character and impact of preservation knowledge production in relation to critical heritage studies, equity, and social justice",2021,"['Wells, Jeremy C.']","['Historic preservation', 'episteme', 'critical heritage studies', 'faculty productivity', 'social justice and equity']"
WOS:000559159300001,Mechanics Design in Cellulose-Enabled High-Performance Functional Materials,2021,"['Ray, Upamanyu', 'Zhu, Shuze', 'Pang, Zhenqian', 'Li, Teng']","['cellulose', 'functional materials', 'hydrogen bonding', 'mechanics design', 'structure-mechanics relations']"
WOS:000559726500002,"Lifetime Burden of Incarceration and Violence, Internalized Homophobia, and HIV/STI Risk Among Black Men Who Have Sex with Men in the HPTN 061 Study",2021,"['Severe, MacRegga', 'Scheidell, Joy D.', 'Dyer, Typhanye, V', 'Brewer, Russell A.', 'Negri, Alberta', 'Turpin, Rodman E.', 'Young, Kailyn E.', 'Hucks-Ortiz, Christopher', 'Cleland, Charles M.', 'Mayer, Kenneth H.', 'Khan, Maria R.']","['Incarceration', 'Violence', 'HIV', 'STI', 'MSM']"
WOS:000560355400001,Lithium/Sulfide All-Solid-State Batteries using Sulfide Electrolytes,2021,"['Wu, Jinghua', 'Liu, Sufu', 'Han, Fudong', 'Yao, Xiayin', 'Wang, Chunsheng']","['all-solid-state lithium batteries', 'sulfide electrolytes', 'sulfide cathodes', 'lithium-sulfur batteries']"
WOS:000560765200001,High-Level Motor Planning Assessment During Performance of Complex Action Sequences in Humans and a Humanoid Robot,2021,"['Hauge, Theresa C.', 'Katz, Garrett E.', 'Davis, Gregory P.', 'Huang, Di-Wei', 'Reggia, James A.', 'Gentili, Rodolphe J.']","['Cognitive-motor control and learning', 'High-level motor planning', 'Humanoid robot', 'Human', 'Imitation', 'Action sequence']"
WOS:000560853700001,What's different about the environment? Environmental INGOs in comparative perspective,2021,"['Hadden, Jennifer', 'Bush, Sarah Sunn']","['NGOs', 'networks', 'social movements', 'institutionalization', 'North-South divide', 'collaboration']"
WOS:000561288300001,"Racism, stress and health in Asian Americans: A structural equation analysis of mediation and social support group differences",2021,"['Kim, HaeDong', 'Epstein, Norman B.']","['Asian Americans', 'mental health', 'physical health', 'racial', 'ethnic', 'and cultural factors in health', 'social support', 'stress']"
WOS:000561973100004,Generalized sparse filtering for rotating machinery fault diagnosis,2021,"['Cheng, Chun', 'Hu, Yan', 'Wang, Jinrui', 'Liu, Haining', 'Pecht, Michael']","['Intelligent fault diagnosis', 'Sparse filtering', 'Unsupervised feature learning', 'Rotating machinery']"
WOS:000565972300001,RPW8.1 enhances the ethylene-signaling pathway to feedback-attenuate its mediated cell death and disease resistance in<i>Arabidopsis</i>,2021,"['Zhao, Zhi-Xue', 'Feng, Qin', 'Liu, Peng-Qiang', 'He, Xiao-Rong', 'Zhao, Jing-Hao', 'Xu, Yong-Ju', 'Zhang, Ling-Li', 'Huang, Yan-Yan', 'Zhao, Ji-Qun', 'Fan, Jing', 'Li, Yan', 'Xiao, Shunyuan', 'Wang, Wen-Ming']","['ACO4', 'EIN3', 'EIL1', 'ERF016', 'ERF6', 'ethylene signaling', 'ORA59', 'powdery mildew', 'RPW8', '1']"
WOS:000562452100001,The Impact of Music Practice Instruction on Middle School Band Students' Independent Practice Behaviors,2021,"['Prichard, Stephanie']","['middle school band', 'practice', 'self-regulation', 'behavior']"
WOS:000562389400001,When guiding principles do not guide: The moderating effects of cultural tightness on value-behavior links,2021,"['Elster, Andrey', 'Gelfand, Michele J.']","['behavior', 'culture', 'individual differences', 'personal values', 'social norms']"
WOS:000567806200001,Naturally occurring language as a source of evidence in suicide prevention,2021,"['Resnik, Philip', 'Foreman, April', 'Kuchuk, Michelle', 'Musacchio Schafer, Katherine', 'Pinkham, Beau']",[]
WOS:000563602000001,Measuring Inconsistency in Some Logics with Modal Operators,2021,"['Grant, John']","['Inconsistency measure', 'Modal operator', 'Standard frame']"
WOS:000563672900001,A Team-Based Collaborative Care Model for Youth With Attention-Deficit Hyperactivity Disorder in Education and Health Care Settings,2021,"['Talbott, Elizabeth', 'De Los Reyes, Andres', 'Power, Thomas J.', 'Michel, Jeremy J.', 'Racz, Sarah Jensen']","['ADD', 'ADHD', 'disorders', 'disabilities', 'interagency', 'collaboration', 'integrated', 'services of care', 'system(s)', 'implementation science']"
WOS:000564097700001,The dawn of a new synthetic opioid era: the need for innovative interventions,2021,"['Pardo, Bryce', 'Taylor, Jirka', 'Caulkins, Jon', 'Reuter, Peter', 'Kilmer, Beau']","['Drug markets', 'fentanyl', 'heroin', 'opioids', 'overdose', 'synthetic opioids']"
WOS:000564122600001,Riding the Energy Transition: Oil beyond 2040,2021,"['Cherif, Reda', 'Hasanov, Fuad', 'Pande, Aditya']","['electric vehicle', 'energy transition', 'oil price', 'renewable energy', 'Q02', 'Q40', 'O33']"
WOS:000564332700001,The hopeful dimension of locomotion orientation: Implications for psychological well-being,2021,"['Di Santo, Daniela', 'Baldner, Conrad', 'Aiello, Antonio', 'Kruglanski, Arie W.', 'Pierro, Antonio']","['Hope', 'hopeful thinking', 'regulatory mode', 'locomotion', 'psychological well-being']"
WOS:000569755500001,Optical follow-up of the neutron star-black hole mergers S200105ae and S200115j,2021,"['Anand, Shreya', 'Coughlin, Michael W.', 'Kasliwal, Mansi M.', 'Bulla, Mattia', 'Ahumada, Tomas', 'Sagues Carracedo, Ana', 'Almualla, Mouza', 'Andreoni, Igor', 'Stein, Robert', 'Foucart, Francois', 'Singer, Leo P.', 'Sollerman, Jesper', 'Bellm, Eric C.', 'Bolin, Bryce', 'Caballero-Garcia, M. D.', 'Castro-Tirado, Alberto J.', 'Cenko, S. Bradley', 'De, Kishalay', 'Dekany, Richard G.', 'Duev, Dmitry A.', 'Feeney, Michael', 'Fremling, Christoffer', 'Goldstein, Daniel A.', 'Golkhou, V. Zach', 'Graham, Matthew J.', 'Guessoum, Nidhal', 'Hankins, Matthew J.', 'Hu, Youdong', 'Kong, Albert K. H.', 'Kool, Erik C.', 'Kulkarni, S. R.', 'Kumar, Harsh', 'Laher, Russ R.', 'Masci, Frank J.', 'Mroz, Przemek', 'Nissanke, Samaya', 'Porter, Michael', 'Reusch, Simeon', 'Riddle, Reed', 'Rosnet, Philippe', 'Rusholme, Ben', 'Serabyn, Eugene', 'Sanchez-Ramirez, R.', 'Rigault, Mickael', 'Shupe, David L.', 'Smith, Roger', 'Soumagnac, Maayane T.', 'Walters, Richard', 'Valeev, Azamat F.']",[]
WOS:000564984400001,Straight and curved disclinations and dislocation equivalents,2021,"['Hirth, J. P.', 'Armstrong, R. W.']","['Dislocations', 'disclinations']"
WOS:000565857000001,"Ecological sustainability assessment of the carbon footprint in Fujian Province, southeast China",2021,"['Zeng, Jingyu', 'Zhang, Rongrong', 'Tang, Jia', 'Liang, Jingchen', 'Li, Jinghan', 'Zeng, Yue', 'Li, Yefan', 'Zhang, Qing', 'Shui, Wei', 'Wang, Qianfeng']","['Fujian Province', 'carbon emission', 'carbon footprint', 'ecological index', 'sustainable development']"
WOS:000565027100001,Maximin share guarantee for goods with positive externalities,2021,"['Seddighin, Masoud', 'Saleh, Hamed', 'Ghodsi, Mohammad']",[]
WOS:000565122300001,Methods for Employing Information About Uncertainty of Ascertainment of Events in Clinical Trials,2021,"['Chen, Yiming', 'Lawrence, John', 'Hung, H. M. James', 'Stockbridge, Norman']","['Adjudication', 'Multiple imputation', 'Dichotomous endpoint', 'Event uncertainty']"
WOS:000565746900001,"An Aristotelian Defence of Affirmative Action: Alasdair MacIntyre, Sandra Day O'Connor and<i>Grutter v. Bollinger</i>",2021,"['Dhingra, Neil', 'Scribner, Campbell']",[]
WOS:000566154200001,Can a Domain-General Spatial Intervention Facilitate Children's Science Learning? A Lesson From Astronomy,2021,"['Bower, Corinne A.', 'Liben, Lynn S.']",[]
WOS:000566925500001,"Common Ingroup Identity, Perceived Similarity, and Communal Interracial Relationships",2021,"['Lemay, Edward P., Jr.', 'Ryan, Joshua E.']","['interracial relationships', 'communal relationships', 'recategorization', 'common ingroup identity', 'prosocial behavior']"
WOS:000567041700001,"A longitudinal investigation of racial discrimination, distress intolerance, and psychological well-being in African American college students",2021,"['Le, Thomas P.', 'Iwamoto, Derek K.', 'Burke, Lindsey A.']","['African American college students', 'distress intolerance', 'minority stress', 'psychological well-being', 'racial discrimination']"
WOS:000566706900001,Social capital determinants and labor market networks,2021,"['Asquith, Brian', 'Hellerstein, Judith K.', 'Kutzbach, Mark J.', 'Neumark, David']","['labor market networks', 'nonprofits', 'social capital']"
WOS:000566542900001,Predictors of Older Adult Adherence With Emergency Department Discharge Instructions,2021,"['Benjenk, Ivy', 'DuGoff, Eva H.', 'Jacobsohn, Gwen C.', 'Cayenne, Nia', 'Jones, Courtney M. C.', 'Caprio, Thomas V.', 'Cushman, Jeremy T.', 'Green, Rebecca K.', 'Kind, Amy J. H.', 'Lohmeier, Michael', 'Mi, Ranran', 'Shah, Manish N.']",[]
WOS:000567634500001,Weighted target set selection on trees and cycles,2021,"['Raghavan, S.', 'Zhang, Rui']","['cycles', 'influence maximization', 'integer programming', 'polytope', 'social networks', 'trees']"
WOS:000567292200001,Intraspecific variation in tree growth responses to neighbourhood composition and seasonal drought in a tropical forest,2021,"['Yang, Jie', 'Song, Xiaoyang', 'Zambrano, Jenny', 'Chen, Yuxin', 'Cao, Min', 'Deng, Xiaobao', 'Zhang, Wenfu', 'Yang, Xiaofei', 'Zhang, Guocheng', 'Tang, Yong', 'Swenson, Nathan G.']","['drought', 'functional traits', 'integrative traits', 'neighbourhood interactions']"
WOS:000566631900001,Improved modeling and analysis of the patch size-frequency distribution of forest disturbances in China based on a Landsat forest cover change product,2021,"['Song, Dan-Xia', 'Huang, Chengquan', 'He, Tao', 'Sexton, Joseph O.', 'Li, Ainong', 'Li, Sike', 'Wu, Hao', 'Townshend, John R.']","['Forest disturbance', 'patch size', 'remote sensing', 'forestry']"
WOS:000567485000001,At What Cost? Reexamining Audience Costs in Realistic Settings,2021,"['Croco, Sarah E.', 'Hanmer, Michael J.', 'McDonald, Jared A.']","['audience costs', 'flip-flops', 'foreign policy', 'electoral accountability', 'experiments']"
WOS:000567568600001,Functionalized carbon-based nanomaterials and quantum dots with antibacterial activity: a review,2021,"['Alavi, Mehran', 'Jabari, Erfan', 'Jabbari, Esmaiel']","['Bacterial infections', 'antibiotic resistance', 'graphene oxide quantum dot', 'graphene quantum dots', 'carbon quantum dot', 'carbon nanotube', 'photodynamic therapy']"
WOS:000567578800001,Pan-RNA editing analysis of the bovine genome,2021,"['Cai, Wentao', 'Shi, Lijun', 'Cao, Mingyue', 'Shen, Dan', 'Li, Junya', 'Zhang, Shengli', 'Song, Jiuzhou']","['RNA editing', 'A-to-G edited clusters', 'bovine', 'repetitive elements', 'BovB-derived SINEs', 'ADAR']"
WOS:000574680800001,Understanding Intimate Partner Violence among Immigrant and Refugee Women: A Grounded Theory Analysis,2021,"['Njie-Carr, Veronica P. S.', 'Sabri, Bushra', 'Messing, Jill T.', 'Suarez, Cecilia', 'Ward-Lasher, Allison', 'Wachter, Karin', 'Marea, Christina X.', 'Campbell, Jacquelyn']","['Acculturation', 'domestic violence', 'resilience', 'safety']"
WOS:000568088100001,BIM-enabled construction innovation through collaboration: a mixed-methods systematic review,2021,"['Liu, Hui', 'Skibniewski, Miroslaw J.', 'Ju, Qianqian', 'Li, Junjie', 'Jiang, Hongbing']","['Building information modeling (BIM)', 'Construction innovation', 'Collaboration', 'Mixed-methods systematic review']"
WOS:000568410600001,"""Race was something we didn't talk about"": Racial Socialization in Asian American Families",2021,"['Young, Jennifer L.', 'Kim, HaeDong', 'Golojuch, Laura']","['Asian American families', 'intergenerational communication', 'qualitative research', 'racial socialization', 'young adults']"
WOS:000568260000001,Protective neighboring effect from ash trees treated with systemic insecticide against emerald ash borer,2021,"['de Andrade, Rafael B.', 'Abell, Kristopher', 'Duan, Jian J.', 'Shrewsbury, Paula', 'Gruner, Daniel S.']","['pest management', 'emamectin benzoate', 'invasive species', 'Agrilus planipennis', 'Fraxinussp']"
WOS:000568775800001,Dynamical downscaling simulation of the East Asian summer monsoon in a regionalClimate-WeatherResearch and Forecasting model,2021,"['Li, Qingquan', 'Wang, Tao', 'Wang, Fang', 'Liang, Xin-Zhong', 'Zhao, Chongbo', 'Dong, Lili', 'Zhao, Chunyu', 'Xie, Bing']","['CWRF', 'dynamical downscaling', 'east Asian summer monsoon', 'land-ocean thermal contrast', 'regional climate model']"
WOS:000568486600001,Important Factors for Evidence-Based Implementation in Child Welfare Settings: A Systematic Review,2021,"['Weeks, Angela']","['Implementation science', 'implementation frameworks', 'Evidence Based Practices', 'implementation strategies', 'research-supported interventions child welfare', 'foster care', 'and social services']"
WOS:000572658700001,Traits mediate a trade-off in seedling growth response to light and conspecific density in a diverse subtropical forest,2021,"['Song, Xiaoyang', 'Yang, Jie', 'Cao, Min', 'Lin, Luxiang', 'Sun, Zhenhua', 'Wen, Handong', 'Swenson, Nathan G.']","['Ailaoshan', 'China', 'determinants of plant community diversity and structure', 'functional traits', 'heterospecific', 'Janzen-Connell hypothesis', 'relative growth rate']"
WOS:000569115000001,The Evolution of Authoritarianism and Restrictionism in Brazilian Immigration Policy: Jair Bolsonaro in Historical Perspective,2021,"['Filomeno, Felipe A.', 'Vicino, Thomas J.']","['authoritarianism', 'Brazil', 'immigration', 'immigration policy', 'Jair Bolsonaro', 'liberal democracy']"
WOS:000569291100001,Analytical solution of deflection of multi-cracked beams on elastic foundations under arbitrary boundary conditions using a diffused stiffness reduction crack model,2021,"['Zhao, Xingzhuang']","['Laplace transform', 'Shape function', 'Elastic boundary condition', 'Structural health monitoring', 'Variational iteration method']"
WOS:000569409600001,Ammonia capture with biogas purification from anaerobically digested poultry litter,2021,"['Witarsa, Freddy', 'Lupitskyy, Robert', 'Moss, Andrew', 'Kulow, Anna', 'Lansing, Stephanie']","['anaerobic digestion', 'biogas', 'biomass', 'recovery', 'separation', 'reactor design']"
WOS:000570010200001,Toward Mobility Justice: Linking Transportation and Education Equity in the Context of School Choice,2021,"['Bierbaum, Ariel H.', 'Karner, Alex', 'Barajas, Jesus M.']","['accessibility', 'education equity', 'mobility justice', 'school choice', 'transportation equity']"
WOS:000570014000001,Effect of Self-Controlled Practice on Neuro-Cortical Dynamics During the Processing of Visual Performance Feedback,2021,"['Jaquess, Kyle J.', 'Lu, Yingzhi', 'Ginsberg, Andrew', 'Kahl, Steven, Jr.', 'Lu, Calvin', 'Ritland, Bradley', 'Gentili, Rodolphe J.', 'Hatfield, Bradley D.']","['motor learning', 'motor performance', 'practice', 'visual feedback']"
WOS:000569545900001,Macrophages and the maintenance of homeostasis,2021,"['Mosser, David M.', 'Hamidzadeh, Kajal', 'Goncalves, Ricardo']","['Macrophages', 'polarization', 'cytokines', 'development', 'inflammation']"
WOS:000570919700001,An Improbable Journey: The Career and Influence of Puncky P. Heppner,2021,"['Neville, Helen A.', 'Wang, Yu-Wei']","['problem-solving', 'mentoring', 'leadership', 'cultural humility']"
WOS:000570426400001,"Beyond ""who pays?"": stadium development and urban governance",2021,"['Friedman, Michael T.', 'Beissel, Adam S.']","['Baseball stadiums', 'Urban development', 'Sports facility subsidization', 'Sport policy', 'Keynesianism', 'Neoliberalism', 'Network governance']"
WOS:000570605600001,Rebel Leader Ascension and Wartime Sexual Violence,2021,"['Sawyer, Katherine', 'Bond, Kanisha D.', 'Cunningham, Kathleen Gallagher']","['civil war', 'sexual violence', 'rebel leaders', 'elections']"
WOS:000571661900001,Adaptive magnetorheological energy absorber control method for drop-induced shock mitigation,2021,"['Wang, Mukai', 'Chen, Zhaobo', 'Wereley, Norman M.']","['Shock mitigation', 'magnetorheological energy absorber', 'minimum duration deceleration exposure control', 'optimal Bingham number']"
WOS:000571550700001,Emotional distractors and attentional control in anxious youth: eye tracking and fMRI data,2021,"['Smith, Ashley R.', 'Haller, Simone P.', 'Haas, Sara A.', 'Pagliaccio, David', 'Behrens, Brigid', 'Swetlitz, Caroline', 'Bezek, Jessica L.', 'Brotman, Melissa A.', 'Leibenluft, Ellen', 'Fox, Nathan A.', 'Pine, Daniel S.']","['Attention', 'threat', 'anxiety', 'neuroimaging', 'development']"
WOS:000489390600001,Teen Mothers' Family Support and Adult Identity in the Emerging Adulthood: Implications for Socioeconomic Attainment Later in Life,2022,"['Assini-Meytin, Luciana C.', 'Garza, Mary A.', 'Green, Kerry M.']","['adolescent health', 'teen parenting', 'longitudinal study', 'social support', 'adult identity profiles']"
WOS:000498322700001,Titling Practices and Their Implications in Communication Research 1970-2010: Cutesy Cues Carry Citation Consequences,2022,"['Keating, David M.', 'Richards, Adam S.', 'Palomares, Nicholas A.', 'Banas, John A.', 'Joyce, Nick', 'Rains, Stephen A.']","['communication research', 'citation rates', 'stylistic cues', 'message effects']"
WOS:000505449100001,Rate-Independent Linear Damping for the Improved Seismic Performance of Inter-Story Isolated Structures,2022,"['Keivan, Ashkan', 'Zhang, Ruiyang', 'Keivan, Darioush', 'Phillips, Brian M.', 'Ikenaga, Masahiro', 'Ikago, Kohju']","['Rate-independent linear damping', 'inter-story isolation', 'semi-active control', 'real-time hybrid simulation', 'shake table testing']"
WOS:000516922700001,Substance use and mental health problems among graduate students: Individual and program-level correlates,2022,"['Allen, Hannah K.', 'Lilly, Flavius', 'Green, Kerry M.', 'Zanjani, Faika', 'Vincent, Kathryn B.', 'Arria, Amelia M.']","['Alcohol use', 'behavioral health', 'drug use', 'graduate students', 'mental health']"
WOS:000512513200001,"Freedom to aspire: Black children's career dreams, perceived aspirational supports, and Africentric values",2022,"['Turner, Jennifer D.']","['Career aspirations', 'Black futures', 'Africentric values', 'Black children', 'drawings']"
WOS:000512613300001,"Professional learning, positioning, and institutional power",2022,"['Shi, Lijuan']","['Teacher professional identity', 'teacher professional learning', 'positioning', 'institutional structure']"
WOS:000513604500001,The development and validation of the Meaning Making in Grief Scale,2022,"['Yang, NaYeon', 'Lee, Sang Min']",[]
WOS:000523341400001,"Maternal Depressive Symptoms and Preschoolers' Helping, Sharing, and Comforting: The Moderating Role of Child Attachment",2022,"['Brett, Bonnie E.', 'Stern, Jessica A.', 'Gross, Jacquelyn T.', 'Cassidy, Jude']",[]
WOS:000527751100001,Intergenerational Continuity in Child Maltreatment: Explicating Underlying Mechanisms,2022,"['Martoccio, Tiffany L.', 'Berlin, Lisa J.', 'Aparicio, Elizabeth M.', 'Appleyard Carmody, Karen', 'Dodge, Kenneth A.']","['child maltreatment', 'intergenerational', 'social information processing', 'substance use problems']"
WOS:000528829200002,Bipartite communities via spectral partitioning,2022,"['Yancey, Kelly B.', 'Yancey, Matthew P.']","['Community detection', 'Spectral graph theory', 'Network analysis']"
WOS:000537508300001,"Hedging, Investment Efficiency, and the Role of the Information Environment",2022,"['Lobo, Gerald J.', 'Ranasinghe, Tharindra', 'Yi, Lin']","['derivatives', 'hedging', 'investment efficiency', 'information environment']"
WOS:000539822300001,Safer Sex Self-Efficacy Among Women With Experiences of Intimate Partner Violence,2022,"['Porter, Shy C.', 'Mittal, Mona']","['intimate partner violence', 'HIV', 'sexual and reproductive health', ""women's health"", 'condom use']"
WOS:000540853900001,Electronic nicotine delivery system (ENDS) use patterns and its associations with cigarette smoking and nicotine addiction among Asian Americans: Findings from the national adult tobacco survey (NATS) 2013-2014,2022,"['Roh, Esther J.', 'Chen-Sankey, Julia C.', 'Wang, Min Q.']","['E-cigarettes', 'electronic nicotine delivery system (ENDS', ')', 'dual use of ENDS and cigarettes', 'nicotine addiction', 'Asian Americans']"
WOS:000542614200001,The Power of the State: How Postcards from the State Increased Registration and Turnout in Pennsylvania,2022,"['Bryant, Lisa A.', 'Hanmer, Michael J.', 'Safarpour, Alauna C.', 'McDonald, Jared']","['Turnout', 'Registration', 'Field experiment', 'Voting']"
WOS:000542713700001,Lung cancer screening decisional needs among African American smokers of lower socioeconomic status,2022,"['Williams, Randi M.', 'Beck, Kenneth H.', 'Butler, James, III', 'Lee, Sunmin', 'Wang, Min Qi', 'Taylor, Kathryn L.', 'Knott, Cheryl L.']","['Lung cancer screening', 'low-dose computed tomography', 'informed decision-making', 'African Americans']"
WOS:000549502700001,How profiles of school readiness relate to grade 3 performance among low-income ethnically- and linguistically-diverse children,2022,"['Tavassolie, Tanya', 'Bleiker, Charles', 'Manfra, Louis', 'Hartman, Suzanne C.', 'Dinehart, Laura H. B.', 'Winsler, Adam']",[]
WOS:000549920800001,The Moderation of Parental Support on the Relationship Between Race-Related Career Barriers and Academic Achievement,2022,"['Li, Xu', 'Wang, Yu-Wei', 'Kim, Young Hwa']","['race-related barriers', 'parental support', 'academic performance', 'college students', 'moderated mediation model']"
WOS:000548900700001,"Bereaved College Students: Social Support, Coping Style, Continuing Bonds, and Social Media Use as Predictors of Complicated Grief and Posttraumatic Growth",2022,"['Lipp, Natania S.', ""O'Brien, Karen M.""]","['grief', 'complicated grief', 'college students', 'posttraumatic growth', 'social media', 'coping', 'adaptation', 'social support', 'continuing bonds']"
WOS:000552543300001,"International experiences informing federal budget reforms in the USA: exploring accruals, transparency, fiscal rules, and multi-year budgeting",2022,"['Martinez Guzman, Juan Pablo', 'Joyce, Philip G.']","['Accrual budgeting', 'budget transparency', 'congressional budgeting', 'federal budgeting', 'fiscal rules', 'multi-year budgeting', 'US federal government']"
WOS:000558126800001,Maternal Emotion Dysregulation Predicts Emotion Socialization Practices and Adolescent Emotion Lability: Conditional Effects of Youth ADHD Symptoms,2022,"['Oddo, Lauren E.', 'Miller, Natalie V.', 'Felton, Julia W.', 'Cassidy, Jude', 'Lejuez, Carl W.', 'Chronis-Tuscano, Andrea']","['ADHD', 'Adolescence', 'Parenting', 'Emotion regulation']"
WOS:000554381100001,Commodifying Black Expressivity: Race and the Representational Politics of Streetball,2022,"['Wallace, Brandon']","['street basketball', 'Black expressivity', 'Black culture', 'sports media', 'racial representation']"
WOS:000556878300001,Missing Data and Other Measurement Quality Issues in Mobile Geolocation Sensor Data,2022,"['Baehr, Sebastian', 'Haas, Georg-Christoph', 'Keusch, Florian', 'Kreuter, Frauke', 'Trappmann, Mark']","['app data collection', 'smartphones', 'measurement quality', 'geolocation', 'passive measurements']"
WOS:000565664600001,"Adverse Childhood Experiences (ACEs), Alcohol Use in Adulthood, and Intimate Partner Violence (IPV) Perpetration by Black Men: A Systematic Review",2022,"['Lee, Kerry A.', 'Bright, Charlotte Lyn', 'Betz, Gail']","['Intimate partner violence (IPV) perpetration', 'adverse childhood experiences (ACEs)', 'alcohol use', 'Black', 'African American men']"
WOS:000565258700001,Novel use of existing technology: A preliminary study of patient portal use for telerehabilitation,2022,"['Conroy, Susan S.', 'Harcum, Stacey', 'Keldsen, Linda', 'Bever, Christopher T., Jr.']","['Patient portal', 'stroke', 'rehabilitation', 'e-visit', 'telerehabilitation']"
WOS:000565962500001,"""A Playing Field Where Patriarchy Plays"": Addressing Sexism in South African and Nigerian Newsrooms",2022,"['Blumell, Lindsey E.', 'Mulupi, Dinfin']","['Gendered norms', 'newsrooms', 'Nigeria', 'rape myths', 'sexism', 'South Africa']"
WOS:000706318000001,PONTRYAGIN MAXIMUM PRINCIPLE FOR THE OPTIMAL CONTROL OF LINEARIZED COMPRESSIBLE NAVIER-STOKES EQUATIONS WITH STATE CONSTRAINTS,2022,"['Doboszczak, Stefan', 'Mohan, Manil T.', 'Sritharan, Sivaguru S.']","['&nbsp', 'Compressible Navier-Stokes', 'optimal control', 'Pontryagin maximum principle', 'necessary conditions', 'Ekeland variational principle', 'state constraint']"
WOS:000567362800001,"Maintaining Gaps in Teacher Diversity, Preparedness, Effectiveness, and Retention? A Program Theory Evaluation of Mathematics Teacher Training in the New York City Teaching Fellows",2022,"['Brantlinger, Andrew', 'Grant, Ashley A.', 'Miller, Julie', 'Viviani, William', 'Cooley, Laurel', 'Griffin, Matt']","['urban schools', 'teacher retention and turnover', 'teacher quality', 'teacher preparation', 'teacher education', 'policy implementation', 'evaluation and assessment', 'educational policy', 'alternative licensure and certification']"
WOS:000570016600001,The radius of a polymer at a near-critical temperature,2022,"['Koralov, L.', 'Molchanov, S.', 'Vainberg, B.']","['82B26', '82B27', '82D60', '35K10']"
WOS:000570001000001,"""A Good Start"": A New Approach to Gauging Preservice Teachers' Critical Language Awareness",2022,"['Shi, Lijuan', 'Rolstad, Kellie']","['Critical language awareness', 'discursive psychology', 'self-reflection']"
WOS:000573669500001,Exploring driving factors of smart city development under the physical-human society-cyber (P-H-C) space model,2022,"['Xiahou, Xiaer', 'Yuan, Jingfeng', 'Xie, Hong', 'Skibniewski, Miroslaw J.', 'Li, Qiming']","['Smart city', 'driving factors', 'case study', 'factor analysis', 'P-H-C space']"
WOS:000576124000001,(Young) Generations as Social Identities: The Role of Latino*Millennial/Generation Z in Shaping Attitudes About Climate Change,2022,"['Ross, Ashley D.', 'Rouse, Stella M.']","['Social identity', 'Climate change', 'Latino', 'Millennial Generation', 'Generation Z']"
WOS:000581139300001,A Comparative Study of Initial Involvement in Gangs and Political Extremism,2022,"['Becker, Michael H.', 'Decker, Scott H.', 'LaFree, Gary', 'Pyrooz, David C.', 'Ernest, Kyle', 'James, Patrick A.']","['Violent extremism', 'gangs', 'criminal groups', 'terrorism', 'entry processes']"
WOS:000587809900001,"Performance, Fantasy, or Narrative: LGBTQ plus Asian American Identity through Kpop Media and Fandom",2022,"['Kuo, Linda', 'Perez-Garcia, Simone', 'Burke, Lindsey', 'Yamasaki, Vic', 'Le, Thomas']","['LGBTQ plus Asian Americans', 'Kpop', 'representation', 'fandom', 'fan labor', 'resilience', 'race', 'gender', 'sexuality', 'media']"
WOS:000598098300001,Ineligible Anyway: Evidence on the Barriers to Pell Eligibility for Prisoners in the Second Chance Pell Pilot Program in Pennsylvania Prisons,2022,"['Tahamont, Sarah', 'Hyatt, Jordan', 'Pheasant, Benjamin', 'Lafferty, Jennifer', 'Bell, Nicolette', 'Sheets, Michele']","['Corrections', 'prison education', 'population eligibility', 'Second Chance Pell']"
WOS:000590112200001,Increasing Perceived Risk of Opioid Misuse: The Effects of Concrete Language and Image,2022,"['Qin, Yan', 'Chen, Junhan', 'Namkoong, Kang', 'Ledford, Victoria', 'Lim, Jungkyu Rhys']",[]
WOS:000591120700001,"Graduate Student Burnout: Substance Use, Mental Health, and the Moderating Role of Advisor Satisfaction",2022,"['Allen, Hannah K.', 'Lilly, Flavius', 'Green, Kerry M.', 'Zanjani, Faika', 'Vincent, Kathryn B.', 'Arria, Amelia M.']","['Mental health', 'Substance use', 'Graduate students', 'Advisor satisfaction', 'Burnout']"
WOS:000596634100001,Regional trends in snowmelt timing for the western United States throughout the MODIS era,2022,"[""O'Leary, Donal S., III"", 'Hall, Dorothy K.', 'DiGirolamo, Nicolo E.', 'Riggs, George A.']","['Snowmelt', 'MODIS', 'remote sensing', 'drought', 'spring', 'phenology']"
WOS:000606943900001,Attachment goes to court: child protection and custody issues,2022,"['Forslund, Tommie', 'Granqvist, Pehr', 'van IJzendoorn, Marinus H.', 'Sagi-Schwartz, Avi', 'Glaser, Danya', 'Steele, Miriam', 'Hammarlund, Marten', 'Schuengel, Carlo', 'Bakermans-Kranenburg, Marian J.', 'Steele, Howard', 'Shaver, Phillip R.', 'Lux, Ulrike', 'Simmonds, John', 'Jacobvitz, Deborah', 'Groh, Ashley M.', 'Bernard, Kristin', 'Cyr, Chantal', 'Hazen, Nancy L.', 'Foster, Sarah', 'Psouni, Elia', 'Cowan, Philip A.', 'Pape Cowan, Carolyn', 'Rifkin-Graboi, Anne', 'Wilkins, David', 'Pierrehumbert, Blaise', 'Tarabulsy, George M.', 'Carcamo, Rodrigo A.', 'Wang, Zhengyan', 'Liang, Xi', 'Kazmierczak, Maria', 'Pawlicka, Paulina', 'Ayiro, Lilian', 'Chansa, Tamara', 'Sichimba, Francis', 'Mooya, Haatembo', 'McLean, Loyola', 'Verissimo, Manuela', 'Gojman-de-Millan, Sonia', 'Moretti, Marlene M.', 'Bacro, Fabien', 'Peltola, Mikko J.', 'Galbally, Megan', 'Kondo-Ikemura, Kiyomi', 'Behrens, Kazuko Y.', 'Scott, Stephen', 'Rodriguez, Andres Fresno', 'Spencer, Rosario', 'Posada, German', 'Cassibba, Rosalinda', 'Barrantes-Vidal, Neus', 'Palacios, Jesus', 'Barone, Lavinia', 'Madigan, Sheri', 'Mason-Jones, Karen', 'Reijman, Sophie', 'Juffer, Femmie', 'Pasco Fearon, R.', 'Bernier, Annie', 'Cicchetti, Dante', 'Roisman, Glenn I.', 'Cassidy, Jude', 'Kindler, Heinz', 'Zimmermann, Peter', 'Feldman, Ruth', 'Spangler, Gottfried', 'Zeanah, Charles H.', 'Dozier, Mary', 'Belsky, Jay', 'Lamb, Michael E.', 'Duschinsky, Robbie']","['Attachment theory', 'best interests of the child', 'child custody', 'child protection', 'family court', 'consensus statement']"
WOS:000600185300001,Application of Remote Sensing for Ex ante Decision Support and Evaluating Impact,2022,"['Thieme, Alison', 'Glennie, Erin', 'Oddo, Perry', 'McCartney, Sean', 'Ruid, Madeline', 'Anand, Anupam']","['remote sensing', 'monitoring', 'deforestation', 'land cover change', 'protected areas', 'mixed methods', 'global environment facility', 'NASA Develop']"
WOS:000761193200001,Infant temperament prospectively predicts general psychopathology in childhood,2022,"['Morales, Santiago', 'Tang, Alva', 'Bowers, Maureen E.', 'Miller, Natalie, V', 'Buzzell, George A.', 'Smith, Elizabeth', 'Seddio, Kaylee', 'Henderson, Heather A.', 'Fox, Nathan A.']","['general factor', 'motor activity', 'p factor', 'psychopathology', 'temperament']"
WOS:000603947800001,Generative design of conformal cubic periodic cellular structures using a surrogate model-based optimisation scheme,2022,"['Wang, Jun', 'Rai, Rahul']","['Generative design', 'cellular structure', 'finite-element simulation', 'optimisation', 'light-weight part']"
WOS:000603818600001,Does Perception Matter in Asset Pricing? Modeling Volatility Jumps Using Twitter-Based Sentiment Indices,2022,"['Sanford, Anthony']","['Behavioral finance', 'Volatility jumps', 'News', 'Social media', 'Big data']"
WOS:000604364300001,Predictors and moderators of treatment efficacy in reducing custodial grandmothers' psychological distress,2022,"['Smith, Gregory C.', 'Hancock, Gregory R.', 'Hayslip, Bert']","['Moderators', 'treatment efficacy', 'custodial grandmothers', 'behavior parent training', 'cognitive behavioral therapy', 'psychological distress']"
WOS:000774563000001,EXTREMAL CASES OF RAPOPORT-ZINK SPACES,2022,"['Goertz, Ulrich', 'He, Xuhua', 'Rapoport, Michael']","['Rapoport-Zink spaces', 'Drinfeld space', 'Lubin-Tate space', 'affine Deligne-Lusztig varieties', 'affine Weyl group']"
WOS:000607247100001,Optimizing Thermoacoustic Characterization Experiments for Identifiability Improves Both Parameter Estimation Accuracy and Closed-Loop Controller Robustness Guarantees,2022,"['Chen, Xiaoling', ""O'Connor, Jacqueline"", 'Fathy, Hosam']","['Optimal experimental design', 'Fisher identifiability', 'uncertainty quantification', 'linear quadratic Gaussian', 'robustness guarantees']"
WOS:000606909300001,Optimization of grade-separated road and railway crossings based on a distance transform algorithm,2022,"['Pu, Hao', 'Liang, Zhu', 'Schonfeld, Paul', 'Li, Wei', 'Wang, Jianxi', 'Zhang, Hong', 'Song, Taoran', 'Wang, Jie', 'Hu, Jianping', 'Peng, Xianbao']","['Road', 'railway', 'alignment', 'crossing', 'distance transform algorithm']"
WOS:000755622900001,On the Fully Nonlinear Alt-Phillips Equation,2022,"['Wu, Yijing', 'Yu, Hui']",[]
WOS:000609321700001,Proxy control A new species of control in grammar,2022,"['Doliana, Aaron', 'Sundaresan, Sandhya']","['(Non-)obligatory control', 'PRO vs. pro', 'Proxy', 'Exhaustive vs. non-exhaustive control', 'Phi features', 'Agree', 'Modal quantification', 'Semantic extension', 'Syntax-Semantics interface', 'Italian', 'German', 'Parametric variation', 'Speaker variation']"
WOS:000611237900001,Trivializing Informational Consequence,2022,"['Santorio, Paolo']",[]
WOS:000609349300001,Affective Dynamics and Mean Levels of Preschool Irritability and Sadness: Predictors of Children's Psychological Functioning Two Years Later,2022,"['Chad-Friedman, Emma', 'Leppert, Katherine A.', 'Olino, Thomas M.', 'Bufferd, Sara J.', 'Dougherty, Lea R.']","['Emotion dynamics', 'Preschool irritability', 'Preschool sadness', 'Predictive validity']"
WOS:000619597600001,When is Parental Suppression of Black Children's Negative Emotions Adaptive? The Role of Preparation for Racial Bias and Children's Resting Cardiac Vagal Tone,2022,"['Dunbar, Angel S.', 'Zeytinoglu, Selin', 'Leerkes, Esther M.']","['Emotion socialization', 'Racial socialization', 'Respiratory sinus arrhythmia', 'Vagal tone', 'Internalizing and externalizing problems']"
WOS:000764560900001,"Uniformed Services and the Field Hospital Experience During Coronovirus Disease 2019 (SARS-CoV-2) Pandemic: Open to Closure in 30 Days With 1,100 Patients: The Javits New York Medical Station",2022,"['Brady, Kevin', 'Milzman, Dave', 'Walton, Edward', 'Sommer, Darren', 'Neustadtl, Alan', 'Napoli, Anthony']",[]
WOS:000612695300001,Partitioning cash flows to overcome retailer aversion to stocking new products,2022,"['Devlin, Anna G.', 'Elmaghraby, Wedad J.', 'Hamilton, Rebecca W.']","['ambiguity aversion', 'cash flow structure', 'new product adoption']"
WOS:000612895500001,STARE into the future of GeoData integrative analysis,2022,"['Rilee, Michael L.', 'Kuo, Kwo-Sen', 'Frew, James', 'Gallagher, James', 'Griessbaum, Niklas', 'Neumiller, Kodi', 'Wolfe, Robert E.']","['STARE', 'Big data', 'Geolocation', 'DGGS', 'Data fusion', 'Integration']"
WOS:000617274900001,Impact of Self-Affirmation on Responses to Health Warning Messages: Does Consideration of Future Consequences Matter?,2022,"['Nan, Xiaoli', 'Iles, Irina', 'Ma, Zexin']",[]
WOS:000616011900001,Three Digital Agriculture Problems in Cotton Solved by Distributed Ledger Technology,2022,"['Griffin, Terry W.', 'Harris, Keith D.', 'Ward, Jason K.', 'Goeringer, Paul', 'Richard, Jessica A.']","['Big Data', 'blockchain', 'cotton', 'distributed ledger technology (DLT)', 'traceability']"
WOS:000749581600024,Religious Involvement and Cognitive Functioning at the Intersection of Race-Ethnicity and Gender Among Midlife and Older Adults,2022,"['Henderson, Andrea K.', 'Walsemann, Katrina M.', 'Ailshire, Jennifer A.']","['Gender', 'Race', 'Religion and cognitive functioning']"
WOS:000619939400001,Beekeepers perception of risks affecting colony loss: A pilot survey,2022,"['El Agrebi, Noemie', 'Steinhauer, Nathalie', 'Renault, Veronique', 'de Graaf, Dirk C.', 'Saegerman, Claude']","['barriers', 'benefits', 'colony loss', 'Perception', 'risk', 'severity']"
WOS:000619178300001,Importance of deepening integration of crime and conservation sciences,2022,"['Gore, Meredith L.', 'Bennett, Abigail']","['common pool resources', 'community&#8208', 'based management', 'crime science', 'environmental criminology', 'fisheries', 'governance', 'Mexico', 'sea cucumber', 'ciencia criminol&#243', 'gica', 'criminolog&#237', 'a ambiental', 'gobernanza', 'manejo basado en la comunidad', 'M&#233', 'xico', 'pepino de mar', 'pesquer&#237', 'as']"
WOS:000767084800001,A piecewise smooth Fermi-Ulam pingpong with potential,2022,"['Zhou, Jing']","['Fermi acceleration', 'Fermi-Ulam', 'ergodic theory', 'bouncing ball', 'escaping orbit']"
WOS:000620760600001,How to Establish a Language-Rich Environment Through a Collaborative SLP-Teacher Partnership,2022,"['Wallace, Erin Stehle', 'Senter, Reed', 'Peterson, Nicole', 'Dunn, Kelsey T.', 'Chow, Jason']",[]
WOS:000616548600001,Attachment and attitudes toward children: effects of security priming in parents and non-parents,2022,"['Jones, Jason D.', 'Stern, Jessica A.', 'Fitter, Megan H.', 'Mikulincer, Mario', 'Shaver, Phillip R.', 'Cassidy, Jude']","['Attachment style', 'security priming', 'parenting', 'parental attitudes']"
WOS:000626245300001,Are Effects of School Resource Officers Moderated by Student Race and Ethnicity?,2022,"['Crosse, Scott', 'Gottfredson, Denise C.', 'Bauer, Erin L.', 'Tang, Zhiqun', 'Harmon, Michele A.', 'Hagen, Carol A.', 'Greene, Angela D.']","['police in schools', 'race', 'ethnicity', 'school safety', 'school resource officers']"
WOS:000618671400001,Speaking of Values: Value-Expressive Communication and Exercise Intentions,2022,"['Anderson, Jenn', 'Lapinski, Maria Knight', 'Turner, Monique Mitchell', 'Peng, Tai-Quan', 'Schmalzle, Ralf']",[]
WOS:000627102800001,Language switch costs in a lexical decision task: Symmetry and cognitive correlates,2022,"['Struck, Jason', 'Jiang, Nan']","['cognitive control', 'executive function', 'language switching', 'lexical decision task', 'switch cost symmetry']"
WOS:000619068100001,Which farms drill during drought? The influence of farm size and crop type,2022,"['Reisman, Emily', 'Macaulay, Luke']","['Agriculture', 'drought', 'groundwater', 'irrigation', 'California', 'permanent crops', 'governance']"
WOS:000620000500001,The effects of information structure in the processing of word order variation in the second language,2022,"['Lopez-Beltran, Priscila', 'Johns, Michael A.', 'Dussias, Paola E.', 'Lozano, Cristobal', 'Palma, Alfonso']","['eyetracking', 'information structure', 'passive', 'psycholinguistics', 'second language', 'word order']"
WOS:000627304700001,Early Childhood Behavioral and Academic Antecedents of Lifetime Opioid Misuse among Urban Youth,2022,"['Rabinowitz, Jill A.', 'Reboussin, Beth A.', 'Thrul, Johannes', 'Drabick, Deborah A. G.', 'Kahn, Geoffrey', 'Green, Kerry M.', 'Ialongo, Nicholas S.', 'Huhn, Andrew S.', 'Maher, Brion S.']",[]
WOS:000620009600001,A Broken Pipeline: Effects of Gender and Racial/Ethnic Barriers on College Students' Educational Aspiration-Pursuit Gap,2022,"['Li, Xu', 'Kim, Young Hwa', 'Keum, Brian T. H.', 'Wang, Yu-Wei', 'Bishop, Kelley']","['perception of educational and career barriers', 'postgraduate education', 'college students', 'gender', 'race', 'ethnicity']"
WOS:000621689000001,"Associations between Early Psychosocial Deprivation, Cognitive and Psychiatric Morbidity, and Risk-taking Behavior in Adolescence",2022,"['Wade, Mark', 'Carroll, Devon', 'Fox, Nathan A.', 'Zeanah, Charles H.', 'Nelson, Charles A.']","['institutional care', 'risk-taking', 'cognitive difficulties', 'psychopathology', 'latent profiles']"
WOS:000621062400002,How Racial Identity and Worry About Discrimination Impact Coping Responses to Racial Discrimination Among Black American Community Members,2022,"['Fix, Rebecca L.', 'Risco, Cristina M.', 'Fix, Spencer T.', 'Bernat, Edward M.']","['African American', 'Racism', 'Private regard', 'Path analysis']"
WOS:000620746600001,Help-Seeking Within the Context of Patriarchy for Domestic Violence in Urban Uganda,2022,"['Gardsbane, Diane', 'Bukuluki, Paul', 'Musuya, Tina']","['help-seeking', 'violence against women', 'structural violence', 'habitus', 'social norms', 'patriarchy', 'Uganda']"
WOS:000621315100001,Using Ant Colony Optimization for Sensitivity Analysis in Structural Equation Modeling,2022,"['Leite, Walter L.', 'Shen, Zuchao', 'Marcoulides, Katerina', 'Fisk, Charles L.', 'Harring, Jeffrey']","['Structural equation modeling', 'ant-colony optimization algorithm', 'sensitivity analysis', 'validity', 'omitted confounder', 'external model misspecification']"
WOS:000621732100001,Impact of a Behavioral Parenting Intervention in Infancy on Maternal Emotion Socialization,2022,"['Lorenzo, Nicole E.', 'Bagner, Daniel M.']","['Emotion socialization', 'Behavior problems', 'Infancy', 'Parenting intervention']"
WOS:000621752600002,"Synthesis, structure and hydrogenation properties of Ni-Cu bimetallic nanoparticles",2022,"['Kytsya, A. R.', 'Bazylyak, L. I.', 'Zavaliy, I. Yu.', 'Verbovytskyy, Yu. V.', 'Zavalij, P.']","['Bimetallic nanoparticles', 'One-pot synthesis', 'Nickel', 'Copper']"
WOS:000630887200001,School Music and the Transition to College,2022,"['Elpus, Kenneth']","['music enrollment', 'course-taking', 'persistence in school', 'college admission', 'transition to postsecondary education']"
WOS:000626989600001,Evaluation of shortwave and longwave radiation models for mechanistic-empirical pavement analysis,2022,"['Alam-Khan, Shafkat', 'Cetin, Bora', 'Forman, Barton A.', 'Kutay, M. Emin', 'Durham, Stephan', 'Schwartz, Charles W.']","['Climate effects', 'Mechanistic-Empirical Asphalt Pavement Analysis (MEAPA)', 'Mechanistic Empirical Pavement Design Guide (MEPDG)', 'Modern Era Retrospective Analysis for Research and Applications (MERRA)', 'pavement distress analyses', 'Pavement ME Design (PMED)', 'Solar Infrared Radiations Stations (SIRS)', 'solar and heat radiation models']"
WOS:000625481000001,A mindfulness-based compassion workshop and pre-session preparation to enhance therapist effectiveness in psychotherapy: A pilot study,2022,"['Hunt, Carly A.', 'Goodman, Rachael D.', 'Hilert, Alexander J.', 'Hurley, Wilson', 'Hill, Clara E.']","['Compassion meditation', 'compassion training', 'mindfulness', 'therapeutic presence', 'therapist training', 'psychotherapy process', 'pre-session centering']"
WOS:000628948500001,The Value of Community Health Literacy Assessments: Health Literacy in Maryland,2022,"['Platter, Heatherip', 'Kaplow, Katya', 'Baur, Cynthia']","['health literacy', 'community health assessment', 'community health literacy assessment', 'systematic framework', 'public health']"
WOS:000624729000001,Experimental Study on Heat Transfer Enhancement by Using Textile Flap Oscillation,2022,"['Zhao, Beihan', 'Yang, Wenshuo', 'Zheng, Chaolun', 'Pei, Yong', 'Malatesta, Anthony', 'Liu, Xinan', 'Yang, Bao']",[]
WOS:000624378800003,Recruiting Dark Personalities for Earnings Management,2022,"['Harris, Ling L.', 'Jackson, Scott B.', 'Owens, Joel', 'Seybert, Nicholas']","['Earnings management', 'Employee selection', 'Dark personalities']"
WOS:000630663700001,Do Parental Involvement and Adult Support Matter for Students' Suicidal Thoughts and Behavior in High School?,2022,"['Wang, Cixin', 'La Salle, Tamika', 'Wu, Chaorong', 'Liu, Jia Li']","['suicidal thoughts and behaviors', 'parental involvement', 'adult social support', 'bullying victimization', 'Dorothy Espelage']"
WOS:000630463700001,Forward-focused coping predicts better mental health outcomes in mid- to late-life during the COVID-19 pandemic,2022,"['Jordan, Leslie S.', 'Woodard, John L.', 'Pena, Gabriel S.', 'Arnold-Nedimala, Naomi A.', 'Won, Junyeon', 'Callow, Daniel D.', 'Smith, J. Carson']","['Depression', 'anxiety', 'negative affect', 'coping flexibility', 'pandemic']"
WOS:000633249800001,Ethics Consultation in US Hospitals: Opinions of Ethics Practitioners,2022,"['Fox, Ellen', 'Tarzian, Anita J.', 'Danis, Marion', 'Duke, Christopher C.']","['Ethics committee', 'ethicist', 'survey', 'empirical research', 'healthcare ethics', 'clinical ethics']"
WOS:000631401400001,Creation and validation of a citywide pediatric asthma registry for the District of Columbia,2022,"['Shelef, Deborah Q.', 'Badolato, Gia M.', 'Badh, Ranjodh', 'Owotomo, Olusegun', 'Kachroo, Nikita', 'Weissman, Mark', 'Teach, Stephen J.', 'Shah, Ankoor Y.']","['population health', 'disease registry', 'pediatric asthma', 'quality improvement']"
WOS:000626335100001,Managing digital accessibility at universities during the COVID-19 pandemic,2022,"['Lazar, Jonathan']",[]
WOS:000628936300001,Changes in Family Roles and Subjective Well-Being among Japanese Adults,2022,"['Hara, Yuko']","['family health', 'family demography', 'life course', 'gender and family', 'quantitative']"
WOS:000628082800002,Risk of Stillbirth Among Foreign-Born Mothers in the United States,2022,"['Maiyegun, Sitratullah O.', 'Yusuf, Korede K.', 'Dongarwar, Deepa', 'Ibrahimi, Sahra', 'Ikedionwu, Chioma', 'Salihu, Hamisu M.']","['Maternal nativity', 'Foreign-born', 'Stillbirth', 'Fetuses-at risk approach']"
WOS:000788039100001,Stationary increments reverting to a Tempered Fractional Levy Process (TFLP),2022,"['Madan, Dilip B.', 'Wang, King']","['Multivariate bilateral gamma', 'Q-Selfdecomposable', 'Digital moments']"
WOS:000632932900001,"HPV Knowledge, Vaccine Status, and Health Literacy Among University Students",2022,"['Kitur, Harriet', 'Horowitz, Alice M.', 'Beck, Kenneth', 'Wang, Min Qi']","['HPV vaccine', 'Health literacy', 'University students', 'Cancer prevention']"
WOS:000629911100001,Equal Pay for Equal Work? Considering the Gender Gap in Illegal Pay,2022,"['Nguyen, Holly', 'Parker, Brandy R.', 'Simpson, Sally S.']","['Illegal earnings', 'Gender and crime', 'Criminal achievement', 'Stratification']"
WOS:000630244800004,Developmental Changes in the Association Between Cognitive Control and Anxiety,2022,"['Filippi, Courtney A.', 'Subar, Anni', 'Ravi, Sanjana', 'Haas, Sara', 'Troller-Renfree, Sonya V.', 'Fox, Nathan A.', 'Leibenluft, Ellen', 'Pine, Daniel S.']","['AX-CPT', 'Cognitive control', 'Anxiety', 'Childhood', 'Reactive control', 'Proactive control']"
WOS:000626596400001,Exploiting the Capabilities of Bayesian Networks for Engineering Risk Assessment: Causal Reasoning through Interventions,2022,"['Ruiz-Tagle, Andres', 'Lopez Droguett, Enrique', 'Groth, Katrina M.']","['Bayesian Network', 'Causality', 'Decision Support', 'Engineering Risk Assessment', 'Intervention Reasoning']"
WOS:000627090400001,Emergent Bilinguals With Specific Reading Comprehension Deficits: A Comparative and Longitudinal Analysis,2022,"['Taboada Barber, Ana', 'Klauda, Susan Lutz', 'Wang, Weimeng', 'Cartwright, Kelly B.', 'Cutting, Laurie E.']","['specific reading comprehension deficits', 'second language learners', 'longitudinal research']"
WOS:000640919500001,HOTAIR-Loaded Mesenchymal Stem/Stromal Cell Extracellular Vesicles Enhance Angiogenesis and Wound Healing,2022,"['Born, Louis J.', 'Chang, Kai-Hua', 'Shoureshi, Pouria', 'Lay, Frank', 'Bengali, Sameer', 'Hsu, Angela Ting Wei', 'Abadchi, Sanaz Nourmohammadi', 'Harmon, John W.', 'Jay, Steven M.']","['diabetic wounds', 'excisional wounds', 'exosomes', 'HOTAIR', 'long non&#8208', 'coding RNAs', 'mesenchymal stem', 'stromal cells']"
WOS:000634550000001,Plea validity in circuit court: judicial colloquies in misdemeanor vs. felony charges,2022,"['Dezember, Amy', 'Luna, Samantha', 'Woestehoff, Skye A.', 'Stoltz, Megan', 'Manley, Melissa', 'Quas, Jodi A.', 'Redlich, Allison D.']","['Guilty pleas', 'plea bargaining', 'plea validity', 'plea colloquy', 'misdemeanors']"
WOS:000634748000001,Highly Stretchable Flame-Retardant Skin for Soft Robotics with Hydrogel-Montmorillonite-Based Translucent Matrix,2022,"['Banerjee, Hritwick', 'Sivaperuman Kalairaj, Manivannan', 'Chang, Ting-Hsiang', 'Fu, Fanfan', 'Chen, Po-Yen', 'Ren, Hongliang']","['soft robots', 'hydrogels', 'montmorillonite nanostructures', 'flame-retardant materials', 'shape memory alloys', 'bioinspired robots']"
WOS:000634485300001,Data Processing Improvements for Estimates of Health Insurance Coverage in the Current Population Survey Annual Social and Economic Supplement,2022,"['Berchick, Edward R.', 'Jackson, Heide']","['health insurance', 'CPS ASEC', 'survey processing']"
WOS:000792298100001,Greater public confidence in the US Supreme Court predicts more jurisdiction Stripping,2022,"['Ura, Joseph Daniel', 'Wohlfarth, Patrick C.']","['American politics', 'judicial politics', 'public opinion']"
WOS:000635056500001,Attributing pedestrian networks with semantic information based on multi-source spatial data,2022,"['Yang, Xue', 'Stewart, Kathleen', 'Fang, Mengyuan', 'Tang, Luliang']","['Pedestrian networks', 'semantic attribution', 'incline values', 'pedestrian path categorization', 'multi-source spatial data']"
WOS:000732897600001,Passive Microwave Signatures and Retrieval of High-Latitude Snowfall Over Open Oceans and Sea Ice: Insights From Coincidences of GPM and CloudSat Satellites,2022,"['Vahedizade, Sajad', 'Ebtehaj, Ardeshir', 'You, Yalei', 'Ringerud, Sarah E.', 'Turk, F. Joseph']","['Ocean temperature', 'Sea surface', 'Snow', 'Microwave integrated circuits', 'Microwave FET integrated circuits', 'Sea ice', 'Ice', 'Bayesian retrieval algorithms', 'CloudSat satellite', 'global precipitation measurement (GPM)', 'passive microwave', 'satellite snowfall retrieval']"
WOS:000636197000001,A Quasi-Experimental Study of Intensive Alternative Family Treatment to Prevent Entry of Youth to Psychiatric Residential Treatment,2022,"['Lanier, Paul', 'Chung, Gerard', 'Rose, Roderick']","['Mental health', 'Residential treatment', 'Foster home care']"
WOS:000636530700001,"Google, Tell Me. Is <i>He</i> Gay? Masculinity, Heterosexuality, and Gendered Anxieties in Google Search Queries about Sexuality",2022,"['Mishel, Emma', 'Bridges, Tristan', 'Caudillo, Monica L.']","['masculinity', 'masculinities', 'Google Trends', 'hegemonic masculinity', 'homophobia']"
WOS:000637800300001,Agricultural data management and sharing: Best practices and case study,2022,"['Moore, Eli K.', 'Kriesberg, Adam', 'Schroeder, Steven', 'Geil, Kerrie', 'Haugen, Inga', 'Barford, Carol', 'Johns, Erica M.', 'Arthur, Dan', 'Sheffield, Megan', 'Ritchie, Stephanie M.', 'Jackson, Carolyn', 'Parr, Cynthia']",[]
WOS:000647959500001,A deep reinforcement learning approach to mountain railway alignment optimization,2022,"['Gao, Tianci', 'Li, Zihan', 'Gao, Yan', 'Schonfeld, Paul', 'Feng, Xiaoyun', 'Wang, Qingyuan', 'He, Qing']",[]
WOS:000639017100001,Internet or Archive? Expertise in Searching for Digital Sources on a Contentious Historical Question,2022,"['McGrew, Sarah']",[]
WOS:000642380800002,"A hybrid framework for forecasting monthly reservoir inflow based on machine learning techniques with dynamic climate forecasts, satellite-based data, and climate phenomenon information",2022,"['Tian, Di', 'He, Xiaogang', 'Srivastava, Puneet', 'Kalin, Latif']","['Reservoir inflow forecast', 'Machine learning', 'Dynamic climate forecast', 'Climate indices', 'Satellite-based soil moisture and evaporation', 'Multi-model ensemble']"
WOS:000647496400001,Breast Cancer Educational Needs and Concerns of African American Women Below Screening Age,2022,"['Huq, Maisha R.', 'Woodard, Nathaniel', 'Okwara, Leonore', 'Knott, Cheryl L.']","['Breast cancer', 'African American', 'Health education', 'Cancer screening', 'Cancer disparities']"
WOS:000643817500001,Which wound cuts deeper: loss of an only child or loss of a spouse? An examination of bereavement in older adults within a Chinese cultural context,2022,"['Liang, Yan', 'Xu, Hanzhang', 'Chen, Feinian', 'Liang, Hong', 'Wu, Bei']",[]
WOS:000639704300001,"Reading Anxiety, Engagement, and Achievement: A Comparison of Emergent Bilinguals and English Monolinguals in the Elementary Grades",2022,"['Taboada Barber, Ana', 'Klauda, Susan Lutz', 'Wang, Weimeng']","['Comprehension', 'Language learners', 'Motivation', 'engagement', 'Theoretical perspectives', 'Decoding', 'Socio&#8208', 'cognitive', 'Developmental Theories', 'Comprehension (General)', 'English Language Learners', 'Motivation', 'Engagement', 'Second Language Reading', 'Correlation', 'Factor Analysis', 'LISREL', 'Causal Modeling', '2&#8208', 'Childhood']"
WOS:000646894100001,"The Influence of Stigmatizing Messages on Danger Appraisal: Examining the Model of Stigma Communication for Opioid-Related Stigma, Policy Support, and Related Outcomes",2022,"['Ledford, Victoria', 'Lim, Jungkyu Rhys', 'Namkoong, Kang', 'Chen, Junhan', 'Qin, Yan']",[]
WOS:000644285900001,A hypotonic gel-forming eye drop provides enhanced intraocular delivery of a kinase inhibitor with melanin-binding properties for sustained protection of retinal ganglion cells,2022,"['Kim, Yoo Chun', 'Hsueh, Henry T.', 'Shin, Matthew D.', 'Berlinicke, Cynthia A.', 'Han, Hyounkoo', 'Anders, Nicole M.', 'Hemingway, Avelina', 'Leo, Kirby T.', 'Chou, Renee Ti', 'Kwon, HyeYoung', 'Appell, Matthew B.', 'Rai, Usha', 'Kolodziejski, Patricia', 'Eberhart, Charles', 'Pitha, Ian', 'Zack, Donald J.', 'Hanes, Justin', 'Ensign, Laura M.']","['Topical delivery', 'Thermosensitive', 'Melanin binding', 'Sustained delivery']"
WOS:000646494200002,Expert Perspectives on Effective Community-Based Pediatric Healthcare for Low-Income Latino Families: Persistent Issues over Time,2022,"['Zambrana, Ruth Enid', 'Torres-Burgos, Diana', 'Carvajal, Diana N.']","['Latinos', 'Pediatrics', 'Child healthcare', 'Health inequity', 'Community-based care']"
WOS:000644981400001,Analyzing the dynamics of urbanization in Delhi National Capital Region in India using satellite image time-series analysis,2022,"['Chaudhuri, Gargi', 'Mainali, Kumar P.', 'Mishra, Niti B.']","['urban', 'time-series analysis', 'NDVI', 'India', 'change detection']"
WOS:000641914000001,Practitioners' Attitudes and Perceptions Toward the Use of Augmented and Virtual Reality Technologies in the Education of Students With Disabilities,2022,"['Yakubova, Gulnoza', 'Kellems, Ryan O.', 'Chen, Briella Baer', 'Cusworth, Zackery']","['teacher perceptions', 'children with disabilities', 'augmented reality', 'virtual reality']"
WOS:000641675100001,"Modeling Impacts of Nutrient Loading, Warming, and Boundary Exchanges on Hypoxia and Metabolism in a Shallow Estuarine Ecosystem",2022,"['Testa, Jeremy M.', 'Basenback, Nicole', 'Shen, Chunqi', 'Cole, Kelly', 'Moore, Amanda', 'Hodgkins, Casey', 'Brady, Damian C.']","['eutrophication < ECOLOGY', 'total maximum daily loading (TMDL) < WATER QUALITY', 'estuaries < GEOGRAPHY', 'Chesapeake Bay', 'Chester River estuary', 'climate variability/change < CLIMATE', 'metabolism', 'biogeochemical model']"
WOS:000646128100001,Safeguarding in sports settings: unpacking a conflicting identity,2022,"['Bekker, Sheree', 'Posbergh, Anna']","['Sport', 'safeguarding', 'policy', 'gender', 'injury prevention']"
WOS:000649515500001,Emerging diasporas: Exploring mobilization outside the homeland,2022,"['Kopchick, Connor', 'Cunningham, Kathleen Gallagher', 'Jenne, Erin K.', 'Saideman, Stephen']","['diaspora', 'identity', 'mobilization']"
WOS:000648211100001,Housing market regulations and strategic divorce propensity in China,2022,"['Alm, James', 'Lai, Weizheng', 'Li, Xun']","['Housing market regulations', 'Strategic divorce', 'Baidu Index']"
WOS:000650989400001,An intersectional investigation of Asian American men's muscularity-oriented disordered eating: Associations with gendered racism and masculine norms,2022,"['Le, Thomas P.', 'Bradshaw, Benjamin T.', 'Pease, M.', 'Kuo, Linda']",[]
WOS:000646114500001,Human Papillomavirus Vaccine Acceptability and Campaign Message Preferences Among African American Parents: a Qualitative Study,2022,"['Lama, Yuki', 'Qin, Yan', 'Nan, Xiaoli', 'Knott, Cheryl', 'Adebamowo, Clement', 'Ntiri, Shana O.', 'Wang, Min Qi']","['Parents', 'African American health', 'Human papillomavirus vaccine', 'Health campaigns']"
WOS:000650072000001,"""Recovery warriors"": The National Eating Disorders Association's online community and rhetorical vision",2022,"['Aghazadeh, Sarah A.']","['Eating disorders', 'public relations', 'rhetorical vision', 'stigma', 'symbolic convergence']"
WOS:000643490800001,Intervening With Attachment and Biobehavioral Catch-Up to Reduce Behavior Problems Among Children Adopted Internationally: Evidence From a Randomized Controlled Trial,2022,"['Yarger, Heather A.', 'Lind, Teresa', 'Raby, K. Lee', 'Zajac, Lindsay', 'Wallin, Allison', 'Dozier, Mary']","['parenting', 'intervention', 'international adoption', 'behavior problems']"
WOS:000664360100001,"Structural insights of the conserved ""priming loop"" of hepatitis B virus pre-genomic RNA",2022,"['LeBlanc, Regan M.', 'Kasprzak, Wojciech K.', 'Longhini, Andrew P.', 'Olenginski, Lukasz T.', 'Abulwerdi, Fardokht', 'Ginocchio, Stefano', 'Shields, Brigit', 'Nyman, Julie', 'Svirydava, Maryia', 'Del Vecchio, Claudia', 'Ivanic, Joseph', 'Schneekloth, John S., Jr.', 'Shapiro, Bruce A.', 'Dayie, Theodore Kwaku', 'Le Grice, Stuart F. J.']","['Hepatitis B virus', 'RNA', 'structure', 'RNA dynamics', 'NMR spectroscopy', 'small', 'molecule screen', 'SERM']"
WOS:000644748300001,"General information spaces: measuring inconsistency, rationality postulates, and complexity",2022,"['Grant, John', 'Parisi, Francesco']","['General information space', 'Inconsistency measures', 'Rationality postulates']"
WOS:000648749200001,A highly regenerable phosphate-based adsorbent for Uranium in seawater: Characterization and performance assessment using <SUP>233</SUP>U tracer,2022,"['Tissot, Chanel', 'Pooley, Grace M.', 'Hadadi, Mohammad Adel', 'Barkatt, Aaron']","['Uranium', 'Seawater', 'Bis[(2-methacryloyloxy)ethyl] phosphate', 'Grafting', 'Regeneration']"
WOS:000652135900001,Social experiences with mental health service use among US adolescents,2022,"['Xie, Xin', 'Wang, Nianyang', 'Chu, Jun']","['Mental health services', 'adolescents', 'social experiences', 'depression', 'variable cluster analysis', 'data mining']"
WOS:000646550000001,Learning Compact DNN Models for Behavior Prediction from Neural Activity of Calcium Imaging,2022,"['Wu, Xiaomin', 'Lin, Da-Ting', 'Chen, Rong', 'Bhattacharyya, Shuvra S.']","['Neural signal processing', 'Machine learning', 'Calcium imaging', 'Neural network pruning']"
WOS:000649168200001,Parenting and Teacher-Student Relationship as Protective Factors for Chinese Adolescent Adjustment During COVID-19,2022,"['Ye, Yijun', 'Wang, Cixin', 'Zhu, Qianyu', 'He, Minxuan', 'Havawala, Mazneen', 'Bai, Xuefeng', 'Wang, Tian']","['mental health', 'academic engagement', 'cyberbullying', 'teacher&#8211', 'student relationship', 'parenting', 'Samuel Y', 'Song']"
WOS:000649187100001,"Defining requirements for integrating information between design, manufacturing, and inspection",2022,"['Hedberg, T. D., Jr.', 'Sharp, M. E.', 'Maw, T. M. M.', 'Helu, M. M.', 'Rahman, M. M.', 'Jadhav, S.', 'Whicker, J. J.', 'Barnard Feeney, A.']","['Data interoperability', 'model-based enterprise', 'digital thread', 'digital twin', 'Product lifecycle integration']"
WOS:000651737600001,"A New Doll in Texas: A Feminist Media Analysis of Senator Wendy Davis's Rhetorical Framing as ""Abortion Barbie""",2022,"['Corrigan, Lisa M.', 'Felix, Skye de Saint']","['Abortion Barbie', 'Wendy Davis', 'HB2 filibuster', 'media frames', 'reproductive rights']"
WOS:000651017200001,"Dominican, Salvadoran, and Chinese Immigrant Parents' Reasoning About School Readiness Skills",2022,"['Sawyer, Brook E.', 'Dever, Bridget V.', 'Kong, Peggy', 'Sonnenschein, Susan', 'Simons, Cassandra', 'Yu, Xiaoran', 'Zhang, Xinwei', 'Cai, Yin']","['Early childhood', 'School readiness', 'Immigrants', 'Latino', 'Chinese']"
WOS:000648505300001,Categorizing metadata to help mobilize computable biomedical knowledge,2022,"['Alper, Brian S.', 'Flynn, Allen', 'Bray, Bruce E.', 'Conte, Marisa L.', 'Eldredge, Christina', 'Gold, Sigfried', 'Greenes, Robert A.', 'Haug, Peter', 'Jacoby, Kim', 'Koru, Gunes', 'McClay, James', 'Sainvil, Marc L.', 'Sottara, Davide', 'Tuttle, Mark', 'Visweswaran, Shyam', 'Yurk, Robin Ann']","['computable biomedical knowledge', 'digital objects', 'FAIR principles', 'metadata', 'trust']"
WOS:000647859600004,"An Integrated Framework of Young Adults' Subjective Well-Being: The Roles of Personality Traits, Financial Responsibility, Perceived Financial Capability, and Race",2022,"['Fan, Lu', 'Chatterjee, Swarn', 'Kim, Jinhee']","['Financial capability', 'Financial responsibility', 'Personality traits', 'Subjective well-being', 'Young adults']"
WOS:000655130000001,Oxidation and RGD Modification Affect the Early Neural Differentiation of Murine Embryonic Stem Cells Cultured in Core-Shell Alginate Hydrogel Microcapsules,2022,"['Dumbleton, Jenna', 'Shamul, James G.', 'Jiang, Bin', 'Agarwal, Pranay', 'Huang, Haishui', 'Jia, Xiaofeng', 'He, Xiaoming']","['Embryonic stem cells', '3D', 'Neural differentiation', 'SDIA', 'Microfluidics']"
WOS:000650091400002,When Crises Hit Home: How US Higher Education Leaders Navigate Values During Uncertain Times,2022,"['Liu, Brooke Fisher', 'Shi, Duli', 'Lim, JungKyu Rhys', 'Islam, Khairul', 'Edwards, America L.', 'Seeger, Matthew']","['Communication', 'Qualitative', 'Coronavirus', 'Disasters', 'Ethics', 'Leadership']"
WOS:000657073100001,"Phonological Preparation in Korean: Phoneme, or Syllable or Another Unit?",2022,"['Li, Chuchu', 'Wang, Min', 'Kim, Say Young', 'Bolger, Donald J.', 'Wright, Kelly']","['Phonological preparation', 'spoken word production', 'Korean', 'consonant plus vowel body unit']"
WOS:000654799500003,Depressive Symptoms and Burnout Among Medical Students: a Prospective Study,2022,"['Ranasinghe, Padmini D.', 'Owusu, Jocelynn T.', 'Bertram, Amanda', 'Michtalik, Henry', 'Yeh, Hsin-Chieh', 'Cofrancesco, Joseph, Jr.', 'Levine, David', 'Miller, Edgar R., III', 'Marinopoulos, Spyridon']",[]
WOS:000659374600001,"Young Adults' Perceptions of Intimate Partner Cyberstalking: Behaviors, Severity, and Associations with Depressive Symptoms and Social Isolation",2022,"['Reiss, Dana M.', 'Curbow, Barbara A.', 'Wang, Min Qi']","['Romantic relationships', 'Cyberstalking', 'Emerging adulthood', 'Psychological well-being', 'Social well-being']"
WOS:000657066700001,What Influences Relationship Formation in a Global Civil Society Network? An Examination of Valued Multiplex Relations,2022,"['Saffer, Adam J.', 'Pilny, Andrew', 'Sommerfeldt, Erich J.']","['interorganizational networks', 'interorganizational relationships', 'valued exponential random graph models (VERGM)', 'civil society']"
WOS:000656397800001,Quantifying VR cybersickness using EEG,2022,"['Krokos, Eric', 'Varshney, Amitabh']","['Experimental methods', 'HMD', 'Visualization', 'Psychology', 'User-study', 'Perception']"
WOS:000658131500001,Mental illness disclosure in organizations: defining and predicting (un)supportive responses,2022,"['Barth, Sara E.', 'Wessel, Jennifer L.']","['Mental illness', 'Disclosure', 'Diversity']"
WOS:000656595400001,The PySAL Ecosystem: Philosophy and Implementation,2022,"['Rey, Sergio J.', 'Anselin, Luc', 'Amaral, Pedro', 'Arribas-Bel, Dani', 'Cortes, Renan Xavier', 'Gaboardi, James David', 'Kang, Wei', 'Knaap, Elijah', 'Li, Ziqi', 'Lumnitz, Stefanie', 'Oshan, Taylor M.', 'Shao, Hu', 'Wolf, Levi John']",[]
WOS:000657902800001,"Family and household sources of poverty for Black, Hispanic, and White newborns",2022,"['Rendall, Michael S.', 'Weden, Margaret M.', 'Brown, Joey']","['cohabitation', 'early childhood', 'ethnicity', 'fathers', 'immigrants', 'race']"
WOS:000658055700001,"Impact of Wetlands Loss and Migration, Induced by Climate Change, on Chesapeake Bay DO Standards",2022,"['Cerco, Carl F.', 'Tian, Richard']","['wetlands', 'Chesapeake Bay', 'climate change', 'dissolved oxygen']"
WOS:000658109200001,Racial Discrimination and Health-Related Quality of Life: An Examination Among Asian American Immigrants,2022,"['Jung, Mary Y.', 'Juon, Hee-Soon', 'Slopen, Natalie', 'He, Xin', 'Thomas, Stephen B.', 'Lee, Sunmin']","['Racial discrimination', 'Health-related quality of life', 'Asian Americans']"
WOS:000653057500001,Did the GDPR increase trust in data collectors? Evidence from observational and experimental data,2022,"['Bauer, Paul C.', 'Gerdon, Frederic', 'Keusch, Florian', 'Kreuter, Frauke', 'Vannette, David']","['Trust', 'GDPR', 'big data', 'privacy', 'surveillance', 'data protection']"
WOS:000657727400001,Long-term Consequences of Criminal Justice System Intervention: The Impact of Young Adult Arrest on Midlife Health Behaviors,2022,"['Doherty, Elaine Eggleston', 'Green, Kerry M.', 'Ensminger, Margaret E.']","['Criminal justice', 'Arrest', 'African Americans', 'Health behaviors']"
WOS:000658386400001,A milligram-scale flame calorimeter pyrolyzer system used to emulate burning of nonthermally thin solid samples,2022,"['De Beer, Jacques A.', 'Raffan-Montoya, Fernando', 'Stoliarov, Stanislav I.']","['cone calorimetry', 'heat of combustion', 'heat release rate', 'material flammability', 'MCC', 'MFC', 'smoke yield']"
WOS:000656787100001,School Readiness Beliefs of Dominican and Salvadoran Immigrant Parents,2022,"['Simons, Cassandra', 'Sonnenschein, Susan', 'Sawyer, Brook', 'Kong, Peggy', 'Brock, Amber']",[]
WOS:000656635900001,Incarceration and Subsequent Pregnancy Loss: Exploration of Sexually Transmitted Infections as Mediating Pathways,2022,"['Scheidell, Joy D.', 'Dyer, Typhanye V.', 'Knittel, Andrea K.', 'Caniglia, Ellen C.', 'Thorpe, Lorna E.', 'Troxel, Andrea B.', 'Lejuez, Carl W.', 'Khan, Maria R.']","['sexually transmitted infections', 'reproductive health', 'epidemiology']"
WOS:000656505100001,Overlapping Community Detection in Networks via Sparse Spectral Decomposition,2022,"['Arroyo, Jesus', 'Levina, Elizaveta']","['Sparse principal component analysis', 'Stochastic blockmodel', 'Mixed memberships']"
WOS:000779055600001,Understanding the ecology of host plant-insect herbivore interactions in the fossil record through bipartite networks,2022,"['Swain, Anshuman', 'Maccracken, S. Augusta', 'Fagan, William F.', 'Labandeira, Conrad C.']",[]
WOS:000661817400001,Exploring characteristics and influencing factors of crash duration on urban arterials and collectors,2022,"['Gu, Zongni', 'Bejleri, Ilir', 'Peng, Binbin']","['crash duration', 'urban arterials', 'collectors', 'AFT hazards model']"
WOS:000661379500002,"Prohibitive Voice as a Moral Act: The Role of Moral Identity, Leaders, and Workgroups",2022,"['Mesdaghinia, Salar', 'Shapiro, Debra L.', 'Eisenberger, Robert']","['Prohibitive voice', 'Moral identity internalization', 'Moral identity symbolization', 'Leader-member exchange', 'Workgroup']"
WOS:000657530000001,Inclusive communications in COVID-19: a virtual ethnographic study of disability support network in China,2022,"['Dai, Ruikai', 'Hu, Luanjiao']","['Disability', 'effective communication', 'emergency response', 'social media', 'empowerment', 'COVID-19']"
WOS:000662095200001,"Latent Growth Modeling with Categorical Response Data: A Methodological Investigation of Model Parameterization, Estimation, and Missing Data",2022,"['Zheng, Xiaying', 'Yang, Ji Seung', 'Harring, Jeffrey R.']","['Longitudinal data analysis', 'item response theory', 'latent growth model', 'panel attrition', 'estimation']"
WOS:000733342600001,Bayesian Deep Learning for Passive Microwave Precipitation Type Detection,2022,"['Orescanin, Marko', 'Petkovic, Veljko', 'Powell, Scott W.', 'Marsh, Benjamin R.', 'Heslin, Sean C.']","['Uncertainty', 'Bayes methods', 'Training', 'Deep learning', 'Task analysis', 'Radar', 'Spaceborne radar', 'Bayesian convolutional neural network (BCNN)', 'Bayesian deep learning (BDL)', 'microwave remote sensing', 'precipitation']"
WOS:000664340500001,Does heroin-assisted treatment reduce crime? A review of randomized-controlled trials,2022,"['Smart, Rosanna', 'Reuter, Peter']","['Crime', 'diamorphine', 'heroin', 'mechanisms', 'opioid use disorder', 'treatment']"
WOS:000664258900001,What drives program terminations for the federal government?,2022,"['Kasdin, Stuart', 'McCann, Anthony']",[]
WOS:000662022100001,Fear not of cognition in context,2022,"['Prather II, Richard William']","['cognition', 'culture', 'meta-science']"
WOS:000664814400001,Teachers' academic optimism and professional practice in an urban full-service community high school,2022,"['Galindo, Claudia L.', 'Sanders, Mavis G.']","['Full-service community schools', 'Teachers', 'Academic optimism', 'Urban high schools', 'Education reform', 'Family engagement']"
WOS:000665741100001,Crossflow effects on shock wave/turbulent boundary layer interactions,2022,"['Di Renzo, Mario', 'Oberoi, Nikhil', 'Larsson, Johan', 'Pirozzoli, Sergio']","['Direct numerical simulation', 'Compressible turbulence', 'Shock', 'boundary-layer interactions', 'Cross-flow effects']"
WOS:000668673200001,Health Information on Waterpipe Lounge Menus to Educate Young Adults: Pilot Study Findings,2022,"['Kidanu, Azieb W.', 'Shi, Rui', 'Cruz-Cano, Raul', 'Feldman, Robert H.', 'Butler, James, III', 'Dyer, Typhanye V.', 'Fryer, Craig S.', 'Clark, Pamela I.']","['community health promotion', 'general terms', 'health promotion', 'population groups', 'quantitative methods', 'smoking and tobacco use', 'substance use', 'tobacco control and policy', 'young adults']"
WOS:000666821300002,"Act Healthy: A Randomized Clinical Trial Evaluating a Behavioral Activation Intervention to Address Substance Use and Medication Adherence Among Low-Income, Black/African American Individuals Living with HIV/AIDS",2022,"['Magidson, Jessica F.', 'Belus, Jennifer M.', 'Seitz-Brown, C. J.', 'Tralka, Hannah', 'Safren, Steven A.', 'Daughters, Stacey B.']","['HIV', 'AIDS', 'Substance use disorder', 'Behavioral intervention', 'Health disparities', 'Minority health']"
WOS:000667749500001,Early intervention for inhibited young children: a randomized controlled trial comparing the Turtle Program and Cool Little Kids,2022,"['Chronis-Tuscano, Andrea', 'Novick, Danielle R.', 'Danko, Christina M.', 'Smith, Kelly A.', 'Wagner, Nicholas J.', 'Wang, Christine H.', 'Druskin, Lindsay', 'Dougherty, Lea R.', 'Rubin, Kenneth H.']","['Anxiety', 'parent-child interaction', 'parenting', 'parent training', 'temperament']"
WOS:000667500000001,Pathways from maternal shyness to adolescent social anxiety,2022,"['Zeytinoglu, Selin', 'Neuman, Keara J.', 'Degnan, Kathryn A.', 'Almas, Alisa N.', 'Henderson, Heather', 'Chronis-Tuscano, Andrea', 'Pine, Daniel S.', 'Fox, Nathan A.']","['Maternal shyness', 'temperament', 'social wariness', 'social anxiety', 'generalized anxiety']"
WOS:000664756000001,Simultaneous optimization of 3D alignments and station locations for dedicated high-speed railways,2022,"['Song, Taoran', 'Pu, Hao', 'Schonfeld, Paul', 'Zhang, Hong', 'Li, Wei', 'Hu, Jianping']",[]
WOS:000668359700001,Bidirectional feedback between BCR signaling and actin cytoskeletal dynamics,2022,"['Bhanja, Anshuman', 'Rey-Suarez, Ivan', 'Song, Wenxia', 'Upadhyaya, Arpita']","['actin', 'antigen', 'antigen-presenting cell', 'B cell', 'B-cell receptor', 'signaling']"
WOS:000670158900001,Income Shocks and Out-of-Pocket Health Care Spending: Implications for Single-Mother Families,2022,"['Grafova, Irina B.', 'Monheit, Alan C.', 'Kumar, Rizie']","['Single mothers', 'Family health care spending', 'Out-of-pocket spending', 'Chronic conditions']"
WOS:000668405300001,"""It Strengthened My Core Relationships, and Filtered Out the Rest:"" Intimacy Communication During COVID-19",2022,"['Rubinsky, Valerie', 'Cooke-Jackson, Angela', 'McMahon, Taylor', 'Roldan, Monica', 'Aragon, Ashley']","['Sexual activity', 'Sexuality', 'Intimate relationships', 'Dialectics', 'Scripts']"
WOS:000669329100001,Investigating Rape Culture in News Coverage of the Anita Hill and Christine Blasey Ford Cases,2022,"['Blumell, Lindsey E.', 'Mulupi, Dinfin']","['rape culture', 'anti-rape culture', 'Anita Hill', 'Christine Blasey Ford', 'news media']"
WOS:000670450300001,Enhancing spatial skills of preschoolers from under-resourced backgrounds: A comparison of digital app vs. concrete materials,2022,"['Bower, Corinne A.', 'Zimmermann, Laura', 'Verdine, Brian N.', 'Pritulsky, Calla', 'Golinkoff, Roberta Michnick', 'Hirsh-Pasek, Kathy']","['digital media', 'education', 'educational app', 'spatial development', 'spatial training']"
WOS:000732321300001,RoboCat: A Category Theoretic Framework for Robotic Interoperability Using Goal-Oriented Programming,2022,"['Aguinaldo, Angeline', 'Bunker, Jacob', 'Pollard, Blake', 'Shukla, Ankit', 'Canedo, Arquimedes', 'Quiros, Gustavo', 'Regli, William']","['Category theory', 'goal-oriented programming', 'interoperability', 'primary: robotics', 'secondary: CRCL']"
WOS:000732238000001,Solving Chance-Constrained Optimization Under Nonparametric Uncertainty Through Hilbert Space Embedding,2022,"['Gopalakrishnan, Bharath', 'Singh, Arun Kumar', 'Krishna, K. Madhava', 'Manocha, Dinesh']","['Optimization', 'Uncertainty', 'Collision avoidance', 'Torque', 'Kernel', 'Reactive power', 'Hilbert space', 'Chance constraints', 'nonparametric uncertainty', 'robust optimal control']"
WOS:000673696300002,UAMNer: uncertainty-aware multimodal named entity recognition in social media posts,2022,"['Liu, Luping', 'Wang, Meiling', 'Zhang, Mozhi', 'Qing, Linbo', 'He, Xiaohai']","['Multimodal named entity recognition', 'Multimodal social media', 'Bayesian neural network', 'Multimodal transformer']"
WOS:000672417200001,"Incomplete preferences, willingness to pay, and willingness to accept",2022,"['Chambers, Robert G.', 'Melkonyan, Tigran', 'Quiggin, John']","['Incomplete preferences', 'Multiple priors', 'Translation function', 'Elicitation']"
WOS:000668767300001,"'Not a bowl of rice, but tender loving care': from aborting girls to preferring daughters in South Korea",2022,"['Chun, Heeran', 'Das Gupta, Monica']","['Son preference', 'daughter preference', 'sex-selection', 'gender equity', 'old age support', 'South Korea']"
WOS:000671921500001,A Multilevel Intervention to Increase HPV Vaccination among Asian American Adolescents,2022,"['Ma, Grace X.', 'Zhu, Lin', 'Tan, Yin', 'Zhai, Shumenghui', 'Lin, Timmy R.', 'Zambrano, Cristina', 'Siu, Philip', 'Lai, Sarah', 'Wang, Min Qi']","['Human papillomavirus', 'Vaccination', 'Chinese American adolescents', 'Community-based participatory research']"
WOS:000668837000001,Design-Based Approaches to Causal Replication Studies,2022,"['Wong, Vivian C.', 'Anglin, Kylie', 'Steiner, Peter M.']","['Replication', 'Causal inference', 'Open science']"
WOS:000672220700001,Changes in drinking days among United States adults during the COVID-19 pandemic,2022,"['Nordeck, Courtney D.', 'Riehm, Kira E.', 'Smail, Emily J.', 'Holingue, Calliope', 'Kane, Jeremy C.', 'Johnson, Renee M.', 'Veldhuis, Cindy B.', 'Kalb, Luther G.', 'Stuart, Elizabeth A.', 'Kreuter, Frauke', 'Thrul, Johannes']","['Alcohol use', 'COVID-19', 'drinking behavior', 'drinking days', 'sociodemographic disparities', 'substance use epidemiology']"
WOS:000671925200001,The Impacts of Body-Worn Cameras: An Examination of Police Specialty Unit Perceptions through Diffusion of Innovations,2022,"['Wy, Gabrielle C.', 'Gaub, Janne E.', 'Koen, Marthinus C.']","['Body-worn cameras', 'Specialized units', 'Police technology', 'Diffusion of innovations']"
WOS:000672106300001,"Community Health Worker Knowledge, Attitudes, Practices and Readiness to Manage Intimate Partner Violence",2022,"['Saboori, Zahra', 'Gold, Robert S.', 'Green, Kerry M.', 'Wang, Min Qi']","['Intimate partner violence', 'Community health worker', 'PREMIS', 'practices']"
WOS:000733038500001,Culturally Adapting Youth Mental Health First Aid Training for Asian Americans,2022,"['Wang, Cixin', 'Liu, Jia Li', 'Marsico, Kristen F.', 'Zhu, Qianyu']","['prevention', 'cultural adaptation', 'school-based mental health services', 'Youth Mental Health First Aid']"
WOS:000669158900001,Congressional polarization and limitation riders in foreign aid appropriations,2022,"['Carcelli, Shannon P.']","['Foreign aid', 'Polarization', 'Foreign policy', 'Limitation riders', 'American political institutions', 'Congress']"
WOS:000673591600001,Toddler exuberance as an influence on positive social behavior in a high-intensity context in middle childhood,2022,"['Kravitz, Sarah B. R.', 'Walker, Olga L.', 'Degnan, Kathryn A.']","['exuberance', 'middle childhood', 'social behavior', 'structural equation modeling', 'temperament']"
WOS:000672939700001,KeyLoop: Mechanical Retraction of the Abdominal Wall for Gasless Laparoscopy,2022,"['Gupta, Aryaman', 'Brown, Erin', 'Davis, Joseph T.', 'Sekabira, John', 'Ramanujam, Nimmi', 'Mueller, Jenna', 'Fitzgerald, Tamara N.']","['global surgery', 'laparoscopy in low- and middle-income countries', 'abdominal lift', 'gasless laparoscopy']"
WOS:000673555600001,"Econometric modelling of carbon dioxide emissions and concentrations, ambient temperatures and ocean deoxygenation",2022,"['Bhargava, Alok']","['ambient temperatures', 'climate change', 'CO2 emissions', 'maximum likelihood estimation', 'mitigation policies', 'ocean acidification', 'ocean deoxygenation', 'socioeconomic factors']"
WOS:000675133800001,Climate change risks to human development in sub-Saharan Africa: a review of the literature,2022,"['Dickerson, Sarah', 'Cannon, Mallory', ""O'Neill, Brian""]","['Climate Change', 'sub-Saharan Africa', 'food security', 'water stress', 'disease']"
WOS:000675006400001,Wavelet method optimised by ant colony algorithm used for extracting stable and unstable signals in intelligent substations,2022,"['Jiang, Tianyan', 'Yang, Xiao', 'Yang, Yuan', 'Chen, Xi', 'Bi, Maoqiang', 'Chen, Jianfei']",[]
WOS:000675639100001,"""They Make These Laws to Put Us Back in Our Place"": A Found Poem on the Trauma, Hope, and Resilience of Transgender and Gender Diverse Youth and Discriminatory Policies",2022,"['Paceley, Megan S.', 'Greenwood, Emera', 'Dikitsas, Zosimo A.', 'Fish, Jessica N.', 'McInroy, Lauren B.', 'Riquino, Michael R.', 'Henderson, Sara Birnel']","['GLBT issues & theory', 'gender and sexuality', 'investigative poetry', 'methods of inquiry', 'discourse', 'politics and culture']"
WOS:000675639600001,"Making and Unmaking the Chocolate City: Three Recent Works on Washington, DC",2022,"['Kumfer, Tim']","['Washington', 'DC', 'black activism', 'urban politics', 'gentrification', 'gender']"
WOS:000676859800001,Relations between shear flow and vortices in the near wake of a high speed train,2022,"['Pan, Yong-chen', 'Yao, Jian-wei', 'Xu, Rui', 'Liu, Tao', 'Zheng, Jun', 'Li, Chang-feng']","['High speed train', 'wake vortex', 'shear flow', 'the Omega method', 'turbulence production (TP)']"
WOS:000677260900001,"""It gives you a better chance of getting a good job"": memorable messages, anticipatory socialization, and first-year college students' understandings of the purpose of college",2022,"['Ashby-King, Drew T.', 'Anderson, Lindsey B.']","['critical communication pedagogy', 'neoliberalism', 'qualitative', 'communication education', 'higher education']"
WOS:000677292100001,Estimating the Influence of Incarceration on Subsequent Experience With Violence Among Black Men Who Have Sex With Men in the HPTN061 Study,2022,"['Dyer, Typhanye V.', 'Feelemyer, Jonathan', 'Scheidell, Joy D.', 'Turpin, Rodman E.', 'Brewer, Russell', 'Mazumdar, Medha', 'Fortune, Nicole', 'Severe, MacRegga', 'Cleland, Charles M.', 'Remch, Molly', 'Mayer, Kenneth', 'Khan, Maria R.']","['community violence', 'domestic violence', 'cultural contexts', 'domestic', 'violence', 'GLBT', 'violence against', 'sexuality']"
WOS:000676089700001,Experimental Investigation of Suppression of 18650 Lithium Ion Cell Array Fires with Water Mist,2022,"['Said, Ahmed O.', 'Garber, Alex', 'Peng, Yang', 'Stoliarov, Stanislav I.']","['Battery pack', 'Thermal runaway', 'Cascading failure', 'Fire suppression', 'Water mist', 'Oxygen consumption calorimetry']"
WOS:000677450900001,Deeply Tailoring Adaptive Interventions: Enhancing Knowledge Generation of SMARTs in Special Education,2022,"['Hampton, Lauren H.', 'Chow, Jason C.']","['SMART', 'adaptive interventions', 'tailoring variables']"
WOS:000677294400001,Predicting failure modes of 3D-printed multi-material polymer sandwich structures from process parameters,2022,"['Edelen, David L., III', 'Bruck, Hugh A.']","['3D-printed polymer sandwich structures', 'fused deposition modeling', 'PC', 'ABS multi-material structures', 'honeycomb core', 'process parameters']"
WOS:000677276300001,The Influence of Adverse Childhood Experiences on Perpetration of Intimate Partner Violence Among Black Men: The Moderating Role of Alcohol Use,2022,"['Lee, Kerry A.', 'Bright, Charlotte Lyn', 'Sacco, Paul', 'Smith, Melissa E.']","['adverse childhood experiences', 'alcohol use', 'intimate partner violence', 'Black men']"
WOS:000675350200004,"An infeasible-start framework for convex quadratic optimization, with application to constraint-reduced interior-point and other methods",2022,"['Laiu, M. Paul', 'Tits, Andre L.']","['Convex quadratic/linear programming', 'Infeasible start', 'Infeasibility certificate', 'Constraint reduction', 'Interior point', 'Simplex algorithm']"
WOS:000527186000001,Coverage Error in Data Collection Combining Mobile Surveys With Passive Measurement Using Apps: Data From a German National Survey,2023,"['Keusch, Florian', 'Baehr, Sebastian', 'Haas, Georg-Christoph', 'Kreuter, Frauke', 'Trappmann, Mark']","['smartphones', 'operating systems', 'coverage error', 'mobile web surveys', 'passive mobile data collection']"
WOS:000532260300001,Contextualizing Disengagement: How Exit Barriers Shape the Pathways Out of Far-Right Extremism in the United States,2023,"['Jensen, Michael', 'James, Patrick', 'Yates, Elizabeth']",[]
WOS:000536403900001,"Are US firms becoming more short-term oriented? Evidence of shifting firm time horizons from implied discount rates, 1980-2013",2023,"['Sampson, Rachelle C.', 'Shi, Yuan']","['CEO compensation', 'institutional investing', 'myopia', 'R&D investment', 'short termism', 'time horizons']"
WOS:000543497700001,Professional development for transformational change: findings from the lilead fellows program,2023,"['Kodama, Christie', 'Gregory, Kristen H.', 'DiScala, Jeffrey', 'Weeks, Ann Carlson']","['Professional development', 'school library programmes', 'leadership', 'transformational change']"
WOS:000548139500001,"Risk-based, multistage stochastic energy project selection",2023,"['Champion, Billy R.', 'Gabriel, Steven A.', 'Salo, Ahti']","['Energy', 'Conservation', 'Optimization', 'Multistage', 'Stochastic', 'Programming']"
WOS:000556199800001,Optimal thermostatically-controlled residential demand response for retail electric providers,2023,"['Moglen, Rachel L.', 'Chanpiwat, Pattanun', 'Gabriel, Steven A.', 'Blohm, Andrew']","['Air conditioning', 'Dynamic programming', 'Demand response', 'Stochastic optimization', 'Retail electric providers', 'Scheduling']"
WOS:000557624100001,Interactional scaffolding in a first-grade classroom through the teaching-learning cycle,2023,"['de Oliveira, Luciana C.', 'Jones, Loren', 'Smith, Sharon L.']","['Bilingual students', 'classroom discourse', 'content and language integrated learning (CLIL)', 'ELL', 'teaching and learning cycle', 'interactional scaffolding']"
WOS:000584713400001,Our college degree: familial engagement in the lives of diverse Black collegians,2023,"['Mwangi, Chrystal A. George', 'Malcolm, Moya', 'Thelamour, Barbara']","['Black students', 'Immigrants', 'College Access', 'College Experience', 'Family', 'College Students']"
WOS:000591948500001,Strategic generation investment using a stochastic rolling-horizon MPEC approach,2023,"['Kallabis, Thomas', 'Gabriel, Steven A.', 'Weber, Christoph']","['Energy applications', 'Stochastic optimization', 'Integer programming']"
WOS:000615873400001,A qualitative analysis of Ethiopian and Eritrean Americans' initiation and continuation of hookah smoking,2023,"['Kidanu, Azieb W.', 'Kidanu, Tamnnet W.', 'Butler, James, III', 'Dyer, Typhanye V.']","['Hookah', 'tobacco', 'Ethiopian', 'Eritrean', 'immigrant health']"
WOS:000615856300001,Race-based differences in drug use prior to onset of opioid use disorder,2023,"['Deutsch-Link, Sasha', 'Belcher, Annabelle M.', 'Massey, Ebonie', 'Cole, Thomas O.', 'Wagner, Michael A.', 'Billing, Amy S.', 'Greenblatt, Aaron D.', 'Weintraub, Eric', 'Wish, Eric D.']","['Opioid use disorder', 'opioid treatment program', 'methadone', 'race', 'substance use']"
WOS:000630685700001,"Understanding Disproportionate Suspension Practices for Black Students in Elementary, Middle, and High Schools",2023,"['Fix, Rebecca L.', 'Schaeffer, Cindy M.', 'Bohnenkamp, Jill H.', 'Hoover, Sharon']","['race', 'disparities', 'suspension', 'punishment', 'education', 'Erin Dowdy']"
WOS:000627103800001,"What Do We Mean By a ""Hard-to-reach"" Population? Legitimacy Versus Precarity as Barriers to Access",2023,"['Ellis, Rachel']","['barriers to access', 'ethnography', 'hard-to-reach', 'hidden populations', 'interviews', 'prisons', 'reentry']"
WOS:000625761000001,A Language-Based Approach to Content Instruction (LACI) for Multilingual Learners: Six Cs of Scaffolding in First Grade,2023,"['de Oliveira, Luciana C.', 'Jones, Loren', 'Smith, Sharon L.']","['Bilingual students', 'elementary education', 'English language learners', 'literacy instruction', 'multilingual learners', 'scaffolding', 'teacher discourse']"
WOS:000631764300003,The impact of maternal and paternal parenting styles and parental involvement on Chinese adolescents' academic engagement and burnout,2023,"['Zhu, Qianyu', 'Cheong, Yeram', 'Wang, Cixin', 'Tong, Jiajin']","['Parenting styles', 'Parental involvement', 'Perceived parental support', 'Gender differences', 'Academic burnout', 'Academic engagement']"
WOS:000631747700001,Birth outcomes in hard times among minority ethnic groups,2023,"['Bertoli, Paola', 'Grembi, Veronica', 'Nguyen, The Linh Bao']","['Recessions', 'Immigrants', 'Low birth weight', 'Premature babies', 'Networks']"
WOS:000786485400001,"Maternal smoking during pregnancy, offspring smoking, adverse childhood events, and risk of major depression: a sibling design study",2023,"['Shenassa, Edmond D.', 'Rogers, Michelle L.', 'Buka, Stephen L.']","['Barker hypothesis', 'depression', 'DOHaD', 'maternal smoking during pregnancy']"
WOS:000638970900001,Learning through everyday activities: Improving preschool language and literacy outcomes via family workshops,2023,"['Roberts, Kathryn L.', 'Rochester, Shana E.']","['Pre-school children', 'family literacy', 'home literacy environment', 'early childhood literacy', 'family literacy practices']"
WOS:000647247500001,Increasing the Number Sense Understanding of Preschool Students With ASD,2023,"['Ingelin, Bonnie L.', 'Intepe-Tingir, Seyma', 'Hammons, Nanette C.']","['autism spectrum disorder', 'early childhood', 'mathematics', 'number sense', 'Number Talks', 'small group instruction']"
WOS:000655455800001,"The ""Boko Haram Disaggregation Problem"" and Comparative Profiles of Factional Violence: Challenges, Impacts, and Solutions in the Study of Africa's Deadliest Terror Group(s)",2023,"['Warner, Jason', 'Lizzo, Stephanie']","['""Boko Haram""', 'Jama\'atuAhlis Sunna Lidda\'awati Wal-Jihad"" (JAS)', 'Islamic State West Africa Province (ISWAP)', 'Global Terrorism Database (GTD)', '""Boko Haram disaggregation problem""']"
WOS:000664079300001,Life-cycle cost analysis of pile-supported wharves under multi-hazard condition: aging and shaking,2023,"['Mirzaeefard, Hamid', 'Mirtaheri, Masoud', 'Hariri-Ardebili, Mohammad Amin']","['Pile-supported wharves', 'corrosion', 'time-dependent seismic fragility', 'failure cost', 'life-cycle cost', 'analytical performance index']"
WOS:000671920900016,"The effect of organic farming on water reusability, sustainable ecosystem, and food toxicity",2023,"['Parizad, Shirin', 'Bera, Sayanta']","['Bacillus thuringiensis', 'Ecology', 'Natural conservation', 'Pest management', 'Runoff', 'Sustainability', 'Virus']"
WOS:000679487900001,Predicting Question Difficulty in Web Surveys: A Machine Learning Approach Based on Mouse Movement Features,2023,"['Fernandez-Fontelo, Amanda', 'Kieslich, Pascal J.', 'Henninger, Felix', 'Kreuter, Frauke', 'Greven, Sonja']","['mouse movements', 'paradata', 'web surveys', 'difficulty', 'personalization', 'supervised learning models', 'classification']"
WOS:000674800000001,Preventing the COVID-19 Outbreak in Vietnam: Social Media Campaign Exposure and the Role of Interpersonal Communication,2023,"['Hue Trong Duong', 'Long Thang Van Nguyen', 'McFarlane, Soroya Julian', 'Hoa Thanh Nguyen', 'Khai The Nguyen']",[]
WOS:000675784900001,Exploring participants' experiences of mental health and stigma in American colleges,2023,"['Dias, Shawna', 'Wang, Xiaojing (Romy)']","['Health communication', 'higher education', 'mental health', 'stigma']"
WOS:000677936600001,Evaluating the Effects of Video-Based Intervention to Teach Vocational Skills to Transition-Age Youth with Autism Spectrum Disorder: an Evidence-Based Systematic Review,2023,"['Chen, Briella Baer', 'Yakubova, Gulnoza']","['Vocational education', 'Instructional technologies', 'Autism', 'Effect size', 'Single-subject research']"
WOS:000684484500001,"The Use of Augmented Reality Interventions to Provide Academic Instruction for Children with Autism, Intellectual, and Developmental Disabilities: an Evidence-Based Systematic Review",2023,"['Yakubova, Gulnoza', 'Defayette, Melissa A.', 'Chen, Briella Baer', 'Proulx, Anthony L.']","['Augmented reality', 'Autism', 'Intellectual and developmental disabilities', 'Academic skills', 'Collateral academic skills', 'Systematic review']"
WOS:000686881200001,Transfer Student Self-Efficacy: A Success-Oriented Narrative of the Transfer Student Experience,2023,"['Buenaflor, Shannon Hayes']",[]
WOS:000684886300001,Humean nomic essentialism,2023,"['Bhogal, Harjit', 'Perry, Zee']",[]
WOS:000697045800001,Interactive COVID-19 Mobility Impact and Social Distancing Analysis Platform,2023,"['Zhang, Lei', 'Darzi, Aref', 'Ghader, Sepehr', 'Pack, Michael L.', 'Xiong, Chenfeng', 'Yang, Mofeng', 'Sun, Qianqian', 'Kabiri, Aliakbar', 'Hu, Songhua']",[]
WOS:000697425700001,Self-imagery and advertising effectiveness: the role of sense of presence,2023,"['Jang, Wonseok (Eric)', 'Lee, Sun Young', 'Asada, Akira']","['Self-imagery', 'presence', 'imagery engagement', 'mood transfer', 'fear']"
WOS:000700066600001,Factors influencing perceived function in the upper limb prosthesis user population,2023,"['Zhang, Xuyuan', 'Baun, Kerstin S.', 'Trent, Lauren', 'Miguelez, John M.', 'Kontson, Kimberly L.']",[]
WOS:000702406400001,Quantifying Severity of Preschool-Aged Children's Internalizing Behaviors: A Daily Diary Analysis,2023,"['Bufferd, Sara J.', 'Olino, Thomas M.', 'Dougherty, Lea R.']","['preschool', 'anxiety', 'depression', 'internalizing', 'development', 'daily diary']"
WOS:000702633000001,Re-examining and reimagining power in participatory visual methodologies: a collaborative autoethnography,2023,"['Phelps-Ward, Robin', 'Latz, Amanda O.', 'Turner Kelly, Bridget', 'Kortegast, Carrie']","['Power', 'qualitative', 'participatory visual methodologies']"
WOS:000704276700001,"Meat and mental health: A meta-analysis of meat consumption, depression, and anxiety",2023,"['Dobersek, Urska', 'Teel, Kelsey', 'Altmeyer, Sydney', 'Adkins, Joshua', 'Wy, Gabrielle', 'Peak, Jackson']","['anxiety', 'depression', 'meat', 'mental health', 'vegan', 'vegetarianism', 'sex']"
WOS:000709673700001,A theory of reference point formation,2023,"['Kibris, Ozgur', 'Masatlioglu, Yusufcan', 'Suleymanov, Elchin']","['Conspicuity', 'Reference-Dependence', 'Reference point formation', 'Revealed preference', 'Psychological constraints', 'Choice reversal']"
WOS:000760928700001,Associations between cortical thickness and anxious/depressive symptoms differ by the quality of early care,2023,"['Korom, Marta', 'Tottenham, Nim', 'Valadez, Emilio A.', 'Dozier, Mary']","['anxious', 'depressive symptoms', 'caregiving quality', 'cortical thickness', 'early adversity', 'pial surface area']"
WOS:000709163700001,L-space knots with tunnel number >1 by experiment,2023,"['Anderson, Chris', 'Baker, Kenneth L.', 'Gao, Xinghua', 'Kegel, Marc', 'Le, Khanh', 'Miller, Kyle', 'Onaran, Sinem', 'Sangston, Geoffrey', 'Tripp, Samuel', 'Wood, Adam', 'Wright, Ana']","['Braid', 'L-space knot', 'asymmetric', 'SnapPy']"
WOS:000714328000001,Women reporters as experts on security affairs in Jordan? Rethinking gender and issue competency stereotypes,2023,"['Jones, Calvert W.', 'Mitchell, Jocelyn Sage']","['Gender', 'national security', 'MENA', 'Mediterranean', 'surveys']"
WOS:000712723800004,Theories of Child Development and Their Impact on Early Childhood Education and Care,2023,"['Saracho, Olivia N.']","['Theories', 'Theorists', 'Child development', 'Early childhood education']"
WOS:000715785400001,The Perceived Health Implications of Policies and Rhetoric Targeting Transgender and Gender Diverse Youth: A Community-Based Qualitative Study,2023,"['Paceley, Megan S.', 'Dikitsas, Zosimo A.', 'Greenwood, Emera', 'McInroy, Lauren B.', 'Fish, Jessica N.', 'Williams, Natasha', 'Riquino, Michael R.', 'Lin, Malcolm', 'Henderson, Sara Birnel', 'Levine, Deborah S.']","['transgender', 'gender diverse', 'policy', 'rhetoric', 'suicide', 'discrimination']"
WOS:000714196600001,Anterior-posterior patterning of segments in <i>Anopheles stephensi</i> offers insights into the transition from sequential to simultaneous segmentation in holometabolous insects,2023,"['Cheatle Jarvela, Alys M.', 'Trelstad, Catherine S.', 'Pick, Leslie']","['Anopheles', 'evo-devo', 'gene regulatory network', 'mosquito', 'pair-rule patterning', 'segmentation']"
WOS:000716325300001,"Fear, freaks, and fat phobia: an examination of how <i>My 600 Lbs Life</i> displays ""Fat"" Black women",2023,"['Justin, Tori']","['Freak show', 'fat phobia', 'disability', 'media', 'representation']"
WOS:000716650600001,Accounting for post-randomization variables in meta-analysis: A joint meta-regression approach,2023,"['Lian, Qinshu', 'Zhang, Jing', 'Hodges, James S.', 'Chen, Yong', 'Chu, Haitao']","['Bayesian method', 'joint modeling', 'meta-regression', 'missing data', 'post-randomization variable']"
WOS:000721806100001,Jigsaw dissection activity enhances student ability to relate morphology and ecology in aquatic insects,2023,"['Eckert, Rebecca A.', 'Lamp, William O.', 'Marbach-Ad, Gili']","['Jigsaw', 'cooperative learning', 'laboratory', 'entomology', 'mouthparts']"
WOS:000719720400001,Incorporating bus delay minimization in design of signal progression for arterials accommodating heavy mixed-traffic flows,2023,"['Chen, Yen-Hsiang', 'Cheng, Yao', 'Chang, Gang-Len']","['Arterial signal control', 'bus delay', 'temporary lane blockage']"
WOS:000721121600001,Caregivers' Experiences During the COVID-19 Pandemic and Their Children's Behavior,2023,"['Reich, Stephanie M.', 'Dahlin, Melissa', 'Tulagan, Nestor', 'Kerlow, Marina', 'Cabrera, Natasha', 'Piroutek, Mary Jane', 'Heyming, Theodore']","['COVID-19', 'Family Stress Model', 'parental mental health', 'stress', 'financial strain', 'sense of purpose', 'child development']"
WOS:000714445700001,Where Terror Lies: Misrepresentation of Extremist Attitudes and Terrorist Attacks in the Sahel,2023,"['Finkel, Steven E.', 'McCauley, John F.', 'Neureiter, Michael', 'Belasco, Christopher']","['Violent extremism', 'preference falsification', 'terrorist attacks', 'Africa', 'experiment']"
WOS:000723465800001,Multiracial individuals' experiences of rejection and acceptance from different racial groups and implications for life satisfaction,2023,"['Norman, Jasmine B.', 'Franco, Marisa G.', 'Chen, Jacqueline M.']","['Multiracial', 'social rejection', 'ingroup', 'life satisfaction']"
WOS:000726447700001,An interpretable machine learning approach to understanding the impacts of attitudinal and ridesourcing factors on electric vehicle adoption,2023,"['Bas, Javier', 'Zou, Zhenpeng', 'Cirillo, Cinzia']","['Electric vehicles', 'attitudes', 'ridesourcing', 'machine learning', 'local interpretable model-agnostic explanations (lime)']"
WOS:000725431200001,Integrated Care: Training the Next Generation of Social Workers,2023,"['Acquavita, Shauna P.', 'Canada, Kelli', 'Lee, Bethany R.', 'Johnson, Sharon', 'Harley, Dana', 'Beaulieu, Michele', 'Cary, Suzanne']",[]
WOS:000726525200001,Improving Campus Alcohol Policies Through Assessment and Scoring,2023,"['Jernigan, David H.', 'Cureg, Janika Blaise', 'Mitchell, Molly', 'Arria, Amelia M.']","['college health', 'alcohol-related harm', 'alcohol use', 'alcohol policy', 'public health policy']"
WOS:000726838400001,Electronic nicotine delivery systems: the need for continued regulatory innovation,2023,"['Miller, Brian J.', 'Meshnick, Andrew B.', 'Lushniak, Boris D.']","['harm reduction', 'public policy', 'electronic nicotine delivery devices', 'addiction']"
WOS:000728639300001,Coping with outbreaks: Toward an infectious disease threat (IDT) appraisal model for risk communication,2023,"['Austin, Lucinda', 'Jin, Yan', 'Liu, Brooke Fisher', 'Kim, Seoyeon']",[]
WOS:000728876800001,"Price promotion receipt and use progression of any tobacco, cigarettes, e-cigarettes and cigars among US youth between 2016 and 2018",2023,"['Chen-Sankey, Julia', 'Unger, Jennifer B.', 'Bernat, Edward', 'Niederdeppe, Jeff', 'Bansal-Travers, Maansi', 'Choi, Kelvin']","['advertising and promotion', 'non-cigarette tobacco products', 'prevention']"
WOS:000730247800001,"News by Popular Demand: Ideological Congruence, Issue Salience, and Media Reputation in News Sharing<SUP> 1 </SUP>",2023,"['Aruguete, Natalia', 'Calvo, Ernesto', 'Ventura, Tiago']","['news sharing', 'social media', 'issue salience']"
WOS:000673214600001,Contributions of Friends' Problem Behaviors to Friendship Quality in a Sample of Children with ADHD,2023,"['Normand, Sebastien', 'Miller, Natalie, V', 'Mikami, Amori Yee']",[]
WOS:000732331200001,Adversarial Human Trajectory Learning for Trip Recommendation,2023,"['Gao, Qiang', 'Zhou, Fan', 'Zhang, Kunpeng', 'Zhang, Fengli', 'Trajcevski, Goce']","['Trajectory', 'Generative adversarial networks', 'Semantics', 'Recurrent neural networks', 'Computational modeling', 'Training', 'Multimedia Web sites', 'Auto-encoder', 'deep learning', 'generative adversarial net', 'spatial-temporal data', 'trip recommendation']"
WOS:000733301700001,Changes in Mental Health and Well-Being Are Associated With Living Arrangements With Parents During COVID-19 Among Sexual Minority Young Persons in the US,2023,"['Salerno, John P.', 'Doan, Long', 'Sayer, Liana C.', 'Drotning, Kelsey J.', 'Rinderknecht, R. Gordon', 'Fish, Jessica N.']","['young adults', 'LGBTQ', 'mental health', 'well-being', 'parents']"
WOS:000733138300001,Using Social Network Analysis in Applied Psychological Research: A Tutorial,2023,"['Broda, Michael D.', 'Granger, Kristen', 'Chow, Jason', 'Ross, Erica']","['social network analysis', 'sociometrics', 'tutorial', 'R programming']"
WOS:000733076300001,Family Therapy for Maltreated Youth: Can a Strengthening Therapeutic Alliance Empower Change?,2023,"['Escudero, Valentin', 'Friedlander, Myrna L.', 'Kivlighan, Dennis M.', 'Abascal, Alberto', 'Orlowski, Edmund']","['family therapy', 'working alliance', 'child maltreatment', 'SOFTA', 'child abuse']"
WOS:000733991500001,Analytics and machine learning in vehicle routing research,2023,"['Bai, Ruibin', 'Chen, Xinan', 'Chen, Zhi-Long', 'Cui, Tianxiang', 'Gong, Shuhui', 'He, Wentao', 'Jiang, Xiaoping', 'Jin, Huan', 'Jin, Jiahuan', 'Kendall, Graham', 'Li, Jiawei', 'Lu, Zheng', 'Ren, Jianfeng', 'Weng, Paul', 'Xue, Ning', 'Zhang, Huayan']","['Vehicle routing', 'machine learning', 'data driven methods', 'uncertainties']"
WOS:000733988600001,The role of values in coping with health and economic threats of COVID-19,2023,"['Lemay, Edward P., Jr.', 'Kruglanski, Arie W.', 'Molinario, Erica', 'Agostini, Maximilian', 'Belanger, Jocelyn J.', 'Gutzkow, Ben', 'Kreienkamp, Jannis', 'Reitsema, Anne Margit', 'VanDellen, Michelle R.', 'Leander, N. Pontus']","['Values', 'disease', 'COVID-19', 'prosocial behavior', 'prejudice']"
WOS:000734691400001,Parsing between- and within-person effects: Longitudinal associations between irritability and internalizing and externalizing problems from early childhood through adolescence,2023,"['Chad-Friedman, Emma', 'Galano, Maria M.', 'Lemay, Edward P.', 'Olino, Thomas M.', 'Klein, Daniel N.', 'Dougherty, Lea R.']","['between-person effects', 'childhood irritability', 'externalizing problems', 'internalizing problems', 'within-person effects']"
WOS:000739421000001,Motivated team innovation: Impact of need for closure and epistemic authority,2023,"['Theodorou, Annalisa', 'Livi, Stefano', 'Kruglanski, Arie W.', 'Pierro, Antonio']","[""adoption of newcomer's ideas"", 'epistemic authority', 'innovation', 'need for closure']"
WOS:000739615300001,State price density estimation with an application to the recovery theorem,2023,"['Sanford, Anthony']","['contingent state pricing', 'implied probabilities', 'recovery theorem', 'risk neutral density']"
WOS:000740907200001,"No Strings Attached: Philanthropy, Race, and Donor Control From Black Power to Black Lives Matter",2023,"['Dunning, Claire']","['race', 'philanthropy', 'history', 'funder-grantee relationship', 'donor control', 'giving circles']"
WOS:000741913900001,On the body of ample angles of asymptotically log Fano varieties,2023,"['Cascini, Paolo', 'Martinez-Garcia, Jesus', 'Rubinstein, Yanir A.']","['Asymptotically log Fano varieties', 'Asymptotically log Del Pezzo surfaces', 'Body of ample angles']"
WOS:000741934200008,Development and initial validation of the mental health literacy questionnaire for chinese adults,2023,"['Wu, Jue', 'Wang, Cixin', 'Lu, Yun', 'Zhu, Xu', 'Li, Yanqing', 'Liu, Guangda', 'Jiang, Guangrong']","['mental health literacy', 'measurement development', 'psychometric property', 'multi-dimension']"
WOS:000741786300001,'I told him I'm gonna get it': intimate partner birth control communication among homeless young women,2023,"['Kachingwe, Olivia N.', 'Phillips, Danielle R.', 'Jasczynski, Michelle', 'Hillig, Emily', 'Chavez, Rebecca', 'Tellei, Jacqueline', 'Aparicio, Elizabeth M.']","['Homelessness', 'adolescence', 'birth control', 'sexual health communication', 'adolescent pregnancy', 'thematic analysis']"
WOS:000749323100001,"Interpersonal communication-, education- and counselling-based interventions to support adherence to oral anticancer therapy: a systematic review",2023,"['Elston Lafata, Jennifer', 'Nguyen, Bobbie', 'Staresinic, Claire', 'Johnson, Morgan', 'Gratie, Daniel', 'Muluneh, Benyam']","['Oral chemotherapy', 'oral anticancer agents', 'oral anticancer therapy', 'medication adherence', 'patient-physician communication', 'patient counselling', 'patient education', 'systematic review']"
WOS:000742690400001,Online Deterministic Annealing for Classification and Clustering,2023,"['Mavridis, Christos N.', 'Baras, John S.']","['Optimization', 'Vector quantization', 'Distortion measurement', 'Stochastic processes', 'Machine learning algorithms', 'Approximation algorithms', 'Data models', 'Annealing optimization', 'Bregman divergences', 'classification', 'clustering', 'machine learning algorithms', 'progressive learning']"
WOS:000743072800001,Collective investment in a common pool resource: Grower associations and food safety guidelines,2023,"['Adalja, Aaron', 'Lichtenberg, Erik', 'Page, Elina T.']","['collective reputation', 'common pool resource', 'food policy', 'food safety']"
WOS:000664078100001,Role and function of the <i>Hintw</i> in early sex differentiation in chicken (<i>Gallus gallus</i>) embryo,2023,"['Sun, Changhua', 'Jin, Kai', 'Zhou, Jing', 'Zuo, Qisheng', 'Song, Jiuzhou', 'Yani, Zhang', 'Chen, Guohong', 'Li, Bichun']","['Chicken', 'sex determination', 'Hintw', 'gene function']"
WOS:000744315600001,Parenting and childhood irritability: Negative emotion socialization and parental control moderate the development of irritability,2023,"['Ravi, Sanjana', 'Havewala, Mazneen', 'Kircanski, Katharina', 'Brotman, Melissa A.', 'Schneider, Leslie', 'Degnan, Kathryn', 'Almas, Alisa', 'Fox, Nathan', 'Pine, Daniel S.', 'Leibenluft, Ellen', 'Filippi, Courtney']","['emotion socialization', 'irritability', 'parental control', 'parenting', 'psychopathology']"
WOS:000746789000001,Empirically-Derived Effect Size Distributions of Interventions for Young Children on the Autism Spectrum,2023,"['Chow, Jason', 'Zhao, Hongyang', 'Sandbank, Micheal', 'Bottema-Beutel, Kristen', 'Woynaroski, Tiffany']",[]
WOS:000750143100001,Intentions to be Vaccinated Against COVID-19: The Role of Prosociality and Conspiracy Beliefs across 20 Countries,2023,"['Enea, Violeta', 'Eisenbeck, Nikolett', 'Carreno, David F.', 'Douglas, Karen M.', 'Sutton, Robbie M.', 'Agostini, Maximilian', 'Belanger, Jocelyn J.', 'Gutzkow, Ben', 'Kreienkamp, Jannis', 'Abakoumkin, Georgios', 'Khaiyom, Jamilah Hanum Abdul', 'Ahmedi, Vjollca', 'Akkas, Handan', 'Almenara, Carlos A.', 'Atta, Mohsin', 'Bagci, Sabahat Cigdem', 'Basel, Sima', 'Kida, Edona Berisha', 'Bernardo, Allan B., I', 'Buttrick, Nicholas R.', 'Chobthamkit, Phatthanakit', 'Choi, Hoon-Seok', 'Cristea, Mioara', 'Csaba, Sara', 'Damnjanovic, Kaja', 'Danyliuk, Ivan', 'Dash, Arobindu', 'Di Santo, Daniela', 'Faller, Daiane Gracieli', 'Fitzsimons, Gavan', 'Gheorghiu, Alexandra', 'Gomez, Angel', 'Grzymala-Moszczynska, Joanna', 'Hamaidia, Ali', 'Han, Qing', 'Helmy, Mai', 'Hudiyana, Joevarian', 'Jeronimus, Bertus F.', 'Jiang, Ding-Yu', 'Jovanovic, Veljko', 'Kamenov, Zeljka', 'Kende, Anna', 'Keng, Shian-Ling', 'Tra Thi Thanh Kieu', 'Koc, Yasin', 'Kovyazina, Kamila', 'Kozytska, Inna', 'Krause, Joshua', 'Kruglanski, Arie W.', 'Kurapov, Anton', 'Kutlaca, Maja', 'Lantos, Nora Anna', 'Lemay, Edward P., Jr.', 'Lesmana, Cokorda Bagus Jaya', 'Louis, Winnifred R.', 'Lueders, Adrian', 'Malik, Najma Iqbal', 'Martinez, Anton', 'McCabe, Kira O.', 'Mehulic, Jasmina', 'Milla, Mirra Noor', 'Mohammed, Idris', 'Molinario, Erica', 'Moyano, Manuel', 'Muhammad, Hayat', 'Mula, Silvana', 'Muluk, Hamdi', 'Myroniuk, Solomiia', 'Najafi, Reza', 'Nisa, Claudia F.', 'Nyul, Boglarka', ""O'Keefe, Paul A."", 'Olivas Osuna, Jose Javier', 'Osin, Evgeny N.', 'Park, Joonha', 'Pica, Gennaro', 'Pierro, Antonio', 'Rees, Jonas', 'Reitsema, Anne Margit', 'Resta, Elena', 'Rullo, Marika', 'Ryan, Michelle K.', 'Samekin, Adil', 'Santtila, Pekka', 'Sasin, Edyta', 'Schumpe, Birga M.', 'Selim, Heyla A.', 'Stanton, Michael Vicente', 'Sultana, Samiah', 'Tseliou, Eleftheria', 'Utsugi, Akira', 'van Breen, Jolien Anne', 'Van Lissa, Caspar J.', 'Van Veen, Kees', 'vanDellen, Michelle R.', 'Vazquez, Alexandra', 'Wollast, Robin', 'Yeung, Victoria Wai-Lan', 'Zand, Somayeh', 'Zezelj, Iris Lav', 'Zheng, Bang', 'Zick, Andreas', 'Zuniga, Claudia', 'Leander, N. Pontus']",[]
WOS:000745876900001,The Case for a True Task-Based Curriculum for Medical Spanish Courses,2023,"['Coss, Matthew D.']","['Medical Spanish', 'task-based language teaching (TBLT)', 'language for specific purposes', 'curriculum development']"
WOS:000746251400001,Latent classes of oppositional defiant disorder in adolescence and prediction to later psychopathology,2023,"['Racz, Sarah J.', 'McMahon, Robert J.', 'Gudmundsen, Gretchen', 'McCauley, Elizabeth', 'Vander Stoep, Ann']","['adolescence', 'conduct disorder', 'depression', 'latent class analysis', 'oppositional defiant disorder']"
WOS:000747579400001,"""OK Boomer"": Demagogic Discourse and Intergenerational Communication",2023,"['Anderson, Lindsey B.']","['Intergenerational communication', 'boomers', 'demagoguery', 'qualitative']"
WOS:000747216700001,Sustaining the Use of Evidence-Based Tier 1 Literacy Practices That Benefit Students With Disabilities,2023,"['Wexler, Jade', 'Swanson, Elizabeth', 'Shelton, Alexandra', 'Kurz, Leigh Ann', 'Bray, Laura', 'Hogan, Erin']","['adolescents', 'literacy', 'professional development', 'sustainability']"
WOS:000744308600001,"""We can be leaders"": minoritized youths' subjugated (civic) knowledges and social futures in two urban contexts",2023,"['Sinclair, Kristin A.', 'Rodriguez, Sophia', 'Monreal, Timothy P.']","['Civic education', 'minoritized youth', 'subjugated knowledge']"
WOS:000748162700002,Do high aspirations lead to better outcomes? Evidence from a longitudinal survey of adolescents in Peru,2023,"['Graham, Carol', 'Pozuelo, Julia R.']","['Adolescents', 'Aspirations', 'Human capital outcomes', 'Risky behaviors', 'Peru']"
WOS:000748791000001,Maternal depressive symptoms and child behavior problems: Attachment security as a protective factor,2023,"['Whittenburg, Paige N.', 'Stern, Jessica A.', 'Brett, Bonnie E.', 'Straske, M. Davis', 'Cassidy, Jude']","['attachment', 'behavior problems', 'maternal depressive symptoms', 'parenting']"
WOS:000749445000001,The Relationship Between Financial Worries and Psychological Distress Among US Adults,2023,"['Ryu, Soomin', 'Fan, Lu']","['Financial worries', 'Financial strains', 'Psychological distress', 'Mental health']"
WOS:000750746300001,"Gender, spousal caregiving, and depressive symptoms among Chinese older adults: does work status matter?",2023,"['Duan, Haoshu', 'Chen, Feinian']","['Spousal caregiving', 'gender', 'mental well-being', 'work status']"
WOS:000752461400001,Using Simulated Annealing to Investigate Sensitivity of SEM to External Model Misspecification,2023,"['Fisk, Charles L.', 'Harring, Jeffrey R.', 'Shen, Zuchao', 'Leite, Walter', 'Suen, King Yiu', 'Marcoulides, Katerina M.']","['sensitivity analysis', 'structural equation modeling', 'simulated annealing', 'optimization', 'metaheuristic algorithms']"
WOS:000755957100001,Creating a Mentoring Culture in Graduate Training Programs,2023,"['Johnson, W. Brad', 'Long, Siyi', 'Smith, David G.', 'Griffin, Kimberly A.']","['mentoring', 'training', 'culture', 'relational']"
WOS:000742417800001,"Digital knowledge sharing: perspectives on use, impacts, risks, and best practices according to Native American and Indigenous community-based researchers",2023,"['Marsh, Diana E.']","['Digital knowledge sharing', 'Digitization', 'Impact', 'Native American and Indigenous collections', 'Indigenous sovereignty']"
WOS:000755957500001,Sensation Seeking and Alcohol Expectancies Regarding Sexual Aggression as Moderators of the Relationship Between Alcohol Use and Coercive Condom Use Resistance Intentions,2023,"['Kirwan, Mitchell', 'VanDaalen, Rachel A.', 'Eldridge, Nolan', 'Davis, Kelly Cue']","['alcohol', 'sexual violence', 'condom use resistance', 'alcohol expectancies', 'sensation seeking']"
WOS:000755015400001,Is <i>My</i> Story Better Than <i>His</i> Story? Understanding the Effects and Mechanisms of Narrative Point of View in the Opioid Context,2023,"['Ma, Zexin', 'Ma, Rong', 'Ledford, Victoria']","['narrative persuasion', 'narrative point of view', 'opioid use disorder', 'stigma']"
WOS:000755765800001,"""Have Sure Tried"": Hemingway's Unfaltering Career",2023,"['Wyatt, David']","['marriage', 'fathering', 'remorse', 'editing', 'desire']"
WOS:000753369100001,Speech-Language Pathologists' Experiences With Challenging Behavior in Practice,2023,"['Chow, Jason C.', 'Senter, Reed', 'Morse, Ashley']","['behavior', 'speech-language pathology', 'SLPs', 'preparation']"
WOS:000749544300001,"""Willpower knows no obstacles"": Examining Neoliberal Postfeminist Messaging in Nike's Transnational Advertisements for Women",2023,"['Posbergh, Anna', 'Andrews, David L.', 'Clevenger, Samuel M.']","['Nike', 'media analysis', 'transnational feminism', 'neoliberalism', 'postfeminism']"
WOS:000759714000001,"""The Talk"" Tells the Story: A Qualitative Investigation of Parents' Racial Socialization Competency With Black Adolescents",2023,"['Anderson, Riana Elyse', 'Ahn, Lydia HaRim', 'Brooks, Jasmin R.', 'Charity-Parker, Bianka', 'Inniss-Thompson, Misha', 'Gumudavelly, Divya', 'Mitchell, Secret', 'Anyiwo, Nkemka']","['racial socialization', 'Black families', 'RECAST', 'intervention', 'racial discrimination']"
WOS:000759315800001,Not All Homes Are Safe: Family Violence Following the Onset of the Covid-19 Pandemic,2023,"['Drotning, Kelsey J.', 'Doan, Long', 'Sayer, Liana C.', 'Fish, Jessica N.', 'Rinderknecht, R. Gordon']","['Family violence', 'COVID-19 pandemic', 'Gender', 'Sexual identity', 'Family stress theory']"
WOS:000761195200001,The development of depressogenic self-schemas: Associations with children's regional grey matter volume in ventrolateral prefrontal cortex,2023,"['Liu, Pan', 'Hayden, Elizabeth P.', 'Dougherty, Lea R.', 'Leung, Hoi-Chung', 'Goldstein, Brandon', 'Klein, Daniel N.']","['cognitive vulnerability', 'longitudinal', 'self-schemas', 'structural MRI', 'voxel-based morphometry']"
WOS:000761341900001,Railway Alignment Optimization Under Uncertainty With a Minimax Robust Method,2023,"['Song, Taoran', 'Pu, Hao', 'Schonfeld, Paul', 'Hu, Jianping']","['Optimization', 'Rail transportation', 'Uncertainty', 'Costs', 'Linear programming', 'Roads', 'Integrated circuit modeling']"
WOS:000761753800001,"Future foods: Alternative proteins, food architecture, sustainable packaging, and precision nutrition",2023,"['Liu, Fuguo', 'Li, Moting', 'Wang, Qiankun', 'Yan, Jun', 'Han, Shuang', 'Ma, Cuicui', 'Ma, Peihua', 'Liu, Xuebo', 'McClements, David Julian']","['Future foods', 'nanotechnology', 'structural design', 'sustainability']"
WOS:000762237000001,VALUES OF ZETA FUNCTIONS OF ARITHMETIC SURFACES AT <i>s</i>=1,2023,"['Lichtenbaum, Stephen', 'Ramachandran, Niranjan']","['zeta functions', 'elliptic curves']"
WOS:000765425200001,Collaboration to Support Language and Learning Outcomes for Students With Disabilities,2023,"['Chow, Jason C.']","['collaboration', 'speech', 'language pathologist', 'special issue introduction']"
WOS:000765424700001,Supporting Children's Language and Literacy Through Collaborative Shared Book Reading,2023,"['Murphy, Kimberly A.', 'Pentimont, Jill M.', 'Chow, Jason C.']","['shared book reading', 'collaboration', 'early childhood', 'learning disabilities', 'language', 'early literacy']"
WOS:000765380400001,Parent and staff perspectives on the benefits and barriers to communication with infants in the neonatal intensive care unit,2023,"['Romeo, Rachel', 'Pezanowski, Regina', 'Merrill, Kassie', 'Hargrave, Sarah', 'Hansen, Anne']","['Communication', 'language', 'neonatal intensive care units', 'qualitative methods']"
WOS:000766315800001,Radical Healing in Psychotherapy: Addressing the Wounds of Racism-Related Stress and Trauma,2023,"['Adames, Hector Y.', 'Chavez-Duenas, Nayeli Y.', 'Lewis, Jioni A.', 'Neville, Helen A.', 'French, Bryana H.', 'Chen, Grace A.', 'Mosley, Della, V']","['liberation psychology', 'radical healing', 'intersectionality', 'racial trauma', 'racism']"
WOS:000762170700001,Toward a framework for risk monitoring of complex engineering systems with online operational data: A deep learning-based solution,2023,"['Moradi, Ramin', 'Ruiz-Tagle Palazuelos, Andres', 'Lopez Droguett, Enrique', 'Groth, Katrina M.']","['Deep learning', 'Fault Tree', 'model calibration', 'system-level monitoring', 'dynamic risk assessment', 'prognostics and health management']"
WOS:000763868300001,"The citizenship shield: Mediated and moderated links between immigration status, discrimination, food insecurity, and negative health outcomes for latinx immigrants during the COVID-19 pandemic",2023,"['Cadenas, German A.', 'Cerezo, Alison', 'Chavez, Fiorella L. Carlos', 'Rosario, Cristalis Capielo', 'Torres, Lucas', 'Suro, Beatriz', 'Fuentes, Mercedez', 'Sanchez, Delida']","['COVID-19 pandemic', 'food insecurity', 'health disparity', 'Latinx immigrants', 'racial discrimination', 'U', 'S', 'citizenship']"
WOS:000770026000001,Applying Co-Teaching Models to Enhance Partnerships Between Teachers and Speech-Language Pathologists,2023,"['Zimmerman, Kathleen N.', 'Chow, Jason C.', 'Majeika, Caitlyn', 'Senter, Reed']","['co-teaching', 'collaboration', 'language-learning', 'disabilities', 'inclusion', 'service delivery models']"
WOS:000767838700001,MetaGeo: A General Framework for Social User Geolocation Identification With Few-Shot Learning,2023,"['Zhou, Fan', 'Qi, Xiuxiu', 'Zhang, Kunpeng', 'Trajcevski, Goce', 'Zhong, Ting']","['Geology', 'Social networking (online)', 'Task analysis', 'Predictive models', 'Training', 'Blogs', 'Adaptation models', 'Bayesian learning', 'few-shot learning', 'geolocation', 'meta-learning', 'semisupervised learning']"
WOS:000768759100001,Uncovering Typologies of Civically Engaged Latina/o College Graduates at 4-Year Institutions of Higher Education,2023,"['Guzman, Amilcar', 'Cabrera, Alberto F.']","['Family', 'parent & community', 'activism', 'quantitative research', 'post-secondary education', 'Latino/a children and families']"
WOS:000769226400001,Communication apprehension in the online presentational speaking course: Considerations for synchronous course meetings and asynchronous presentations,2023,"['Ledford, Victoria', 'Wang, Xiaojing', 'Anderson, Lindsey B.', 'Leach, Jonathan', 'Lucas, Melissa', 'Mazzone, Raphael']",[]
WOS:000769338800001,Five state factors control progressive stages of freshwater salinization syndrome,2023,"['Kaushal, Sujay S.', 'Mayer, Paul M.', 'Likens, Gene E.', 'Reimer, Jenna E.', 'Maas, Carly M.', 'Rippy, Megan A.', 'Grant, Stanley B.', 'Hart, Ian', 'Utz, Ryan M.', 'Shatkay, Ruth R.', 'Wessel, Barret M.', 'Maietta, Christine E.', 'Pace, Michael L.', 'Duan, Shuiwang', 'Boger, Walter L.', 'Yaculak, Alexis M.', 'Galella, Joseph G.', 'Wood, Kelsey L.', 'Morel, Carol J.', 'Nguyen, William', 'Querubin, Shane Elizabeth C.', 'Sukert, Rebecca A.', 'Lowien, Anna', 'Houde, Alyssa Wellman', 'Roussel, Anais', 'Houston, Andrew J.', 'Cacopardo, Ari', 'Ho, Cristy', 'Talbot-Wendlandt, Haley', 'Widmer, Jacob M.', 'Slagle, Jairus', 'Bader, James A.', 'Chong, Jeng Hann', 'Wollney, Jenna', 'Kim, Jordan', 'Shepherd, Lauren', 'Wilfong, Matthew T.', 'Houlihan, Megan', 'Sedghi, Nathan', 'Butcher, Rebecca', 'Chaudhary, Sona', 'Becker, William D.']",[]
WOS:000770533900001,You(r Behaviors) Are Racist: Responses to Prejudice Confrontations Depend on Confrontation Focus,2023,"['Wessel, Jennifer L.', 'Lemay, Edward P., Jr.', 'Barth, Sara E.']","['Racism', 'Prejudice', 'Confrontations']"
WOS:000770022900001,Mountain railway alignment optimization integrating layouts of large-scale auxiliary construction projects,2023,"['Song, Taoran', 'Pu, Hao', 'Schonfeld, Paul', 'Liang, Zhu', 'Zhang, Ming', 'Hu, Jianping', 'Zhou, Yuhui', 'Xu, Zhanjun']",[]
WOS:000772037100001,Inequity Within: A Call for Inclusion of Latina/o/x Scholars in Faculty and Leadership Ranks in Schools and Programs of Public Health,2023,"['Ramirez-Valles, Jesus', 'Neubauer, Leah C.', 'Zambrana, Ruth Enid']","['Latinx', 'equity', 'academic public health', 'faculty']"
WOS:000777354300001,Parent-Implemented Video-Based Intervention to Teach Autistic Children: an Evidence-Based Systematic Review,2023,"['Yakubova, Gulnoza', 'Chen, Briella Baer']","['Video-based intervention', 'Parent training', 'Parent-implemented', 'Autism', 'Systematic review']"
WOS:000772154900001,Stressful Experiences and Postpartum Depressive Symptoms Among Asian and Pacific Islander Women in the U.S.: The Significance of Racial Discrimination,2023,"['Du, Jingshuai', 'Steinberg, Julia R.']","['Asian and Pacific Islander women', 'postpartum depressive symptoms', 'racial discrimination', 'family stressors', 'physical violence']"
WOS:000770752700002,Mathematics Learning Through Online Video-Based Instruction for an Autistic Child,2023,"['Yakubova, Gulnoza', 'Defayette, Melissa A.', 'Chen, Briella Baer']","['Online instruction', 'Video modeling', 'Parental support', 'Autism', 'Mathematics']"
WOS:000772862100001,"Capturing computational thinking in public libraries: An examination of assessment strategies, audience, and mindset",2023,"['Subramaniam, Mega', 'Koren, Nitzan', 'Morehouse, Shandra', 'Weintrop, David']","['Assessment', 'computational thinking', 'youth learning', 'youth services']"
WOS:000772812000001,School-Based Personnel Advocacy for Undocumented Students Through Collective Leadership in Urban Schools: A Comparative Case Study,2023,"['Rodriguez, Sophia', 'Crawford, Emily R.']","['collective leadership', 'undocumented students', 'comparative case study', 'educational leadership', 'school social workers', 'immigration']"
WOS:000772722800004,Waste-Derived Fuels and Renewable Chemicals for Bioeconomy Promotion: A Sustainable Approach,2023,"['Narisetty, Vivek', 'Reshmy, R.', 'Maitra, Shraddha', 'Tarafdar, Ayon', 'Alphy, Maria Paul', 'Kumar, A. Naresh', 'Madhavan, Aravind', 'Sirohi, Ranjna', 'Awasthi, Mukesh Kumar', 'Sindhu, Raveendran', 'Varjani, Sunita', 'Binod, Parameswaran']","['Renewable', 'Biofuels', 'Carboxylic acids', 'Fatty acids', 'Biorefinery']"
WOS:000773544400001,Accommodation Use and Academic Outcomes for College Students With Disabilities,2023,"['Blasey, Julia', 'Wang, Cixin', 'Blasey, Ralph']",[]
WOS:000777894400001,Pretend play: More imitative than imaginative,2023,"['Adair, Heather, V', 'Carruthers, Peter']","['affect', 'cultural learning', 'imagination', 'imitation', 'play', 'pretense']"
WOS:000777560000001,Setting the Stage for Success: How Participation Diversity Can Help Teams Leverage Racioethnic Diversity,2023,"['Avery, Derek R.', 'Rhue, Lauren A.', 'McKay, Patrick F.']","['race', 'diversity', 'participation', 'teams', 'performance']"
WOS:000778155700001,Strategic fiscal spending: Evidence from China,2023,"['Lee, Youngjoon']",[]
WOS:000774627100001,sDTM: A Supervised Bayesian Deep Topic Model for Text Analytics,2023,"['Yang, Yi', 'Zhang, Kunpeng', 'Fan, Yangyang']","['supervised topic modeling', 'Bayesian variational inference', 'deep learning', 'text analysis']"
WOS:000776687000001,Joint search of optimal topology and trajectory for planar linkages,2023,"['Pan, Zherong', 'Liu, Min', 'Gao, Xifeng', 'Manocha, Dinesh']","['mixed integer', 'topology', 'geometry', 'optimization']"
WOS:000777548600001,Postnatal Progressive Craniosynostosis in Syndromic Conditions: Two Patients With Saethre-Chotzen Due to <i>TWIST1</i> Gene Deletions and Review of the Literature,2023,"['Alawneh, Rama J.', 'Johnson, Andrea L.', 'Hoover-Fong, Julie Elizabeth', 'Jackson, Eric M.', 'Steinberg, Jordan P.', 'MacCarrick, Gretchen']","['craniosynostosis', 'Saethre-Chotzen', 'TWIST', 'progressive postnatal craniosynostosis']"
WOS:000779301800001,Teaching Emotion Vocabulary to Children With Autism Spectrum Disorder,2023,"['Intepe-Tingir, Seyma', 'Whalon, Kelly']","['autism spectrum disorder', 'emotion vocabulary', 'technology']"
WOS:000778205200001,SIMULTANEOUS EQUATIONS MODELS WITH HIGHER-ORDER SPATIAL OR SOCIAL NETWORK INTERACTIONS,2023,"['Drukker, David M.', 'Egger, Peter H.', 'Prucha, Ingmar R.']",[]
WOS:000780112000001,Surrogate feasibility testing-cutting for single-objective robust optimization under interval uncertainty,2023,"['Kania, Randall J.', 'Azarm, Shapour']","['Robust optimization', 'surrogate modelling', 'interval uncertainty']"
WOS:000781874200001,Measuring Special Educators' Working Conditions: A Systematic Review,2023,"['Stark, Kristabel', 'Bettini, Elizabeth', 'Cumming, Michelle', ""O'Brien, Kristen Merrill"", 'Brunsting, Nelson', 'Huggins-Manley, Corinne', 'Binkert, Gino', 'Shaheen, Tashnuva']","['working conditions', 'special education teachers', 'measurement', 'survey research']"
WOS:000779844100001,Long-term hydraulic performance of geotextile filtering recycled materials,2023,"['Odabasi, E.', 'Dayioglu, A. Y.', 'Yetis, A. Demir', 'Aydilek, A. H.']","['Geosynthetics', 'geotextile', 'recycled materials', 'permittivity', 'physical clogging', 'blinding', 'retention']"
WOS:000782547100001,Online Literacy Instruction for Young Korean Dual Language Learners in General Education,2023,"['Kim, Sunyoung', 'Kang, Veronica', 'Kim, Hanae', 'Wang, Jing', 'Gregori, Emily']","['Literacy instruction', 'Read it again', 'Dual language learners', 'Online instruction', 'Korean', 'English language learners']"
WOS:000782791800001,Some remarks on hypergraph matching and the Furedi-Kahn-Seymour conjecture,2023,"['Bansal, Nikhil', 'Harris, David G.']","['hypergraph', 'iterative rounding', 'matching']"
WOS:000782872200001,"Relationships Among Emotion Regulation, Financial Self-Efficacy, and Financial Management Behaviors of Couples",2023,"['Kim, Jinhee', 'Falconier, Mariana K.', 'Conway, C. Andrew']","['Emotion regulation', 'Financial self-efficacy', 'Financial management behavior', 'Actor-Partner Interdependence Model']"
WOS:000781233400001,"Parenting and Mental Health needs of Young, Maltreated parents: implications for Prevention of intergenerational child maltreatment",2023,"['Aparicio, Elizabeth M.', 'Doig, Amara Channell', 'Jasczynski, Michelle', 'Robinson, Jennifer L.', 'Huq, Maisha', 'Yoo, Jee Hun', 'Hillig, Emily', 'Lee, Kaitlyn', 'Berkowitz, Allison', 'Guastaferro, Kate', 'Jones, Gary', 'Bernardi, Chloe']","['Child maltreatment prevention', 'Teen parenting', 'Mental health', 'Teen pregnancy']"
WOS:000783452400001,Offspring irritability: associations with parental psychopathology and personality,2023,"['Sorcher, Leah K.', 'Mennies, Rebekah J.', 'Robeson, Mackenzie', 'Seeley, John R.', 'Klein, Daniel N.', 'Dougherty, Lea R.', 'Olino, Thomas M.']","['Irritability', 'Parental psychopathology', 'Personality', 'Risk', 'Trajectories']"
WOS:000783511800001,"Stressful life events, caregiver depressive symptoms, and child asthma symptom-free days: a longitudinal analysis",2023,"['Margolis, Rachel H. F.', 'Shelef, Deborah Q.', 'Gordish-Dressman, Heather', 'Masur, Julia E.', 'Teach, Stephen J.']","['Life stress', 'depression', 'parent', 'pediatric', 'psychosocial', 'health equity', 'social determinants of health']"
WOS:000778458900013,Statistically-Robust Clustering Techniques for Mapping Spatial Hotspots: A Survey,2023,"['Xie, Yiqun', 'Shekhar, Shashi', 'Li, Yan']","['Hotspot', 'mapping', 'clustering', 'statistical rigor', 'scan statistics']"
WOS:000783168300001,Development of a novel machine learning-based weighted modeling approach to incorporate <i>Salmonella enterica</i> heterogeneity on a genetic scale in a dose-response modeling framework,2023,"['Karanth, Shraddha', 'Pradhan, Abani K.']","['dose-response', 'elastic net', 'Poisson regression', 'Salmonella enterica', 'weighted modeling']"
WOS:000784411700001,Counseling psychology doctoral students' experiences of authenticity: a collaborative autoethnography,2023,"['Yang, NaYeon', 'Jankauskaite, Greta', 'Gerstenblith, Judith A.', 'Hillman, Justin W.', 'Wang, Ruogu J.', 'Le, Thomas P.', 'Hill, Clara E.']","['Authenticity', 'true self', 'authentic self', 'therapist development', 'counseling psychology doctoral students', 'collaborative autoethnography']"
WOS:000787188600001,"Manoeuvering through the multilayered jurisdictional policy patchwork: DACA recipients' navigational capital in the Washington, DC Metropolitan region",2023,"['Getrich, Christina M.', 'Ortez-Rivera, Ana', 'Umanzor, Delmis', 'Burdette, Alaska']","['Deferred Action for Childhood Arrivals (DACA)', 'immigrant youth', 'immigration policy', 'liminal legality', 'contexts of reception', 'navigational capital']"
WOS:000787299700001,A Synthesis of Professional Development Targeting Literacy Instruction and Intervention for English Learners,2023,"['Shelton, Alexandra', 'Hogan, Erin', 'Chow, Jason', 'Wexle, Jade']",[]
WOS:000787616100001,Exploring learning outcomes for managers who coach,2023,"['Adele, Beth', 'Ellinger, Andrea D.', 'McWhorter, Rochell R.', 'Egan, Toby M.']","['Qualitative', 'Managerial coaching', 'Developmental outcomes', 'Employee coaching', 'Learning outcomes of managers', 'Manager-as-coach']"
WOS:000789191500001,Effects of Enhanced Milieu Teaching and Book Reading on the Target Word Approximations of Young Children With Language Delay,2023,"['Kang, Veronica Y.', 'Kim, Sunyoung']","['book reading', 'early intervention', 'enhanced milieu teaching', 'language', 'vocabulary', 'word approximation']"
WOS:000790483400001,"Minority Stress, Pandemic Stress, and Mental Health Among Gender Diverse Young Adults: Gender Dysphoria and Emotion Dysregulation as Mediators",2023,"['Pease, M.', 'Le, Thomas P.', 'Iwamoto, Derek K.']","['discrimination', 'mental health', 'minority stress', 'transgender', 'transphobia']"
WOS:000790486000001,Development and Validation of the Inventory of Stress and Coping for African American Survivors of Homicide Victims,2023,"['Sharpe, Tanya L.', 'Iwamoto, Derek Kenji', 'Lee, Kerry A.', 'Anderson, Jheanelle M.']","['African Americans', 'homicide', 'stress', 'coping', 'scale development']"
WOS:001007618200020,Minimum phosphorus requirements for laying hen feed formulations,2023,"['Rodehutscord, Markus', 'Sommerfeld, Vera', 'Angel, C. Roselina', 'Korver, Douglas R.']","['laying hen', 'phytate', 'phytase', 'dietary allowances', 'review']"
WOS:000790644900001,IPV Experiences and Financial Strain Over Time: Insights from the Blinder-Oaxaca Decomposition Analysis,2023,"['Lin, Hsiu-Fen', 'Postmus, Judy L.', 'Hu, Hongwei', 'Stylianou, Amanda M.']","['Economic abuse', 'Financial strain', 'Female survivors of intimate partner violence', 'Stress process model', 'Decomposition analysis']"
WOS:000790495800001,Impact of Family Rejection and Racism on Sexual and Gender Minority Stress Among LGBTQ Young People of Color During COVID-19,2023,"['Salerno, John P.', 'Gattamorta, Karina A.', 'Williams, Natasha D.']","['critical race theory', 'intersectionality', 'minority stress', 'sexual and gender minority', 'college students']"
WOS:000791102000001,Revisiting the Weaver Years at NBC,2023,"['Baxter, James Michael']",[]
WOS:000791629100001,Is the distinction between tonic and phasic irritability meaningful in 3-year-old children?,2023,"['Silver, Jamilah', 'Bufferd, Sara J.', 'Dougherty, Lea R.', 'Goldstein, Brandon L.', 'Carlson, Gabrielle A.', 'Klein, Daniel N.']","['Preschool', 'Irritability', 'Tonic', 'Phasic', 'Outcomes']"
WOS:000792219200001,"Loneliness Loves Company, Some More than Others: Social Ties, Form of Engagement, and Their Relation to Loneliness",2023,"['Rinderknecht, R. Gordon', 'Doan, Long', 'Sayer, Liana C.']","['loneliness', 'social isolation', 'social interaction', 'time use', 'social ties']"
WOS:000790203100001,A measure of individual differences in readers' approaches to text and its relation to reading experience and reading comprehension,2023,"['Calloway, Regina C.', 'Helder, Anne', 'Perfetti, Charles A.']","['Reading comprehension', 'Reading motivation', 'Adult readers', 'Individual differences', 'Questionnaire development', 'Structural equation modeling']"
WOS:000794975600001,"Nonconvergence, Covariance Constraints, and Class Enumeration in Growth Mixture Models",2023,"['McNeish, Daniel', 'Harring, Jeffrey R.', 'Bauer, Daniel J.']","['growth mixture model', 'group based trajectory model', 'latent class growth modeling', 'covariance pattern growth mixture model']"
WOS:000796250800001,SAVI Scout® System for Excision of Non-Palpable Breast Lesions,2023,"['Farha, Maen J.', 'Simons, James', 'Kfouri, Jad', 'Townsend-Day, Michelle']","['breast cancer', 'breast excision', 'wire localization', 'SAVI scout', 'magseed']"
WOS:000796366500001,A graphene pH sensor fabrication process for a nanotechnology laboratory course,2023,"['Suh, Yeonjoon', 'Wen, Chengyu', 'Shah, Shrey', 'Watson, George Patrick']","['device fabrication', 'educational laboratory', 'graphene']"
WOS:000797251000001,Perceptions of White-Collar Crime Seriousness: Unpacking and Translating Attitudes into Policy Preferences,2023,"['Simpson, Sally S.', 'Galvin, Miranda A.', 'Loughran, Thomas A.', 'Cohen, Mark A.']","['Crime seriousness', 'white collar crime', 'willingness-to-pay', 'cognitive frames', 'public preferences']"
WOS:000796798500001,Using regression models to understand the impact of route-length variability in practical vehicle routing,2023,"['Sinha Roy, Debdatta', 'Golden, Bruce', 'Masone, Adriano', 'Wasil, Edward']","['Capacitated vehicle routing problem', 'Regression models', 'Route-length variability', 'Operating and delivery costs']"
WOS:000798809100001,Affective polarization and political engagement in the United States: what factors matter?,2023,"['Ali, Mohammad', 'Altawil, Abdulaziz']","['Affective polarization', 'political polarization', 'political engagement', 'survey', 'United States']"
WOS:000798369500001,"What Job is a ""Good Job"" for Chinese Undergraduates: An Exploration Study",2023,"['Zhu, Qianyu', 'Ni, Jing', 'Hou, Zhi-Jin', 'Jia, Yin']","['""good job""', 'prototype methodology', 'work value', 'Chinese undergraduates']"
WOS:000798737800001,Sprayable tissue adhesive with biodegradation tuned for prevention of postoperative abdominal adhesions,2023,"['Erdi, Metecan', 'Rozyyev, Selim', 'Balabhadrapatruni, Manogna', 'Saruwatari, Michele S.', 'Daristotle, John L.', 'Ayyub, Omar B.', 'Sandler, Anthony D.', 'Kofinas, Peter']","['adhesion barrier', 'surface erosion', 'tissue adhesive', 'tuned biodegradation']"
WOS:000798435400001,Managing One's Age in Age-Dissimilar Mentoring Relationships,2023,"['Barth, Sara E.', 'Wessel, Jennifer L.', 'King, Eden B.', 'Agrawal, Dewesh']","['mentoring', 'age diversity', 'identity management']"
WOS:000798454600001,The development of lexical competition in written- and spoken-word recognition,2023,"['Apfelbaum, Keith S.', 'Goodwin, Claire', 'Blomquist, Christina', 'McMurray, Bob']","['Development', 'word recognition', 'visual world paradigm', 'visual word recognition', 'spoken word recognition']"
WOS:000804157000001,Douching cessation and molecular bacterial vaginosis: a reanalysis of archived specimens,2023,"['Brown, Sarah Elizabeth', 'He, Xin', 'Shardell, Michelle D.', 'Ravel, Jacques', 'Ghanem, Khalil G.', 'Zenilman, Jonathan M.', 'Brotman, Rebecca M.']","['Vaginosis', 'Bacterial', 'REPRODUCTIVE HEALTH', 'MOLECULAR EPIDEMIOLOGY', 'MICROBIOLOGY', 'Sexual Behaviour']"
WOS:000802850100002,Retrospective reports of socioeconomic disadvantage in childhood and mortality risk: are associations consistent across measures and sex?,2023,"['Ng, Amanda E.', 'Turpin, Rodman', 'Connor, Eric M.', 'Slopen, Natalie']","['Child SES', 'Mortality', 'Mediation', 'Survival analysis']"
WOS:000803410900001,Measuring the Effect of Audio Instructions on the Time and Effectiveness of Tourniquet Application by Laypeople,2023,"['Dayal, Sahil', 'Portela, Roberto', 'Taylor, Stephen', 'Byquist, Bridget R.', 'Piner, Andrew', 'Adams, Joanna', 'March, Juan']",[]
WOS:000804834000001,Don't Go Chasing Narcissists: A Relational-Based and Multiverse Perspective on Leader Narcissism and Follower Engagement Using a Machine Learning Approach,2023,"['Gruda, Dritjon', 'Karanatsiou, Dimitra', 'Hanges, Paul', 'Golbeck, Jennifer', 'Vakali, Athena']","['narcissism', 'leader', 'follower', 'personality', 'machine learning', 'multiverse analysis']"
WOS:000798299900001,A Plague of Locusts? A Preliminary Assessment of the Threat of Multi-Drone Terrorism,2023,"['Kallenborn, Zachary', 'Ackerman, Gary', 'Bleek, Philipp C.']","['Terrorist innovation', 'drones', 'mass casualty terrorism', 'threat assessment', 'decision-making']"
WOS:000804631300001,Antecedents and consequences of open and closed questions in intake sessions of psychodynamic psychotherapy,2023,"['Freites, Eva', 'Hill, Clara E.', 'Seo, Allison', 'Milheim, Emilia', 'Williams, Jasmine', 'Kivlighan Jr., Dennis M.']","['open questions', 'closed questions', 'helping skills', 'self-referring pronouns', 'self-referring emotion words', 'number of words']"
WOS:000805044700001,New Method for Fatigue Characterization via Cyclical Instrumented Indentation Testing,2023,"['Santos, L. S.', 'Bruck, H. A.']","['Fatigue damage', 'S-N curve', 'Cyclic instrumented indentation', 'Stiffness degradation']"
WOS:000804523600001,Fast and Simple Solutions of Blotto Games,2023,"['Behnezhad, Soheil', 'Dehghani, Sina', 'Derakhshan, Mahsa', 'Hajiaghayi, Mohammedtaghi', 'Seddighin, Saeed']","['algorithmic game theory', 'Nash equilibrium', 'Colonel Blotto', 'zero-sum games']"
WOS:000807302400001,Individual learning as a driver of changes in community vulnerability under repeated hurricanes and changing climate,2023,"['Zhai, Chengwei', 'Reilly, Allison C.', 'Guikema, Seth D.']","['agent-based model', 'hurricane mitigation', 'learning', 'repeated hazards']"
WOS:000807909900001,Multi-center federated learning: clients clustering for better personalization,2023,"['Long, Guodong', 'Xie, Ming', 'Shen, Tao', 'Zhou, Tianyi', 'Wang, Xianzhi', 'Jiang, Jing']","['Federated learning', 'Personalized modeling', 'Clustering']"
WOS:000807727400001,Modeling transaction costs in household adoption of landscape conservation practices,2023,"['Johnston, Robert J.', 'Ndebele, Tom', 'Newburn, David A.']","['conservation', 'incentive', 'transaction costs', 'urban', 'willingness to accept']"
WOS:000807600700001,Modelling and optimization of constrained alignments for existing railway reconstruction,2023,"['Pu, Hao', 'Fu, Huidan', 'Schonfeld, Paul', 'Song, Taoran', 'Zhao, Lu', 'Peng, Xianbao']","['Railway design', 'existing railway reconstruction', 'alignment optimization', 'constrained optimization', 'distance transform algorithm']"
WOS:000809601900001,Impressionable or Immune? Examining the Influence of Marquee Sellers in B2B Secondary Market Platforms for IT Products,2023,"['Alhauli, Abdullah', 'Elmaghraby, Wedad J.', 'Gopal, Anandasivam']","['two-sided platforms', 'secondary markets', 'auctions', 'reference prices', 'multihoming', 'involvement', 'durable goods', 'mobile phones']"
WOS:000809021600001,The acquisition of L2 allophonic variants: The role of phonological distribution and lexical cues,2023,"['Barrios, Shannon L.', 'Rodriguez, Joselyn M.', 'Barriuso, Taylor Anne']","['allophones', 'L2 phonology', 'lexical cues', 'lexical processing', 'perception', 'phonological distribution']"
WOS:000809623800001,Delivering public services to the underserved: Nonprofits and the Latino threat narrative,2023,"['Tremblay-Boire, Joannie', 'Prakash, Aseem', 'Calderon, Maria Apolonia']",[]
WOS:000808522900001,"Publics' Views of Corporate Social Advocacy Initiatives: Exploring Prior Issue Stance, Attitude Toward a Company, and News Credibility",2023,"['Lee, Sun Young', 'Chung, Sungwon']","['corporate social advocacy', 'social judgment theory', 'elaboration likelihood model']"
WOS:000809775500001,"Removal of Refugee Protections: Impact on Refugee Education, Mental Health, Coping, and Advocacy",2023,"[""O'Neal, Colleen R."", 'Tan, Su Chen', 'Parrott, Jasmine E.', 'Martin, Shannon W.']",[]
WOS:000810345000001,Frontal white matter association with sleep quality and the role of stress,2023,"['Bruce, Heather A.', 'Kochunov, Peter', 'Kvarta, Mark D.', 'Goldwaser, Eric L.', 'Chiappelli, Joshua', 'Schwartz, Adina', 'Lightner, Samantha', 'Endres, Jane', 'Yuen, Alexa', 'Ma, Yizhou', 'van der Vaart, Andrew', 'Hatch, Kathryn S.', 'Gao, Si', 'Ye, Zhenyao', 'Wu, Qiong', 'Chen, Shuo', 'Mitchell, Braxton D.', 'Hong, L. Elliot']","['fractional anisotropy', 'sleep quality', 'stress', 'white matter']"
WOS:000811230400001,Mitigating the harms of abusive supervision on employee thriving: The buffering effects of employees' social-network centrality,2023,"['Lu, Shuye', 'Wang, Lei', 'Ni, Dan', 'Shapiro, Debra L.', 'Zheng, Xiaoming']","['abusive supervision', 'coping', 'leadership', 'social network', 'thriving']"
WOS:000811819900001,Behavioral Influence,2023,"['Chambers, Christopher P.', 'Cuhadaroglu, Tugce', 'Masatlioglu, Yusufcan']",[]
WOS:000811039500001,Comparison of Customer Reviews for Local and Chain Restaurants: Multilevel Approach to Google Reviews Data,2023,"['Yalcinkaya, Beril', 'Just, David R.']","['customer reviews', 'word-of-mouth', 'text analysis', 'sentiment analysis', 'fast-food restaurants', 'local business', 'small business', 'multilevel model']"
WOS:000811436900001,Acculturation and Cardiometabolic Abnormalities Among Chinese and Korean Americans,2023,"['Morey, Brittany N.', 'Ryu, Soomin', 'Shi, Yuxi', 'Park, Hye Won', 'Lee, Sunmin']","['Acculturation', 'Cardiometabolic disease', 'Asian Americans', 'Immigrants', 'Diabetes', 'Hypercholesterolemia']"
WOS:000813359700001,Conventional and expanded adverse childhood experiences (ACEs) and maternal functioning among low-income Black mothers,2023,"['Lee, Kerry A.', 'Harden, Brenda Jones', 'Jaramillo, Mishaska', 'Norman, Taylor A.', 'Parra, Laura Jimenez']","['adverse childhood experiences (ACEs)', 'Black mothers', 'depression', 'mental health', 'trauma']"
WOS:000812868800001,Interorganizational homophily and social capital network positions in Malaysian civil society,2023,"['Sommerfeldt, Erich J.', 'Pilny, Andrew', 'Saffer, Adam J.']","['Networks', 'homophily', 'social capital', 'civil society', 'ERGM', 'ALAAM']"
WOS:000817124100001,Augmenting survey data with digital trace data: Is there a threat to panel retention?,2023,"['Trappmann, Mark', 'Haas, Georg-Christoph', 'Malich, Sonja', 'Keusch, Florian', 'Bahr, Sebastian', 'Kreuter, Frauke', 'Schwarz, Stefan']","['Attrition', 'Digital trace data', 'Panel survey', 'Privacy', 'Respondent burden']"
WOS:000814173800001,Continuum mechanics versus the mathematical analysis of its differential equations: <i>In Memoriam Tony Spencer</i>,2023,"['Antman, Stuart S.']","['History', 'continuum mechanics', 'analysis', 'differential', 'equations']"
WOS:000813982800001,How Leaders Drive Followers' Unethical Behavior,2023,"['Mesdaghinia, Salar', 'Eisenberger, Robert', 'Wen, Xueqi', 'Liu, Zihan', 'Lewis, Blaine A.', 'Qiu, Feng', 'Shapiro, Debra L.']","['leader immorality encouragement', 'unethical pro-organizational behavior', 'leader-member exchange', ""leader's organizational status"", 'self-serving unethical behavior']"
WOS:000814022500001,Dolutegravir in real life: Self-reported mental and physical health outcomes after transitioning from efavirenz- to dolutegravir-based antiretroviral therapy in a prospective cohort study in Lesotho,2023,"['Brown, Jennifer A.', 'Nsakala, Bienvenu L.', 'Mokhele, Kuena', 'Rakuoane, Itumeleng', 'Muhairwe, Josephine', 'Glass, Tracy R.', 'Amstutz, Alain', 'Tschumi, Nadine', 'Belus, Jennifer M.', 'Klimkait, Thomas', 'Labhardt, Niklaus D.']","['Africa', 'drug-related side effects and adverse reactions', 'mental health', 'quality of life', 'symptom assessment']"
WOS:000815423700001,Predictive Policing in a Developing Country: Evidence from Two Randomized Controlled Trials,2023,"['Galiani, Sebastian', 'Jaitman, Laura']","['Crime', 'Technology', 'Predictive policing', 'Training', 'Hot spots', 'Mapping', 'Developing countries']"
WOS:000815545400001,Why non-native speakers sometimes outperform native speakers in agreement processing,2023,"['Lee, Eun-Kyoung Rosa', 'Phillips, Colin']","['agreement attraction', 'sentence processing', 'subject-verb agreement', 'prepositional phrase', 'relative clause']"
WOS:000815922300001,A scoping review on couples' stress and coping literature: Recognizing the need for inclusivity,2023,"['Randall, Ashley K.', 'Donato, Silvia', 'Neff, Lisa A.', 'Totenhagen, Casey J.', 'Bodenmann, Guy', 'Falconier, Mariana']","['Stress', 'partner support', 'coping', 'dyadic coping', 'romantic partners', 'couples', 'intersectionality', 'scoping review']"
WOS:000815618500001,In Vitro Models of Blood and Lymphatic Vessels-Connecting Tissues and Immunity,2023,"['Bogseth, Amanda', 'Ramirez, Ann', 'Vaughan, Erik', 'Maisel, Katharina']","['blood vessels', 'endothelial-immune cell interactions', 'extracellular matrix', 'homeostasis', 'in vitro model', 'lymphatic vessels', 'microfluidics']"
WOS:000818840700001,A Scoping Review of Emerging COVID-19 Health Communication Research in Communication and Media Journals,2023,"['Lin, Tong', 'Nan, Xiaoli']",[]
WOS:000819901400002,"Cybervictimization, Mental Health literacy and depressive symptoms among College students: a cross-cultural investigation",2023,"['Wang, Cixin', 'Havewala, Mazneen', 'Cheong, Yeram', 'Chen, Jingqiu']","['Mental health literacy', 'Cybervictimization', 'Depressive symptoms', 'Cross-cultural', 'College students']"
WOS:000819662100001,"Coal demand, market forces, and US coal mine closures",2023,"['Watson, Brett', 'Lange, Ian', 'Linn, Joshua']","['coal mining', 'firm exit', 'fuel procurement']"
WOS:000821025900001,"Advice-riving in final sessions of therapist-terminated psychodynamic psychotherapy: is it advised? (Retracted article. See AUG, 2023)",2023,"['Liposky, Holly', 'Hill, Clara E.', 'Kivlighan, Dennis']","['Therapist advice', 'characteristics of advice', 'psychodynamic psychotherapy', 'client collaboration', 'intent to act']"
WOS:000540890200001,Collocations and near-native competence: Lexical strategies of heritage speakers of Russian,2024,"['Kopotev, Mikhail', 'Kisselev, Olesya', 'Polinsky, Maria']","['Heritage language', 'Russian', 'English', 'German', 'Finnish', 'collocations', 'lexical strategies']"
WOS:000554069700001,"Equity, Opportunity, Community Engagement, and the Regional Planning Process: Data and Mapping in Five US Metropolitan Areas",2024,"['Finio, Nicholas', 'Lung-Amam, Willow', 'Knaap, Gerrit-Jan', 'Dawkins, Casey', 'Wong, Brittany']","['opportunity mapping', 'equity', 'regional planning']"
WOS:000556262500001,Climate Planning and Implementation in Metropolitan Transportation Governance,2024,"['Mullin, Megan', 'Feiock, Richard C.', 'Niemeier, Deb']","['climate change', 'greenhouse gas (GHG) emissions', 'metropolitan planning organizations (MPOs)', 'transportation planning', 'regional planning', 'plan implementation']"
WOS:000614476500001,Risk perception and COVID-19 preventive behaviors: application of the integrative model of behavioral prediction,2024,"['Duong, Hue Trong', 'Nguyen, Hoa Thanh', 'McFarlane, Soroya Julian', 'Nguyen, Long Thang Van']","['COVID-19', 'risk perception', 'face mask', 'social distancing', 'integrative model']"
WOS:000635335300001,Modeling Long-Term Housing Recovery after Technological Disaster Using a Virtual Audit with Repeated Photography,2024,"['Hendricks, Marccus D.', 'Meyer, Michelle Annette']","['technological disaster', 'damage assessment', 'disaster recovery', 'housing recovery', 'rural', 'longitudinal']"
WOS:000647515900001,Small Donor Contributions in Response to Email Outreach by a Political Campaign,2024,"['Gaynor, SoRelle Wyckoff', 'Gimpel, James G.']","['Small donations', 'campaign contributions', 'text analysis', 'digital strategy', 'email', 'political campaigns', 'campaign strategy', 'political participation']"
WOS:000651693700001,"Relations Among Peer Victimization, Aggression, and School Climate Among Elementary School Students in China",2024,"['Sullivan, Kathryn', 'Zhu, Qianyu', 'Wang, Cixin', 'Boyanton, Dengting']","['School climate', 'peer victimization', 'aggression', 'Chinese elementary students', 'Erin Dowdy']"
WOS:000717860800001,Natives with a need for cognitive closure can approve of immigrants' economic effect when they trust pro-immigrant epistemic authorities,2024,"['Baldner, Conrad', 'Pierro, Antonio', 'Talamo, Alessandra', 'Kruglanski, Arie']",[]
WOS:000730467800001,QAnon-inspired violence in the United States: an empirical assessment of a misunderstood threat,2024,"['Jensen, Michael A.', 'Kane, Sheehan']","['QAnon', 'Pizzagate', 'conspiracy theory', 'radicalization', 'counterterrorism']"
WOS:000737871200001,"""I Don't let These Felonies Hold me Back!"": How Street-Identified Black Men and Women Use Resilience to Radically Reframe Reentry",2024,"['Payne, Yasser A.', 'Brown, Tara M.']","['crime', 'street crime', 'criminological theories', 'race and juvenile justice', 'critical race theory', 'victimization', 'life-course criminology', 'race and policing', 'race/ethnicity', 'African/Black Americans', 'race and corrections', 'reentry', 'participatory action research']"
WOS:000739179000001,Tenure Undone: Faculty Experiences of Organizational Justice When Tenure Seems or Becomes Unattainable,2024,"['Nyunt, Gudrun', ""O'Meara, KerryAnn"", 'Bach, Lauren', 'LaFave, Allison']",[]
WOS:000741678200001,Braids and Bridges: A Critical Collaborative Autoethnography of Racially Minoritized Women Teaching Intergroup Dialogue,2024,"['Kelly, Bridget Turner', 'Castillo-Montoya, Milagros', 'Varghese, Rani', 'Zuniga, Ximena']","['intergroup dialogue', 'women of color', 'higher education', 'teaching', 'faculty']"
WOS:000746937800001,"""Plant My Feet on Higher Ground"": Understanding How Black Megachurches Create a College-Going Culture",2024,"['Hall, Terra N.', 'Park, Julie J.']","['college access', 'equity', 'capital', 'spirituality', 'religion']"
WOS:000752993600001,Prosocial Behavior and Teachers' Attitudes Towards Bullying on Peer Victimization Among Middle School Students: Examining the Cross-Level Moderating Effect of Classroom Climate,2024,"['Wang, Cixin', 'Li, Beilei', 'Zhang, Lili', 'Liu, Yuting', 'Xu, Pingping']","['peer victimization', 'prosocial behavior', ""teacher's attitudes towards bullying"", 'classroom climate', 'Dorothy L', 'Espelage']"
WOS:000764972800001,On Unexplained (Modal) Patterns,2024,"['Bhogal, Harjit']",[]
WOS:000769448900001,Visually Framing Disasters: Humanitarian Aid Organizations' Use of Visuals on Social Media,2024,"['Lee, Sun Young', 'Lim, JungKyu Rhys', 'Shi, Duli']","['humanitarian aid organization', 'visual framing', 'natural disaster', 'social media engagement', 'Twitter ad creative image']"
WOS:000772355700001,Addressing Chronic School Absenteeism Through Intensive Home-Based Psychiatric Treatment: An Examination of the IICAPS Program,2024,"['Conway, C. Andrew', 'Decker, Line Brotnow', 'Moffett, Samantha J.', 'Adnopoz, Jean', 'Woolston, Joseph']","['IICAPS', 'Chronic absenteeism', 'Intensive home-based treatment', 'In-home', 'School refusal']"
WOS:000775949200001,Using Emotions as Data A Framework for Supporting Educators' Well-Being and Improving Professional Practice,2024,"['Stark, Kristabel', 'Koslouski, Jessica']",[]
WOS:000779478800001,A Structural Equation Modeling Approach for Modeling Variability as a Latent Variable,2024,"['Feng, Yi', 'Hancock, Gregory R.']","['variance', 'heterogeneity', 'intraindividual differences', 'multilevel models', 'variability']"
WOS:000777982900001,Main Idea Strategy Instruction to Support Middle School Students With Intellectual Disability,2024,"['Shelton, Alexandra', 'Wexler, Jade']",[]
WOS:000779792100001,Regional climate modeling to understand Tibetan heating remote impacts on East China precipitation,2024,"['Xu, Haoran', 'Liang, Xin-Zhong', 'Xue, Yongkang']",[]
WOS:000787724600001,COVID-19 stressful life events and mental health: Personality and coping styles as moderators,2024,"['Wang, Cixin', 'Havewala, Mazneen', 'Zhu, Qianyu']","['Coping styles', 'COVID-19', 'stressful life events', 'personality', 'Mental health']"
WOS:000795211900001,Effects of Online Consumer Reviews on a Dual-Channel Closed-Loop Supply Chain With Trade-In,2024,"['Xiao, Lu', 'Chen, Zhen-Song', 'Govindan, Kannan', 'Skibniewski, Miroslaw J.']","['Optical character recognition software', 'Supply chains', 'Pricing', 'Games', 'Costs', 'Biological system modeling', 'Uncertainty', 'Closed-loop supply chain', 'dual-channel', 'online consumer reviews (OCRs)', 'trade-in']"
WOS:000805302700001,#MeToo Academia: News Coverage of Sexual Misconduct at U.S. Universities,2024,"['Eckert, Stine', 'Metzger-Riftkin, Jade', 'Albrehi, Fatima', 'Akhther, Najma', 'Aniapam, Zalika', 'Steiner, Linda']","['#MeToo movement', 'sexual misconduct', 'academia', 'news media', 'journalism', 'United States']"
WOS:000805687200001,Associations between living arrangement and sexual and gender minority stressors among university students since the start of the COVID-19 pandemic,2024,"['Algarin, Angel B.', 'Salerno, John P.', 'Shrader, Cho-Hee', 'Lee, Ji-Young', 'Fish, Jessica N.']","['COVID-19', 'familial rejection', 'identity concealment', 'minority stress', 'parents', 'university students']"
WOS:000809182600001,"Noticing people, discounts and non-tobacco flavours in e-cigarette ads may increase e-cigarette product appeal among non-tobacco-using young adults",2024,"['Chen-Sankey, Julia', 'Jeong, Michelle', 'Wackowski, Olivia A.', 'Unger, Jennifer B.', 'Niederdeppe, Jeff', 'Bernat, Edward', 'Bansal-Travers, Maansi', 'Moran, Meghan', 'Kennedy, Ryan David', 'Broun, Aaron', 'Hacker, Kiana', 'Choi, Kelvin']","['advertising and promotion', 'prevention', 'media']"
WOS:000810085400001,Online social support for infertility in Azerbaijan,2024,"['Pearce, Katy E.', 'Donohoe, Dana', 'Barta, Kristen', 'Vitak, Jessica']","['Azerbaijan', 'infertility', 'isolation', 'online social support', 'online support', 'patriarchy', 'reproductive health', 'social media', 'social support', 'supportive communication', 'women']"
WOS:000810956100001,Leveraging Community Schools for Community Development: Lessons from Baltimore's 21<SUP>st</SUP> Century School Buildings Program,2024,"['Butler, Alisha', 'Bierbaum, Ariel', ""O'Keefe, Erin""]","['community schools', 'community development', 'school-community relations']"
WOS:000813463200001,"Criticism, Compassion, and Conspiracy Theories: A Thematic Analysis of What Twitter Users Are Saying About COVID-19 in Correctional Settings",2024,"['Tadros, Eman', 'Morgan, Amy A.', 'Durante, Katherine A.']","['Covid-19', 'thematic analysis', 'incarceration', 'public health']"
WOS:000820708200001,Experimental study on deformational resilience of longitudinal joint in shield tunnel lining,2024,"['Zhang, Yanjie', 'Saadat, Yalda', 'Huang, Hongwei', 'Zhang, Dongming', 'Ayyub, Bilal M.']","['Resilience', 'soil grouting', 'shield tunnel', 'longitudinal joint', 'joint opening', 'deformation recoverability', 'full-scale test', 'energy analysis']"
WOS:000822314200001,Does Voluntary ESG Reporting Resolve Disagreement among ESG Rating Agencies?,2024,"['Kimbrough, Michael D.', 'Wang, Xu (frank)', 'Wei, Sijing', 'Zhang, Jiarui (iris)']","['Environmental', 'social', 'and governance (ESG) reporting', 'Voluntary disclosure', 'ESG rating agencies', 'Intermediaries', 'Disagreement']"
WOS:000822093700001,"A Comprehensive, Multidisciplinary Assessment for Knee Osteoarthritis Following Traumatic Unilateral Lower Limb Loss in Service Members",2024,"['Wasser, Joseph G.', 'Hendershot, Brad D.', 'Acasio, Julian C.', 'Krupenevich, Rebecca L.', 'Pruziner, Alison L.', 'Miller, Ross H.', 'Goldman, Stephen M.', 'Valerio, Michael S.', 'Senchak, Lien T.', 'Murphey, Mark D.', 'Heltzel, David A.', 'Fazio, Michael G.', 'Dearth, Christopher L.', 'Hager, Nelson A.']",[]
WOS:000824392100001,Geospatial Food Environment Exposure and Obesity among Low Income Baltimore City Children: Associations Differ by Data Source and Processing Method,2024,"['Kharmats, Anna Y.', 'Corrigan, Anne E.', 'Curriero, Frank C.', 'Neff, Roni', 'Caulfield, Laura E.', 'Kennedy, Caitlin E.', 'Whitley, Jessica', 'Montazer, Jaleh S.', 'Hu, Lu', 'Gittelsohn, Joel']","['Food environment', 'childhood obesity', 'obesity', 'geospatial food access', 'SNAP', 'ReferenceUSA', 'food retailer data sources', 'CLF', 'Center for a Livable Future', 'Maryland']"
WOS:000824952500002,JL Ericksen's Work on Cosserat Theories of Rods and Shells,2024,"['Antman, Stuart S.']",['Director theories of deformable rods and shells']
WOS:000827347500001,Heterogeneous donor circles for fair liver transplant allocation,2024,"['Akshat, Shubham', 'Gentry, Sommer E.', 'Raghavan, S.']","['Health care policy', 'Liver transplant', 'Geographical disparity', 'Optimization', 'Operations research']"
WOS:000838607300001,"Government crisis messaging on social media, citizen online engagement and compliance with policies",2024,"['Han, Xu', 'Baird, Cory']","['Government crisis messaging', 'covid-19', 'citizen online engagement', 'compliance with policies']"
WOS:000843822500001,Effects of a Cognitive Apprenticeship on Transfer of Argumentative Writing in Middle School Science,2024,"['De la Paz, Susan', 'Butler, Cameron', 'Levin, Daniel M.', 'Felton, Mark K.']","['writing', 'argumentation', 'middle school', 'cognitive apprenticeships', 'science education']"
WOS:000844816700001,Syntactic prediction in L2 learners: evidence from English disjunction processing,2024,"['Fang, Shaohua', 'Wu, Zhiyi']","['disjunction', 'L2 learners', 'processing', 'proficiency', 'syntactic prediction']"
WOS:000847556400001,"Land Use Regulations, Housing Supply, and County Eviction Filings",2024,"['Dawkins, Casey J.']","['evictions', 'land use regulation', 'landlord-tenant law', 'housing supply', 'housing affordability', 'desalojos', 'regulaci & oacute;n del uso de suelo', 'ley de propietarios e inquilinos', 'oferta de vivienda', 'asequibilidad de la vivienda', '(sic)(sic)', '(sic)(sic)(sic)(sic)(sic)(sic)', '(sic)(sic)-(sic)(sic)(sic)', '(sic)(sic)(sic)(sic)', '(sic)(sic)(sic)(sic)(sic)(sic)']"
WOS:000847814700001,Looking Beyond College: STEM College Seniors on Entering the Workforce and the Impact of Race and Gender,2024,"['Park, Julie J.', 'Zheng, Jia', 'Lue, Kristyn', 'Salazar, Cinthya', 'Liwanag, Arman M.', 'Parikh, Roshan M.', 'Anderson, Julia L.']","['postgraduation plans', 'STEM students', 'social ties', 'social capital']"
WOS:000847810900001,Queer Asian American Men's Racialized Dating Preferences: The Role of Internalized Racism and Resistance and Empowerment Against Racism,2024,"['Le, Thomas P.', 'Kler, Satveer']","['sexual minority', 'romantic relationships', 'desirability', 'attractiveness', 'gay and bisexual men of color']"
WOS:000855784600001,CENTRAL LIMIT THEORY FOR COMBINED CROSS SECTION AND TIME SERIES WITH AN APPLICATION TO AGGREGATE PRODUCTIVITY SHOCKS,2024,"['Hahn, Jinyong', 'Kuersteiner, Guido', 'Mazzocco, Maurizio']",[]
WOS:000859125800001,"The Role of Adolescent Anxious Mood, Marijuana Use, and Locus of Control in the School to Prison Pipeline",2024,"['Holder, Sharifah', 'Sifat, Munjireen', 'Kuo, Charlene', 'Green, Kerry']","['students', 'urban education', 'school improvement']"
WOS:000867566300001,Decomposing changes in the geography of metropolitan inequality,2024,"['Eom, Hyunjoo', 'Dawkins, Casey J.']","['Urban inequality', 'spatial mismatch', 'suburbanization', 'suburban inequality', 'segregation']"
WOS:000910551700001,A Systematic Review of Methodologies and Outcome Measures of Mobile Integrated Health-Community Paramedicine Programs,2024,"['Adibhatla, Srikar', 'Lurie, Tucker', 'Betz, Gail', 'Palmer, Jamie', 'Raffman, Alison', 'Andhavarapu, Sanketh', 'Harris, Andrea', 'Tran, Quincy K.', 'Gingold, Daniel B.']",[]
WOS:000869147300001,"Pandemic gardening: Variant adaptations to COVID-19 disruptions by community gardens, school gardens, and urban farms",2024,"['Kato, Yuki', 'Boules, Caroline']","['Sustainability', 'land use', 'inequality', 'urban agriculture']"
WOS:000875872000001,"Diffusing responsibility, decentralizing infrastructure: hydrosocial relationships within the shifting stormwater management paradigm",2024,"['Wilfong, Matthew', 'Patra, Debasmita', 'Pavao-Zuckerman, Mitchell', 'Leisnham, Paul T.']","['stormwater', 'hydrosocial', 'water governance', 'decentralization', 'Q-methodology']"
WOS:000876919500001,"College Students' Perceptions of Relevance, Personal Interest, and Task Value",2024,"['Schoute, Eric C.', 'Alexander, Patricia A.', 'Loyens, Sofie M. M.', 'Lombardi, Doug', 'Paas, Fred']","['Relevance', 'personal interest', 'task value', 'motivation']"
WOS:000879978200001,Stressful life events and subjectively rated sleep quality among older adults in China: the roles of positive and negative attitudes towards ageing,2024,"['Zhang, Dan', 'Ruan, Hangqing', 'Gao, Melody Ge', 'Chen, Feinian', 'Li, Shuzhuo']","['sleep', 'stressful life events', 'attitudes towards ageing', 'China']"
WOS:000878147700001,Neural network in food analytics,2024,"['Ma, Peihua', 'Zhang, Zhikun', 'Jia, Xiaoxue', 'Peng, Xiaoke', 'Zhang, Zhi', 'Tarwa, Kevin', 'Wei, Cheng-, I', 'Liu, Fuguo', 'Wang, Qin']","['Analytical chemistry', 'deep learning', 'food analytics', 'machine intelligence', 'neural network']"
WOS:000882878000001,Love and evaluative conflict,2024,"['Tillman, Jeremiah']",[]
WOS:000884491900001,"COVID-19 Stressors, Ethnic Discrimination, COVID-19 Fears, and Mental Health Among Latinx College Students",2024,"['Sanchez, Delida', 'Chavez, Fiorella L. Carlos', 'Wagner, Kevin M.', 'Cadenas, German A.', 'Torres, Lucas', 'Cerezo, Alison']","['COVID-19 fears and stressors', 'COVID-19', 'discrimination', 'Latinx college students', 'mental health']"
WOS:000889834100001,Professional expectations of provider LGBTQ competence: Where we are and where we need to go,2024,"['Williams, Natasha D.', 'Winer, Brennan', 'Aparicio, Elizabeth M.', 'Smith-Bynum, Mia A.', 'Boekeloo, Bradley O.', 'Fish, Jessica N.']","['LGBTQ', 'cultural competency', 'mental health services', 'provider training', 'mental health care policy']"
WOS:000890740300001,"They Were Surprised: Professional Legitimacy, Social Bias, and Dual-Career Academic Couples",2024,"['Culpepper, Dawn']","['dual-career academic couples', 'social bias', 'professional legitimacy', 'faculty members']"
WOS:000888695200001,"""Neural Noise"" in Auditory Responses in Young Autistic and Neurotypical Children",2024,"['Dwyer, Patrick', 'Vukusic, Svjetlana', 'Williams, Zachary J.', 'Saron, Clifford D.', 'Rivera, Susan M.']","['Autism', 'Inter-trial variability', 'Electroencephalography', 'Inter-trial phase coherence (ITPC)', 'Sensory processing', 'Loudness discomfort', 'Neural noise']"
WOS:000890354700001,Voices of Community-Based Program Volunteers for Korean Americans with Severe Disabilities,2024,"['Kim, Sunyoung', 'Kim, Hyejung', 'Kang, Veronica Y.']","['Inclusion', 'Korean American', 'phenomenology', 'severe disability', 'volunteerism']"
WOS:000889421500001,Can you See What We See? African American Parents' Views of the Strengths and Challenges of Children and Youth Living with Adversity,2024,"['Barbarin, Oscar A.', 'Copeland-Linder, Nikeea', 'Wagner, Michael']","['Adversity', 'Family stress', 'Behavior problems', 'Positive youth development', 'Resilience']"
WOS:000895699000001,Managing Your Boss (MYB) as a proactive followership behavior: Construct validation and theory development,2024,"['Gajendran, Ravi S.', 'Mistry, Sal', 'Tangirala, Subrahmaniam']","['construct validation', 'followership', 'managing your boss', 'MYB', 'proactive behaviors']"
WOS:000896574300001,COVID-19 and income profile: How communities in the United States responded to mobility restrictions in the pandemic's early stages,2023,"['Sun, Qianqian', 'Zhou, Weiyi', 'Kabiri, Aliakbar', 'Darzi, Aref', 'Hu, Songhua', 'Younes, Hannah', 'Zhang, Lei']","['causal impact analysis of income', 'community differences', 'COVID-19 pandemic', 'Mobile location data', 'social distancing behavior']"
WOS:000898720100001,Whiteness and Neoliberal Diversity: The (Re)production of Ideology through College Students' Diversity Discourse,2024,"['Ashby-King, Drew T.']","['Critical Communication Pedagogy', 'Diversity', 'Ideology', 'Instructional Communication', 'Whiteness']"
WOS:000896838000001,"Mapping Racial/Ethnic Disparities in Youth Psychiatric Emergencies and Associations With Neighborhood Racial Composition, Child Opportunity, and Inequality",2024,"['Chen, Belinda C.', 'Lui, Joyce H. L.', 'Liu, Victoria', 'Wright, Benjamin A.', 'Benson, Lisa A.', 'Lin, Yen-Jui R.', 'Lau, Anna S.']","['psychiatric emergencies', 'racial', 'ethnic disparities', 'mobile crisis response', 'neighborhood opportunity', 'opportunity inequality']"
WOS:000899790800001,Examining the relationship between civic engagement and mental health in young adults: a systematic review of the literature,2024,"['Fenn, Natalie', 'Sacco, Allegra', 'Monahan, Kathleen', 'Robbins, Mark', 'Pearson-Merkowitz, Shanna']","['Civic engagement', 'mental health', 'well-being', 'systematic review', 'young adults']"
WOS:000899504500001,Neighbor-Effects and Economies of Scale and Scope at Public Community Colleges,2024,"['Vamosiu, Adriana', 'Titus, Marvin A.', 'Sandy, Jon']","['Higher education policy', 'Higher education finance', 'Community colleges', 'Spatial econometrics', 'Economies of scale and scope']"
WOS:000896752500001,We make us safe: Alternatives to policing in a Latinx immigrant inner-ring suburb,2024,"['Lung-Amam, Willow', 'Alvarez, Nohely', 'Green, Rodney']","['Anti-immigrant and racialized policing', 'Latinx immigrants and immigration', 'inner-ring suburbs', 'collective efficacy', 'neighborhood revitalization']"
WOS:000902993000001,The Use of Technology-Based Interventions in Teaching STEM Skills to Autistic Students in K-12 Settings: A Systematic Review,2024,"['Yakubova, Gulnoza', 'Chen, Briella Baer', 'Defayette, Melissa A. A.']","['Technology-based intervention', 'STEM', 'Autistic students', 'Synthesis']"
WOS:000901904600001,Immigration Enforcement Effects and the Role of School Social Workers Supporting Immigrant Students,2024,"['Rodriguez, Sophia', 'Kirksey, J. Jacob', 'Roth, Benjamin', 'Lopez-Escobar, Lisa']",[]
WOS:000905375900001,Supporting teachers' effective classroom and behavior management: what do teachers tell us?,2024,"['Moore, Tara C.', 'Daniels, Stephanie', 'Taylor, Kala L. H.', 'Oliver, Regina M.', 'Chow, Jason', 'Wehby, Joseph H.']","['administrator', 'classroom management', 'principal', 'problem behavior', 'professional development']"
WOS:000905577000001,Co-Occurring Intimate Partner Violence and Child Abuse in Eastern Democratic Republic of Congo: The Influence of Early Life Experiences of Abuse,2024,"['Falb, Kathryn L. L.', 'Blackwell, Alexandra', 'Hategekimana, Jean de Dieu', 'Sifat, Munjireen', 'Roth, Danielle', ""O'Connor, Meghan""]","['domestic violence', 'child maltreatment', 'violence against women', 'violence against children', 'family violence']"
WOS:000901694200001,Gaussian fluctuations of a nonlinear stochastic heat equation in dimension two,2024,"['Tao, Ran']","['Stochastic heat equation', 'Gaussian fluctuations', 'Malliavin calculus', ""Stein's method""]"
WOS:000908257400001,Who Benefits From Homeowner Tax Preferences?,2024,"['Dawkins, Casey J.']","['Homeownership', 'income tax', 'vertical equity', 'horizontal equity', 'racial equity']"
WOS:000911825200001,Interpersonal Discrimination and Relationship Quality among Married Mid-Life and Older Black Adults,2024,"['Henderson, Andrea K.', 'Wong, Jaclyn S.', 'Dues, Adrianne', 'Walsemann, Katrina M.']","['Black families', 'interpersonal discrimination', 'marital quality', 'dyadic data']"
WOS:000911540800001,A preliminary investigation of the role of classroom contextual effects on teaching efficacy and classroom quality,2024,"['Granger, Kristen L.', 'Chow, Jason C.', 'Broda, Michael D.', 'Pandey, Toshna', 'Sutherland, Kevin S.']","['Classroom context', 'elementary education', 'teaching efficacy', 'teacher professional development']"
WOS:000913067900001,Biological mass spectrometry enables spatiotemporal 'omics: From tissues to cells to organelles,2024,"['Pade, Leena R.', 'Stepler, Kaitlyn E.', 'Portero, Erika P.', 'DeLaney, Kellen', 'Nemes, Peter']","['imaging', 'mass spectrometry', 'metabolomics', 'peptidomics', 'proteomics']"
WOS:000903637000001,Modeling the impact of COVID-19 on transportation at later stage of the pandemic: A case study of Utah,2024,"['Gong, Yaobang', 'Isom, Tanner', 'Lu, Pan', 'Yang, Xianfeng (Terry)', 'Wang, Aaron']","['COVID-19', 'machine learning', 'traffic forecasting']"
WOS:000852201600001,In harm's way: Do college students' beliefs about cannabis put them at risk for use?,2024,"['Kennedy, Malinda H.', 'Bugbee, Brittany A.', 'Vincent, Kathryn B.', 'Smith, Samantha A.', 'Arria, Amelia M.']","['Cannabis', 'college students', 'health literacy', 'substance use']"
WOS:000906217800001,Moral principle explanations of supervenience,2024,"['Bhogal, Harjit']","['Moral non-naturalism', 'Explanation', 'Difference-making', 'Supervenience']"
WOS:000917329500002,A Donaldson-Uhlenbeck-Yau theorem for normal varieties and semistable bundles on degenerating families,2024,"['Chen, Xuemiao', 'Wentworth, Richard A.']","['Primary 53C07', '14J60', 'Secondary 14D06']"
WOS:000920111500001,"Estimating optimal objective values for the TSP, VRP, and other combinatorial problems using randomization",2024,"['Kou, Shuhan', 'Golden, Bruce', 'Poikonen, Stefan']","['combinatorial optimization', 'traveling salesman problem', 'vehicle routing problem', 'regression']"
WOS:000918563600001,Balancing development and forest conservation: the impact of Maryland's Forest Conservation Act on spatial configuration of forest and housing,2024,"['Mockrin, Miranda H. H.', 'Newburn, David A. A.', 'Stanovick, John S. S.']","['residential', 'sprawl', 'open space', 'land-use planning']"
WOS:000921151100002,"""The Song of Love"": An Archaeology of Radio History and Surveillance Capitalism",2024,"['Roller, Michael P.']","['Capitalism', 'Radio', 'Mass Media', 'Surveillance', 'Media Archaeology', 'Mass Consumerism']"
WOS:000921980800001,The Opioid Analgesic Reduction Study (OARS) Pilot: A Double-Blind Randomized Multicenter Trial,2024,"['Feldman, C. A.', 'Fredericks-Younger, J.', 'Desjardins, P. J.', 'Malmstrom, H.', 'Miloro, M.', 'Warburton, G.', 'Ward, B.', 'Ziccardi, V.', 'Fine, D. H.', 'Greenberg, P.', 'Andrews, T.', 'Matheson, P. B.', 'Lu, S. -E.']","['pain', 'clinical trial', 'oral and maxillofacial surgery', 'hydrocodone', 'ibuprofen', 'acetaminophen']"
WOS:000922680200001,Picturing Persistence: High-Achieving Black Undergraduate Women's Photographs of Community Cultural Wealth in the COVID-19 Pandemic,2024,"['Turner, Jennifer D. D.', 'Castle, Shaneequa T. T.']","['COVID-19 pandemic', 'Black undergraduate women', 'community cultural wealth', 'photo elicitation', 'persistence']"
WOS:000926290300001,Leveraging What Students Know to Make Sense of Texts: What the Research Says About Prior Knowledge Activation,2024,"['Hattan, Courtney', 'Alexander, Patricia A.', 'Lupo, Sarah M.']","['comprehension', 'reading', 'student knowledge', 'instructional practices', 'prior knowledge activation', 'text comprehension', 'instructional techniques']"
WOS:000914297400001,From atomistic modeling to materials design: computation-driven material development in lithium-ion batteries,2024,"['Li, Xiangrong', 'Chen, Xiang', 'Bai, Qiang', 'Mo, Yifei', 'Zhu, Yizhou']","['materials design', 'computation', 'modeling', 'batteries', 'electrolyte', 'electrode']"
WOS:000940066200001,"The relations between COVID-19 stress, social connectedness, and mental health: a longitudinal investigation comparing Chinese and American college students",2024,"['Wang, Cixin', 'Havewala, Mazneen', 'Fan, Qingyue', 'Wang, Qing', 'Bali, Diksha']","['Stressful life events', 'Social connectedness', 'Mental health', 'Gender differences', 'Cultural differences']"
WOS:001187480500001,Spatiotemporal Torquing of Light,2024,"['Hancock, S. W.', 'Zahedpour, S.', 'Goffin, A.', 'Milchberg, H. M.']","['Interdisciplinary Physics', 'Optics', 'Photonics']"
WOS:000940806900001,"Barriers, Facilitators, and Strategies to Improve Participation of a Couple-Based Intervention to Address Women's Antiretroviral Therapy Adherence in KwaZulu-Natal, South Africa",2024,"['Belus, Jennifer M. M.', 'Msimango, Lindani I. I.', 'van Heerden, Alastair', 'Magidson, Jessica F. F.', 'Bradley, Valerie D. D.', 'Mdakane, Yvonne', 'van Rooyen, Heidi', 'Barnabas, Ruanne V. V.']","['Couple-based intervention', 'HIV', 'Medication adherence', 'Relationship discord', 'Disclosure']"
WOS:000931624900001,When and Where Do Home Values Increase in Response to Planned Light Rail Construction?,2024,"['Peng, Qiong', 'Knaap, Gerrit']","['housing', 'Purple Line', 'light rail transit', 'hedonic', 'repeat-sales approach', 'network effects']"
WOS:001201783100002,Fraction of χ<sub>c</sub> Decays in Prompt J/ ψ Production Measured in pPb Collisions at √S<sub>NN</sub>=8.16 TeV,2024,"['Aaij, R.', 'Abdelmotteleb, A. S. W.', 'Beteta, C. Abellan', 'Abudinen, F.', 'Ackernley, T.', 'Adeva, B.', 'Adinolfi, M.', 'Adlarson, P.', 'Agapopoulou, C.', 'Aidala, C. A.', 'Ajaltouni, Z.', 'Akar, S.', 'Akiba, K.', 'Albicocco, P.', 'Albrecht, J.', 'Alessio, F.', 'Alexander, M.', 'Alfonso Albero, A.', 'Aliouche, Z.', 'Cartelle, P. Alvarez', 'Amalric, R.', 'Amato, S.', 'Amey, J. L.', 'Amhis, Y.', 'An, L.', 'Anderlini, L.', 'Andersson, M.', 'Andreianov, A.', 'Andreola, P.', 'Andreotti, M.', 'Andreou, D.', 'Anelli, A.', 'Ao, D.', 'Archilli, F.', 'Argenton, M.', 'Arguedas Cuendis, S.', 'Artamonov, A.', 'Artuso, M.', 'Aslanides, E.', 'Atzeni, M.', 'Audurier, B.', 'Bacher, D.', 'Perea, I. Bachiller', 'Bachmann, S.', 'Bachmayer, M.', 'Back, J. J.', 'Bailly-reyre, A.', 'Baladron Rodriguez, P.', 'Balagura, V.', 'Baldini, W.', 'Baptista de Souza Leite, J.', 'Barbetti, M.', 'Barbosa, I. R.', 'Barlow, R. J.', 'Barsuk, S.', 'Barter, W.', 'Bartolini, M.', 'Baryshnikov, F.', 'Basels, J. M.', 'Bassi, G.', 'Batsukh, B.', 'Battig, A.', 'Bay, A.', 'Beck, A.', 'Becker, M.', 'Bedeschi, F.', 'Bediaga, I. B.', 'Beiter, A.', 'Belin, S.', 'Bellee, V.', 'Belous, K.', 'Belov, I.', 'Belyaev, I.', 'Benane, G.', 'Bencivenni, G.', 'Ben-Haim, E.', 'Berezhnoy, A.', 'Bernet, R.', 'Bernet Andres, S.', 'Bernstein, H. C.', 'Bertella, C.', 'Bertolin, A.', 'Betancourt, C.', 'Betti, F.', 'Bex, J.', 'Bezshyiko, Ia.', 'Bhom, J.', 'Bieker, M. S.', 'Biesuz, N. V.', 'Billoir, P.', 'Biolchini, A.', 'Birch, M.', 'Bishop, F. C. R.', 'Bitadze, A.', 'Bizzeti, A.', 'Blago, M. P.', 'Blake, T.', 'Blanc, F.', 'Blank, J. E.', 'Blusk, S.', 'Bobulska, D.', 'Bocharnikov, V.', 'Boelhauve, J. A.', 'Garcia, O. Boente', 'Boettcher, T.', 'Bohare, A.', 'Boldyrev, A.', 'Bolognani, C. S.', 'Bolzonella, R.', 'Bondar, N.', 'Borgato, F.', 'Borghi, S.', 'Borsato, M.', 'Borsuk, J. T.', 'Bouchiba, S. A.', 'Bowcock, T. J. V.', 'Boyer, A.', 'Bozzi, C.', 'Bradley, M. J.', 'Braun, S.', 'Brea Rodriguez, A.', 'Breer, N.', 'Brodzicka, J.', 'Brossa Gonzalo, A.', 'Brown, J.', 'Brundu, D.', 'Buonaura, A.', 'Buonincontri, L.', 'Burke, A. T.', 'Burr, C.', 'Bursche, A.', 'Butkevich, A.', 'Butter, J. S.', 'Buytaert, J.', 'Byczynski, W.', 'Cadeddu, S.', 'Cai, H.', 'Calabrese, R.', 'Calefice, L.', 'Cali, S.', 'Calvi, M.', 'Calvo Gomez, M.', 'Cambon Bouzas, J.', 'Campana, P.', 'Perez, D. H. Campora', 'Quezada, A. F. Campoverde', 'Capelli, S.', 'Capriotti, L.', 'Caravaca-Mora, R.', 'Carbone, A.', 'Carcedo Salgado, L.', 'Cardinale, R.', 'Cardini, A.', 'Carniti, P.', 'Carus, L.', 'Vidal, A. Casais', 'Caspary, R.', 'Casse, G.', 'Castro Godinez, J.', 'Cattaneo, M.', 'Cavallero, G.', 'Cavallini, V.', 'Celani, S.', 'Cerasoli, J.', 'Cervenkov, D.', 'Cesare, S.', 'Chadwick, A. J.', 'Chahrour, I.', 'Charles, M.', 'Charpentier, Ph.', 'Barajas, C. A. Chavez', 'Chefdeville, M.', 'Chen, C.', 'Chen, S.', 'Chernov, A.', 'Chernyshenko, S.', 'Chobanova, V.', 'Cholak, S.', 'Chrzaszcz, M.', 'Chubykin, A.', 'Chulikov, V.', 'Ciambrone, P.', 'Cicala, M. F.', 'Vidal, X. Cid', 'Ciezarek, G.', 'Cifra, P.', 'Clarke, P. E. L.', 'Clemencic, M.', 'Cliff, H. V.', 'Closier, J.', 'Cobbledick, J. L.', 'Toapaxi, C. Cocha', 'Coco, V.', 'Cogan, J.', 'Cogneras, E.', 'Cojocariu, L.', 'Collins, P.', 'Colombo, T.', 'Comerma-Montells, A.', 'Congedo, L.', 'Contu, A.', 'Cooke, N.', 'Corredoira, I.', 'Correia, A.', 'Corti, G.', 'Meldrum, J. J. Cottee', 'Couturier, B.', 'Craik, D. C.', 'Cruz Torres, M.', 'Currie, R.', 'Da Silva, C. L.', 'Dadabaev, S.', 'Dai, L.', 'Dai, X.', ""Dall'Occo, E."", 'Dalseno, J.', ""D'Ambrosio, C."", 'Daniel, J.', 'Danilina, A.', ""d'Argent, P."", 'Davidson, A.', 'Davies, J. E.', 'Davis, A.', 'Francisco, O. De Aguiar', 'De Angelis, C.', 'de Boer, J.', 'De Bruyn, K.', 'De Capua, S.', 'De Cian, M.', 'De Freitas Carneiro Da Graca, U.', 'De Lucia, E.', 'De Miranda, J. M.', 'De Paula, L.', 'De Serio, M.', 'De Simone, D.', 'De Simone, P.', 'De Vellis, F.', 'de Vries, J. A.', 'Debernardis, F.', 'Decamp, D.', 'Dedu, V.', 'Del Buono, L.', 'Delaney, B.', 'Dembinski, H. -P.', 'Deng, J.', 'Denysenko, V.', 'Deschamps, O.', 'Dettori, F.', 'Dey, B.', 'Di Nezza, P.', 'Diachkov, I.', 'Didenko, S.', 'Ding, S.', 'Dobishuk, V.', 'Docheva, A. D.', 'Dolmatov, A.', 'Dong, C.', 'Donohoe, A. M.', 'Dordei, F.', 'dos Reis, A. C.', 'Douglas, L.', 'Downes, A. G.', 'Duan, W.', 'Duda, P.', 'Dudek, M. W.', 'Dufour, L.', 'Duk, V.', 'Durante, P.', 'Duras, M. M.', 'Durham, J. M.', 'Dziurda, A.', 'Dzyuba, A.', 'Easo, S.', 'Eckstein, E.', 'Egede, U.', 'Egorychev, A.', 'Egorychev, V.', 'Eirea Orro, C.', 'Eisenhardt, S.', 'Ejopu, E.', 'Ek-In, S.', 'Eklund, L.', 'Elashri, M.', 'Ellbracht, J.', 'Ely, S.', 'Ene, A.', 'Epple, E.', 'Escher, S.', 'Eschle, J.', 'Esen, S.', 'Evans, T.', 'Fabiano, F.', 'Falcao, L. N.', 'Fan, Y.', 'Fang, B.', 'Fantini, L.', 'Faria, M.', 'Farmer, K.', 'Fazzini, D.', 'Felkowski, L.', 'Feng, M.', 'Feo, M.', 'Fernandez Gomez, M.', 'Fernez, A. D.', 'Ferrari, F.', 'Ferreira Rodrigues, F.', 'Sole, S. Ferreres', 'Ferrillo, M.', 'Ferro-Luzzi, M.', 'Filippov, S.', 'Fini, R. A.', 'Fiorini, M.', 'Firlej, M.', 'Fischer, K. M.', 'Fitzgerald, D. S.', 'Fitzpatrick, C.', 'Fiutowski, T.', 'Fleuret, F.', 'Fontana, M.', 'Fontanelli, F.', 'Foreman, L. F.', 'Forty, R.', 'Foulds-Holt, D.', 'Sevilla, M. Franco', 'Frank, M.', 'Franzoso, E.', 'Frau, G.', 'Frei, C.', 'Friday, D. A.', 'Frontini, L.', 'Fu, J.', 'Fuehring, Q.', 'Fujii, Y.', 'Fulghesu, T.', 'Gabriel, E.', 'Galati, G.', 'Galati, M. D.', 'Gallas Torreira, A.', 'Galli, D.', 'Gambetta, S.', 'Gandelman, M.', 'Gandini, P.', 'Gao, H.', 'Gao, R.', 'Gao, Y.', 'Gao, Y.', 'Gao, Y.', 'Garau, M.', 'Martin, L. M. Garcia', 'Garcia Moreno, P.', 'Pardinas, J. Garcia', 'Garcia Plana, B.', 'Garg, K. G.', 'Garrido, L.', 'Gaspar, C.', 'Geertsema, R. E.', 'Gerken, L. L.', 'Gersabeck, E.', 'Gersabeck, M.', 'Gershon, T.', 'Ghorbanimoghaddam, Z.', 'Giambastiani, L.', 'Giasemis, F. I.', 'Gibson, V.', 'Giemza, H. K.', 'Gilman, A. L.', 'Giovannetti, M.', 'Gioventu, A.', 'Gironella Gironell, P.', 'Giugliano, C.', 'Giza, M. A.', 'Gkougkousis, E. L.', 'Glaser, F. C.', 'Gligorov, V. V.', 'Gobel, C.', 'Golobardes, E.', 'Golubkov, D.', 'Golutvin, A.', 'Gomes, A.', 'Gomez Fernandez, S.', 'Abrantes, F. Goncalves', 'Goncerz, M.', 'Gong, G.', 'Gooding, J. A.', 'Gorelov, I. V.', 'Gotti, C.', 'Grabowski, J. P.', 'Cardoso, L. A. Granado', 'Grauges, E.', 'Graverini, E.', 'Grazette, L.', 'Graziani, G.', 'Grecu, A. T.', 'Greeven, L. M.', 'Grieser, N. A.', 'Grillo, L.', 'Gromov, S.', 'Gu, C.', 'Guarise, M.', 'Guittiere, M.', 'Guliaeva, V.', 'Guenther, P. A.', 'Guseinov, A. -K.', 'Gushchin, E.', 'Guz, Y.', 'Gys, T.', 'Hadavizadeh, T.', 'Hadjivasiliou, C.', 'Haefeli, G.', 'Haen, C.', 'Haimberger, J.', 'Hajheidari, M.', 'Halewood-Leagas, T.', 'Halvorsen, M. M.', 'Hamilton, P. M.', 'Hammerich, J.', 'Han, Q.', 'Han, X.', 'Hansmann-Menzemer, S.', 'Hao, L.', 'Harnew, N.', 'Harrison, T.', 'Hartmann, M.', 'Hasse, C.', 'He, J.', 'Heijhoff, K.', 'Hemmer, F.', 'Henderson, C.', 'Henderson, R. D. L.', 'Hennequin, A. M.', 'Hennessy, K.', 'Henry, L.', 'Herd, J.', 'Heuel, J.', 'Hicheur, A.', 'Hill, D.', 'Hollitt, S. E.', 'Horswill, J.', 'Hou, R.', 'Hou, Y.', 'Howarth, N.', 'Hu, J.', 'Hu, J.', 'Hu, W.', 'Hu, X.', 'Huang, W.', 'Hulsbergen, W.', 'Hunter, R. J.', 'Hushchyn, M.', 'Hutchcroft, D.', 'Idzik, M.', 'Ilin, D.', 'Ilten, P.', 'Inglessi, A.', 'Iniukhin, A.', 'Ishteev, A.', 'Ivshin, K.', 'Jacobsson, R.', 'Jage, H.', 'Jaimes Elles, S. J.', 'Jakobsen, S.', 'Jans, E.', 'Jashal, B. K.', 'Jawahery, A.', 'Jevtic, V.', 'Jiang, E.', 'Jiang, X.', 'Jiang, Y.', 'Jiang, Y. J.', 'John, M.', 'Johnson, D.', 'Jones, C. R.', 'Jones, T. P.', 'Joshi, S.', 'Jost, B.', 'Jurik, N.', 'Juszczak, I.', 'Kaminaris, D.', 'Kandybei, S.', 'Kang, Y.', 'Karacson, M.', 'Karpenkov, D.', 'Karpov, M.', 'Kauniskangas, A. M.', 'Kautz, J. W.', 'Keizer, F.', 'Keller, D. M.', 'Kenzie, M.', 'Ketel, T.', 'Khanji, B.', 'Kharisova, A.', 'Kholodenko, S.', 'Khreich, G.', 'Kirn, T.', 'Kirsebom, V. S.', 'Kitouni, O.', 'Klaver, S.', 'Kleijne, N.', 'Klimaszewski, K.', 'Kmiec, M. R.', 'Koliiev, S.', 'Kolk, L.', 'Konoplyannikov, A.', 'Kopciewicz, P.', 'Koppenburg, P.', 'Korolev, M.', 'Kostiuk, I.', 'Kot, O.', 'Kotriakhova, S.', 'Kozachuk, A.', 'Kravchenko, P.', 'Kravchuk, L.', 'Kreps, M.', 'Kretzschmar, S.', 'Krokovny, P.', 'Krupa, W.', 'Krzemien, W.', 'Kubat, J.', 'Kubis, S.', 'Kucewicz, W.', 'Kucharczyk, M.', 'Kudryavtsev, V.', 'Kulikova, E.', 'Kupsc, A.', 'Kutsenko, B. K.', 'Lacarrere, D.', 'Lai, A.', 'Lampis, A.', 'Lancierini, D.', 'Landesa Gomez, C.', 'Lane, J. J.', 'Lane, R.', 'Langenbruch, C.', 'Langer, J.', 'Lantwin, O.', 'Latham, T.', 'Lazzari, F.', 'Lazzeroni, C.', 'Le Gac, R.', 'Lee, S. H.', 'Lefevre, R.', 'Leflat, A.', 'Legotin, S.', 'Lehuraux, M.', 'Leroy, O.', 'Lesiak, T.', 'Leverington, B.', 'Li, A.', 'Li, H.', 'Li, K.', 'Li, L.', 'Li, P.', 'Li, P. -R.', 'Li, S.', 'Li, T.', 'Li, T.', 'Li, Y.', 'Li, Y.', 'Li, Z.', 'Lian, Z.', 'Liang, X.', 'Lin, C.', 'Lin, T.', 'Lindner, R.', 'Lisovskyi, V.', 'Litvinov, R.', 'Liu, G.', 'Liu, H.', 'Liu, K.', 'Liu, Q.', 'Liu, S.', 'Liu, Y.', 'Liu, Y.', 'Liu, Y. L.', 'Lobo Salvia, A.', 'Loi, A.', 'Lomba Castro, J.', 'Long, T.', 'Lopes, J. H.', 'Lopez Huertas, A.', 'Lopez Solino, S.', 'Lovell, G. H.', 'Lucarelli, C.', 'Lucchesi, D.', 'Luchuk, S.', 'Martinez, M. Lucio', 'Lukashenko, V.', 'Luo, Y.', 'Lupato, A.', 'Luppi, E.', 'Lynch, K.', 'Lyu, X. -R.', 'Ma, G. M.', 'Ma, R.', 'Maccolini, S.', 'Machefert, F.', 'Maciuc, F.', 'Mackay, I.', 'Mohan, L. R. Madhan', 'Madurai, M. M.', 'Maevskiy, A.', 'Magdalinski, D.', 'Maisuzenko, D.', 'Majewski, M. W.', 'Malczewski, J. J.', 'Malde, S.', 'Malecki, B.', 'Malentacca, L.', 'Malinin, A.', 'Maltsev, T.', 'Manca, G.', 'Mancinelli, G.', 'Mancuso, C.', 'Manera Escalero, R.', 'Manuzzi, D.', 'Marangotto, D.', 'Marchand, J. F.', 'Marchevski, R.', 'Marconi, U.', 'Mariani, S.', 'Marin Benito, C.', 'Marks, J.', 'Marshall, A. M.', 'Marshall, P. J.', 'Martelli, G.', 'Martellotti, G.', 'Martinazzoli, L.', 'Martinelli, M.', 'Martinez Santos, D.', 'Martinez Vidal, F.', 'Massafferri, A.', 'Materok, M.', 'Matev, R.', 'Mathad, A.', 'Matiunin, V.', 'Matteuzzi, C.', 'Mattioli, K. R.', 'Mauri, A.', 'Maurice, E.', 'Mauricio, J.', 'Mayencourt, P.', 'Mazurek, M.', 'McCann, M.', 'Mcconnell, L.', 'McGrath, T. H.', 'McHugh, N. T.', 'McNab, A.', 'McNulty, R.', 'Meadows, B.', 'Meier, G.', 'Melnychuk, D.', 'Merk, M.', 'Merli, A.', 'Meyer Garcia, L.', 'Miao, D.', 'Miao, H.', 'Mikhasenko, M.', 'Milanes, D. A.', 'Minotti, A.', 'Minucci, E.', 'Miralles, T.', 'Mitchell, S. E.', 'Mitreska, B.', 'Mitzel, D. S.', 'Modak, A.', 'Modden, A.', 'Mohammed, R. A.', 'Moise, R. D.', 'Mokhnenko, S.', 'Mombacher, T.', 'Monk, M.', 'Monroy, I. A.', 'Monteil, S.', 'Morcillo Gomez, A.', 'Morello, G.', 'Morello, M. J.', 'Morgenthaler, M. P.', 'Moron, J.', 'Morris, A. B.', 'Morris, A. G.', 'Mountain, R.', 'Mu, H.', 'Mu, Z. M.', 'Muhammad, E.', 'Muheim, F.', 'Mulder, M.', 'Mueller, K.', 'Munoz-Rojas, F.', 'Murta, R.', 'Naik, P.', 'Nakada, T.', 'Nandakumar, R.', 'Nanut, T.', 'Nasteva, I.', 'Needham, M.', 'Neri, N.', 'Neubert, S.', 'Neufeld, N.', 'Neustroev, P.', 'Newcombe, R.', 'Nicolini, J.', 'Nicotra, D.', 'Niel, E. M.', 'Nikitin, N.', 'Nogga, P.', 'Nolte, N. S.', 'Normand, C.', 'Novoa Fernandez, J.', 'Nowak, G.', 'Nunez, C.', 'Nur, H. N.', 'Oblakowska-Mucha, A.', 'Obraztsov, V.', 'Oeser, T.', 'Okamura, S.', 'Oldeman, R.', 'Oliva, F.', 'Olocco, M.', 'Onderwater, C. J. G.', ""O'Neil, R. H."", 'Otalora Goicochea, J. M.', 'Ovsiannikova, T.', 'Owen, P.', 'Oyanguren, A.', 'Ozcelik, O.', 'Padeken, K. O.', 'Pagare, B.', 'Pais, P. R.', 'Pajero, T.', 'Palano, A.', 'Palutan, M.', 'Panshin, G.', 'Paolucci, L.', 'Papanestis, A.', 'Pappagallo, M.', 'Pappalardo, L. L.', 'Pappenheimer, C.', 'Parkes, C.', 'Passalacqua, B.', 'Passaleva, G.', 'Passaro, D.', 'Pastore, A.', 'Patel, M.', 'Patoc, J.', 'Patrignani, C.', 'Pawley, C. J.', 'Pellegrino, A.', 'Altarelli, M. Pepe', 'Perazzini, S.', 'Pereima, D.', 'Pereiro Castro, A.', 'Perret, P.', 'Perro, A.', 'Petridis, K.', 'Petrolini, A.', 'Petrucci, S.', 'Pham, H.', 'Pica, L.', 'Piccini, M.', 'Pietrzyk, B.', 'Pietrzyk, G.', 'Pinci, D.', 'Pisani, F.', 'Pizzichemi, M.', 'Placinta, V.', 'Plo Casasus, M.', 'Polci, F.', 'Lener, M. Poli', 'Poluektov, A.', 'Polukhina, N.', 'Polyakov, I.', 'Polycarpo, E.', 'Ponce, S.', 'Popov, D.', 'Poslavskii, S.', 'Prasanth, K.', 'Prouve, C.', 'Pugatch, V.', 'Puill, V.', 'Punzi, G.', 'Qi, H. R.', 'Qian, W.', 'Qin, N.', 'Qu, S.', 'Quagliani, R.', 'Trejo, R. I. Rabadan', 'Rachwal, B.', 'Rademacker, J. H.', 'Rama, M.', 'Garcia, M. Ramirez', 'Pernas, M. Ramos', 'Rangel, M. S.', 'Ratnikov, F.', 'Raven, G.', 'Rebollo De Miguel, M.', 'Redi, F.', 'Reich, J.', 'Reiss, F.', 'Ren, Z.', 'Resmi, P. K.', 'Ribatti, R.', 'Ricart, G. R.', 'Riccardi, D.', 'Ricciardi, S.', 'Richardson, K.', 'Richardson-Slipper, M.', 'Rinnert, K.', 'Robbe, P.', 'Robertson, G.', 'Rodrigues, E.', 'Rodriguez Fernandez, E.', 'Rodriguez Lopez, J. A.', 'Rodriguez Rodriguez, E.', 'Rogovskiy, A.', 'Rolf, D. L.', 'Rollings, A.', 'Roloff, P.', 'Romanovskiy, V.', 'Romero Lamas, M.', 'Romero Vidal, A.', 'Romolini, G.', 'Ronchetti, F.', 'Rotondo, M.', 'Roy, S. R.', 'Rudolph, M. S.', 'Ruf, T.', 'Diaz, M. Ruiz', 'Ruiz Fernandez, R. A.', 'Vidal, J. Ruiz', 'Ryzhikov, A.', 'Ryzka, J.', 'Saborido Silva, J. J.', 'Sadek, R.', 'Sagidova, N.', 'Sahoo, N.', 'Saitta, B.', 'Salomoni, M.', 'Gras, C. Sanchez', 'Sanderswood, I.', 'Santacesaria, R.', 'Santamarina Rios, C.', 'Santimaria, M.', 'Santoro, L.', 'Santovetti, E.', 'Saputi, A.', 'Saranin, D.', 'Sarpis, G.', 'Sarpis, M.', 'Sarti, A.', 'Satriano, C.', 'Satta, A.', 'Saur, M.', 'Savrina, D.', 'Sazak, H.', 'Smead, L. G. Scantlebury', 'Scarabotto, A.', 'Schael, S.', 'Scherl, S.', 'Schertz, A. M.', 'Schiller, M.', 'Schindler, H.', 'Schmelling, M.', 'Schmidt, B.', 'Schmitt, S.', 'Schmitz, H.', 'Schneider, O.', 'Schopper, A.', 'Schulte, N.', 'Schulte, S.', 'Schune, M. H.', 'Schwemmer, R.', 'Schwering, G.', 'Sciascia, B.', 'Sciuccati, A.', 'Sellam, S.', 'Semennikov, A.', 'Soares, M. Senghi', 'Sergi, A.', 'Serra, N.', 'Sestini, L.', 'Seuthe, A.', 'Shang, Y.', 'Shangase, D. M.', 'Shapkin, M.', 'Shchemerov, I.', 'Shchutska, L.', 'Shears, T.', 'Shekhtman, L.', 'Shen, Z.', 'Sheng, S.', 'Shevchenko, V.', 'Shi, B.', 'Shields, E. B.', 'Shimizu, Y.', 'Shmanin, E.', 'Shorkin, R.', 'Shupperd, J. D.', 'Coutinho, R. Silva', 'Simi, G.', 'Simone, S.', 'Skidmore, N.', 'Skuza, R.', 'Skwarnicki, T.', 'Slater, M. W.', 'Smallwood, J. C.', 'Smith, E.', 'Smith, K.', 'Smith, M.', 'Snoch, A.', 'Lavra, L. Soares', 'Sokoloff, M. D.', 'Soler, F. J. P.', 'Solomin, A.', 'Solovev, A.', 'Solovyev, I.', 'Song, R.', 'Song, Y.', 'Song, Y.', 'Song, Y. S.', 'De Almeida, F. L. Souza', 'Souza De Paula, B.', 'Norella, E. Spadaro', 'Spedicato, E.', 'Speer, J. G.', 'Spiridenkov, E.', 'Spradlin, P.', 'Sriskaran, V.', 'Stagni, F.', 'Stahl, M.', 'Stahl, S.', 'Stanislaus, S.', 'Stein, E. N.', 'Steinkamp, O.', 'Stenyakin, O.', 'Stevens, H.', 'Strekalina, D.', 'Su, Y.', 'Suljik, F.', 'Sun, J.', 'Sun, L.', 'Sun, Y.', 'Swallow, P. N.', 'Swientek, K.', 'Swystun, F.', 'Szabelski, A.', 'Szumlak, T.', 'Szymanski, M.', 'Tan, Y.', 'Taneja, S.', 'Tat, M. D.', 'Terentev, A.', 'Terzuoli, F.', 'Teubert, F.', 'Thomas, E.', 'Thompson, D. J. D.', 'Tilquin, H.', 'Tisserand, V.', ""T'Jampens, S."", 'Tobin, M.', 'Tomassetti, L.', 'Tonani, G.', 'Tong, X.', 'Torres Machado, D.', 'Toscano, L.', 'Tou, D. Y.', 'Trippl, C.', 'Tuci, G.', 'Tuning, N.', 'Uecker, L. H.', 'Ukleja, A.', 'Unverzagt, D. J.', 'Ursov, E.', 'Usachov, A.', 'Ustyuzhanin, A.', 'Uwer, U.', 'Vagnoni, V.', 'Valassi, A.', 'Valenti, G.', 'Valls Canudas, N.', 'Van Hecke, H.', 'van Herwijnen, E.', 'Van Hulse, C. B.', 'Van Laak, R.', 'van Veghel, M.', 'Vazquez Gomez, R.', 'Vazquez Regueiro, P.', 'Vazquez Sierra, C.', 'Vecchi, S.', 'Velthuis, J. J.', 'Veltri, M.', 'Venkateswaran, A.', 'Vesterinen, M.', 'Vieira, D.', 'Diaz, M. Vieites', 'Vilasis-Cardona, X.', 'Figueras, E. Vilella', 'Villa, A.', 'Vincent, P.', 'Volle, F. C.', 'vom Bruch, D.', 'Vorobyev, V.', 'Voropaev, N.', 'Vos, K.', 'Vouters, G.', 'Vrahas, C.', 'Walsh, J.', 'Walton, E. J.', 'Wan, G.', 'Wang, C.', 'Wang, G.', 'Wang, J.', 'Wang, J.', 'Wang, J.', 'Wang, J.', 'Wang, M.', 'Wang, N. W.', 'Wang, R.', 'Wang, X.', 'Wang, X. W.', 'Wang, Y.', 'Wang, Z.', 'Wang, Z.', 'Wang, Z.', 'Ward, J. A.', 'Watson, N. K.', 'Websdale, D.', 'Wei, Y.', 'Westhenry, B. D. C.', 'White, D. J.', 'Whitehead, M.', 'Wiederhold, A. R.', 'Wiedner, D.', 'Wilkinson, G.', 'Wilkinson, M. K.', 'Williams, M.', 'Williams, M. R. J.', 'Williams, R.', 'Wilson, F. F.', 'Wislicki, W.', 'Witek, M.', 'Witola, L.', 'Wong, C. P.', 'Wormser, G.', 'Wotton, S. A.', 'Wu, H.', 'Wu, J.', 'Wu, Y.', 'Wyllie, K.', 'Xian, S.', 'Xiang, Z.', 'Xie, Y.', 'Xu, A.', 'Xu, J.', 'Xu, L.', 'Xu, L.', 'Xu, M.', 'Xu, Z.', 'Xu, Z.', 'Xu, Z.', 'Yang, D.', 'Yang, S.', 'Yang, X.', 'Yang, Y.', 'Yang, Z.', 'Yang, Z.', 'Yeroshenko, V.', 'Yeung, H.', 'Yin, H.', 'Yu, C. Y.', 'Yu, J.', 'Yuan, X.', 'Zaffaroni, E.', 'Zavertyaev, M.', 'Zdybal, M.', 'Zeng, M.', 'Zhang, C.', 'Zhang, D.', 'Zhang, J.', 'Zhang, L.', 'Zhang, S.', 'Zhang, S.', 'Zhang, Y.', 'Zhang, Y.', 'Zhang, Y. Z.', 'Zhao, Y.', 'Zharkova, A.', 'Zhelezov, A.', 'Zheng, X. Z.', 'Zheng, Y.', 'Zhou, T.', 'Zhou, X.', 'Zhou, Y.', 'Zhovkovska, V.', 'Zhu, L. Z.', 'Zhu, X.', 'Zhu, X.', 'Zhu, Z.', 'Zhukov, V.', 'Zhuo, J.', 'Zou, Q.', 'Zuliani, D.', 'Zunica, G.']",[]
WOS:000909422000001,Scrutinizing LLAMA D as a measure of implicit learning aptitude,2024,"['Iizuka, Takehiro', 'DeKeyser, Robert']",[]
WOS:000946841100001,Assessing the Implementation of an LGBTQ plus Mental Health Services Training Program to Determine Feasibility and Acceptability During the COVID-19 Pandemic,2024,"['Fish, Jessica N. N.', 'King-Marshall, Evelyn C. C.', 'Turpin, Rodman E. E.', 'Aparicio, Elizabeth M. M.', 'Boekeloo, Bradley O. O.']","['LGBTQ plus', 'Sexual and gender minority', 'Mental health', 'Mental health services']"
WOS:000930469500001,"Diversionary Words: Trump, China and the COVID-19 Pandemic",2024,"['Saltzman, Ilai Z.']","['Sino-American relations', 'Donald Trump', 'COVID-19', 'Diversionary war theory', 'Social media']"
WOS:000941967400001,'The stories are told by us'/US: politics of telling stories about Indigenous languages with (and without) music,2024,"['Yamane, Maxwell', 'Phillips, Mary']","['Indigenous', 'storytelling', 'music', 'language status planning', 'politics', 'language policy']"
WOS:000935563000001,Analysis of FDA's Vuse market authorisation: limitations and opportunities,2024,"['Meshnick, Andrew B.', 'Faricy, Lauren Elizabeth', 'Lushniak, Boris D.']","['addiction', 'electronic nicotine delivery devices', 'harm reduction', 'public policy']"
WOS:000935297300001,Development of a Modular Real-time Shared-control System for a Smart Wheelchair,2024,"['Ramaraj, Vaishanth', 'Paralikar, Atharva', 'Lee, Eung Joo', 'Anwar, Syed Muhammad', 'Monfaredi, Reza']","['Assistive Technology', 'Human-machine Systems', 'SLAM', 'Rehabilitation', 'Smart Wheelchairs', 'Wheeled Mobility']"
WOS:000941159500001,"Formation, immunomodulatory activities, and enhancement of glucosinolates and sulforaphane in broccoli sprouts: a review for maximizing the health benefits to human",2024,"['Li, Lizhen', 'Ma, Peihua', 'Nirasawa, Satoru', 'Liu, Haijie']","['Broccoli sprouts', 'elicitors', 'glucosinolates and sulforaphane', 'immunomodulatory activity', 'underlying mechanism']"
WOS:000935231900001,When Does External Knowledge Benefit Team Creativity? The Role of Internal Team Network Structure and Task Complexity,2024,"['Venkataramani, Vijaya', 'Tang, Chaoying']","['team creativity', 'external knowledge', 'information elaboration', 'social networks', 'network centralization']"
WOS:000932383000001,Persuasive Effects of Temporal Framing in Health Messaging: A Meta-Analysis,2024,"['Wang, Yuan', 'Thier, Kathryn', 'Lee, Saymin', 'Nan, Xiaoli']",[]
WOS:000936662600001,Holding State Agencies Accountable: The Creation of an Environmental Justice Scorecard for Maryland State Agencies,2024,"['Ravichandran, Vivek', ""D'Alonzo, Sophia"", 'Stephens, Symone', 'Ajith, Apoorva', 'Hu, Rose', 'Wilson, Sacoby']","['remediation', 'environmental planning', 'environmental justice', 'politics of public health']"
WOS:000935854800001,"Beliefs in COVID-19 Vaccine Misinformation Among Unvaccinated Black Americans: Prevalence, Socio-Psychological Predictors, and Consequences",2024,"['Wang, Yuan', 'Thier, Kathryn', 'Ntiri, Shana O.', 'Quinn, Sandra Crouse', 'Adebamowo, Clement', 'Nan, Xiaoli']",[]
WOS:000935306600001,Cashflow Timing vs. Discount-Rate Timing: An Examination of Mutual Fund Market-Timing Skills,2024,"['Lan, Chunhua', 'Wermers, Russ']","['cashflow timing', 'discount-rate timing', 'market timing']"
WOS:000957073300001,Dilemmas and Strategy When Companion Participation During Appointments Differs from Patient and Companion Expectations,2024,"['Venetis, Maria K.', 'Bontempo, Allyson C.', 'Catona, Danielle', 'de Meritens, Alexandre Buckley', 'Devine, Katie A.', 'Greene, Kathryn']",[]
WOS:000937816600001,Generating certification evidence for the certification of collision avoidance in autonomous surface vessels,2024,"['Costello, Donald', 'Xu, Huan']","['Certification', 'collision avoidance', 'marine navigation', 'unmanned autonomous vehicles']"
WOS:000942217900001,New public management in US higher education: is privatization associated with lower costs?,2024,"['McClure, Kevin R.', 'Vamosiu, Adriana C.', 'Titus, Marvin A.', 'Gray, Steffon M.']","['Public education', 'privatization', 'new public management', 'spatial analysis']"
WOS:000941045900001,Is the Sinaloa Cartel a Mafia?,2024,"['Paoli, Letizia', 'Peters, Bryan', 'Reuter, Peter']","['Sinaloa Cartel', 'mafia', 'criminal organizations', 'drug trafficking', 'organized crime']"
WOS:000940239700001,Negative ageism and compassionate ageism in news coverage of older people under COVID-19: how did the pandemic progression and public health responses associate with different news themes?,2024,"['Wong, Frankie Ho Chun', 'Leung, Dara Kiu Yi', 'Wong, Edwin Lok Yan', 'Liu, Tianyin', 'Wong, Gloria Hoi Yan', 'Lum, Terry Yat Sang']","['ageing narratives', 'stigma', 'stereotype', 'health communication', 'news media']"
WOS:000942230700001,Learning with the Others: Perspective-Taking and the Future of Criminal Justice in the Inside-Out Prison Exchange Program,2024,"['Philippon, Cassandra', 'Wright, Kevin A.', 'Telep, Cody W.', 'Shaw, Olivia P.']","['Correctional programming', 'Inside-out prison exchange program', 'intergroup contact theory', 'prison education']"
WOS:000943316000001,"""Creatures of habit"": influential factors to the adoption of computer personalization and accessibility settings",2024,"['Wood, Rachel', 'Griffith, Meagan', 'Jordan, J. Bern', 'Vanderheiden, Gregg', 'Lazar, Jonathan', 'Kaine-Krolak, Maureen', 'Ryson, Matthew', 'Desai, Amarja', 'Folmar, David']","['Accessibility', 'Personalization', 'Usability', 'People with disabilities', 'Attribution', 'Assistive technologies']"
WOS:000911382700001,Global Is Local: Leveraging Global Mental-Health Methods to Promote Equity and Address Disparities in the United States,2024,"['Giusto, Ali', 'Jack, Helen E.', 'Magidson, Jessica F.', 'Ayuku, David', 'Johnson, Savannah L.', 'Lovero, Kathryn L.', 'Hankerson, Sidney H.', 'Sweetland, Annika C.', 'Myers, Bronwyn', 'Fortunato dos Santos, Palmira', 'Puffer, Eve S.', 'Wainberg, Milton L.']","['global mental health', 'mental-health-services research', 'mutual capacity building']"
WOS:000949163400001,An enterprise network model for understanding and disrupting illicit counterfeit electronic part supply chains,2024,"['Akhavantaheri, Hirbod', 'Sandborn, Peter', 'Das, Diganta']","['Counterfeit', 'electronic components', 'agent-based modeling', 'illicit networks', 'supply chain', 'critical systems', 'obsolescence', 'Diminishing Manufacturing Sources and Material Shortages (DMSMS)']"
WOS:000949783500001,"Vigilance and Protection: How Asian and Pacific Islander, Black, Latina, and Middle Eastern Women Cope with Racism",2024,"['Criss, Shaniece', 'Kim, Melanie', 'de la Cruz, Monica M.', 'Thai, Nhung', 'Nguyen, Quynh C.', 'Hswen, Yulin', 'Gee, Gilbert C.', 'Nguyen, Thu T.']","['Racism', 'Asian American and Pacific Islander', 'Black', 'Latina', 'Middle Eastern', 'Women', 'Coping']"
WOS:000952332400001,Fact-Checking or Not? News Verification Behaviours of Young People in Hong Kong,2024,"['Chu, Donna', 'Wong, Frankie Ho Chun']","['curriculum', 'learning', 'literacy', 'teaching', 'social justice']"
WOS:000949106500001,The civic transformation of data privacy implementation in Europe,2024,"['Mizarhi-Borohovich, Inbar', 'Newman, Abraham', 'Sivan-Sevilla, Ido']","['Privacy implementation', 'civic engagement', 'GDPR', 'differentiated policy implementation']"
WOS:000952621500001,Choosing Where to Fight: Do Social Networks Distinguish American ISIS Foreign Fighters from ISIS-Inspired Terrorists?,2024,"['Jensen, Michael A. A.', 'Ferguson, Neil', 'Kane, Sheehan', 'LaFree, Gary']","['terrorism', 'social network analysis', 'terror networks', 'counterterrorism', 'foreign fighters']"
WOS:000954547900001,"The Size and Life-Cycle Growth of Plants: The Role of Productivity, Demand, and Wedges",2024,"['Eslava, Marcela', 'Haltiwanger, John', 'Urdaneta, Nicolas']","['Size distribution of manufacturing plants', 'Productivity', 'Allocative efficiency', 'Quality', 'Markups']"
WOS:000949866900001,Small-Group Emergent Literacy Intervention Dosage in Preschool: Patterns and Predictors,2024,"['Piasta, Shayne B.', 'Hudson, Alida', 'Sayers, Robin', 'Logan, Jessica A. R.', 'Lewis, Kandia', 'Zettler-Greeley, Cynthia M.', 'Bailet, Laura L.']","['emergent literacy intervention', 'small-group instruction', 'preschool', 'fidelity of implementation', 'dosage']"
WOS:000954776600001,Predictive Analytics and Ship-Then-Shop Subscription,2024,"['Choi, W. Jason', 'Liu, Qihong', 'Shin, Jiwoong']","['predictive analytics', 'artificial intelligence', 'subscription business', 'ship-then-shop', 'free-riding', 'showrooming', 'ex ante and ex post extraction']"
WOS:000956683900001,Does passion matter for team innovation? The conditional indirect effects of team harmonious versus obsessive passion via team reflexivity,2024,"['Wei, Xin', 'Liao, Hui', 'Zhang, Zhi-Xue', 'Dong, Yuntao', 'Li, Ning']","['mean passion', 'passion diversity', 'team innovation', 'team reflexivity']"
WOS:000957594700001,Do Multifamily unit Rents Increase in Response to Light Rail in the Pre-service Period?,2024,"['Peng, Qiong', 'Knaap, Gerrit-Jan', 'Finio, Nicholas']","['light rail transit', 'housing', 'Washington metropolitan area', 'multifamily rent', 'displacement']"
WOS:000960989700001,Approximating weighted completion time via stronger negative correlation,2024,"['Baveja, Alok', 'Qu, Xiaoran', 'Srinivasan, Aravind']","['Scheduling', 'Completion time', 'Approximation algorithms', 'Dependent rounding']"
WOS:000958743900001,Policy implementation barriers in climate change adaptation: The case of Pakistan,2024,"['Masud, Shafaq', 'Khan, Ahmad']","['adaptation', 'climate change', 'climate governance', 'Pakistan', 'policy analysis']"
WOS:000959568900001,"Mapping modal verbs to meanings: an elicited production study on ""force"" and ""flavor"" with young preschoolers",2024,"['Cournane, Ailis', 'Hirzel, Mina', 'Hacquard, Valentine']",[]
WOS:000972440900001,"The Influence of Native Phonology, Allophony, and Phonotactics on Nonnative Lexical Encoding: A Vocabulary Training Study",2024,"['Zheng, Qi', 'Gor, Kira']","['lexical encoding', 'nonnative listeners', 'phonological categorization', 'allophonic variation', 'memory consolidation']"
WOS:000974717900001,The sister concepts of working alliance and real relationship: A meta-analysis,2024,"['Vaz, Ana Marta', 'Ferreira, Laura Ines', 'Gelso, Charles', 'Janeiro, Luis']","['Therapeutic relationship', 'real relationship', 'working alliance', 'therapy outcomes', 'common factors']"
WOS:000965674000001,How Does Competition Affect Exploration vs. Exploitation? A Tale of Two Recommendation Algorithms,2024,"['Cao, H. Henry', 'Ma, Liye', 'Ning, Z. Eddie', 'Sun, Baohong']","['AI', 'bandit', 'multihoming', 'recommendation algorithm', 'customization', 'personalization', 'content', 'competition', 'experimentation', 'reinforcement learning']"
WOS:000962253000001,Can gender-responsive budgeting change how governments budget?: Lessons from the case of Ecuador.,2024,"['Guzman, Juan Pablo Martinez']",[]
WOS:000968246600001,Sequence Processing in Music Predicts Reading Skills in Young Readers: A Longitudinal Study,2024,"['Andrade, Paulo E.', 'Muellensiefen, Daniel', 'Andrade, Olga V. C. A.', 'Dunstan, Jade', 'Zuk, Jennifer', 'Gaab, Nadine']","['music', 'reading', 'reading disability', 'screening']"
WOS:000972318500001,"College men's preference for a masculine beverage: examining masculinity threat, drive for muscularity, and body appreciation as predictors",2024,"['Le, Thomas P.', 'Pease, M.', 'Chijioke, Sandra']","[""Men's beverage preferences"", 'masculinity threat', 'masculinity', 'drive for muscularity', 'body appreciation']"
WOS:000967837900001,COVID-19 Economic and Academic Stress on Mexican American Adolescents' Psychological Distress: Parents as Essential Workers,2024,"['Chavez, Fiorella Carlos L.', 'Sanchez, Delida', 'Rosario, Cristalis Capielo', 'Han, SeungYong', 'Cerezo, Alison', 'Cadenas, German A.']",[]
WOS:000971419300001,Perceptions of mindfulness practices as a support for individuals managing caregiving responsibilities and chronic disease: A qualitative study,2024,"['West, Nathan T.', 'Harmon, Brook E.', 'Rawlett, Kristen E.', 'Short, Sarah J.', 'Spanier, Adam J.', 'Mathews, Shifali', 'Kimble, Katrina', 'McGehee, Chad', 'Ratliff, Macy L.', 'Puett, Robin C.']","['Mindfulness', 'qualitative', 'caregiving', 'chronic disease', 'community engagement']"
WOS:000969171600001,"Large deviations, moment estimates and almost sure invariance principles for skew products with mixing base maps and expanding-on-average fibers",2024,"['Hafouta, Yeor']","['limit theorems', 'random dynamical systems', 'skew products']"
WOS:000975277400001,Black lives matter and imagined futures of racial dynamics in the US,2024,"['Durham, Simone N.']","['Social movements', 'social change', 'Black lives matter', 'racism', 'futures', 'prospectus']"
WOS:000974968400001,"Kriging, Polynomial Chaos Expansion, and Low-Rank Approximations in Material Science and Big Data Analytics",2024,"['Mahdavi, Golsa', 'Hariri-Ardebili, Mohammad Amin']","['concrete', 'polynomial chaos expansion', 'regression', 'surrogate model']"
WOS:000972708700001,Public High School Music Education in Maryland: Issues of Equity in Access and Uptake,2024,"['Miller, David S.']","['equity', 'music education', 'college transition', 'music demographics', 'longitudinal data system']"
WOS:000973404500001,Ties That Bind? The Teaching and Post-Teaching Trajectories of Black and Latino/a Community Insiders and Elite College Graduates,2024,"['Brantlinger, Andrew', ""Turner, Blake O'Neal"", 'Valenzuela, Angela']","['teacher retention', 'teacher characteristics', 'critical theory', 'race', 'career development', 'policy', 'descriptive analysis', 'longitudinal studies', 'regression analyses']"
WOS:000980250000001,Diversity maximization-based transfer diagnosis approach of rotating machinery,2024,"['She, Daoming', 'Chen, Jin', 'Yan, Xiaoan', 'Zhao, Xiaoli', 'Pecht, Michael']","['Transfer learning', 'fault diagnosis', 'variable working conditions', 'condition monitoring']"
WOS:000976280800001,A desire to create shared memories increases consumers' willingness to sacrifice experience quality for togetherness,2024,"['Garcia-Rada, Ximena', 'Norton, Michael I.', 'Ratner, Rebecca K.']","['close relationships', 'shared experiences', 'shared memories', 'togetherness']"
WOS:000990721900001,"Examining COVID-19 Pandemic-Related Economic and Household Stress and Its Association With Mental Health, Alcohol, and Substance Use in a National Sample of Latinx Sexual Minority and Heterosexual Adults",2024,"['Cerezo, Alison', 'Rivera, David B. B.', 'Sanchez, Delida', 'Torres, Lucas', 'Chavez, Fiorella L. Carlos L.', 'Drabble, Laurie A. A.']","['COVID-19', 'Latinx', 'LGBTQ', 'alcohol use', 'substance use']"
WOS:000984460700001,Can Automated Feedback Improve Teachers' Uptake of Student Ideas? Evidence From a Randomized Controlled Trial in a Large-Scale Online Course,2024,"['Demszky, Dorottya', 'Liu, Jing', 'Hill, Heather C.', 'Jurafsky, Dan', 'Piech, Chris']","['artificial intelligence', 'teacher education', 'development', 'instructional technologies', 'textual analysis', 'measurements', 'regression analyses', 'experimental research', 'statistics', 'randomized controlled trial', 'natural language processing', 'teaching practices', 'online learning']"
WOS:000983787700001,Testing an Explanation for Summer Learning Loss: Differential Examinee Effort Between Spring and Fall,2024,"['Kuhfeld, Megan', 'Soland, James', 'Register, Brennan', 'McEachin, Andrew']","['achievement', 'testing', 'educational policy', 'hierarchical linear modeling', 'summer learning loss', 'test effort']"
WOS:000985750100001,Adolescents' Sexual Orientation and Behavioral and Neural Reactivity to Peer Acceptance and Rejection: The Moderating Role of Family Support,2024,"['Clark, Kirsty A. A.', 'Pachankis, John E. E.', 'Dougherty, Lea R. R.', 'Katz, Benjamin A. A.', 'Hill, Kaylin E. E.', 'Klein, Daniel N. N.', 'Kujawa, Autumn']","['sexual orientation', 'stigma', 'reward positivity', 'family support', 'adolescent peer relations']"
WOS:000980320700001,Socio-Scientific Learning During the COVID-19 Pandemic: Comparing In-person and Virtual Science Learning Using Model-Evidence Link Diagrams,2024,"['Gans, Nancy', 'Zohery, Vivian', 'Jaffe, Joshua B.', 'Ahmed, Anissa', 'Kim, Luke', 'Lombardi, Doug']",[]
WOS:000980445000001,The effects of topological configuration and geometric parameters on heat transfer and fluid flow characteristics of lattice-based heat sinks,2024,"['Narkhede, Swapnil', 'Sur, Anirban', 'Tiwari, Ratnesh']","['Convective heat dissipation', 'heat transfer', 'lattice-based heat sinks', 'single-phase flow', 'topological dependence']"
WOS:000989199800001,Endogenous Consumption and Metered Paywalls,2024,"['Wang, Chutian', 'Zhou, Bo', 'Joshi, Yogesh, V']","['digital media', 'endogenous consumption', 'paywalls', 'advertising', 'product line design', 'analytical models']"
WOS:000983455000001,When Connection Turns to Anger: How Consumer-Brand Relationship and Crisis Type Moderate Language on Social Media,2024,"['Mosley, Buffy', 'Schweidel, David A.', 'Zhang, Kunpeng']","['consumer-brand relationship', 'brand connections', 'social media', 'brand crisis', 'text analysis']"
WOS:000990503500001,Admission Olympics: the emerging tutoring market for kindergarten applicants,2024,"['Kobakhidze, M. Nutsa', 'Hui, Janisa']","['Kindergarten admissions', 'private tutoring', 'shadow education', 'competition', 'education market', 'Hong Kong']"
WOS:000985104500001,A scoping review of autism research conducted in Central Asia: Knowledge gaps and research priorities,2024,"['Zakirova-Engstrand, Rano', 'Yakubova, Gulnoza']","['autism research', 'Central Asia', 'knowledge gaps']"
WOS:000991741900001,20 Years of Environmental Injustice and the Mississippi Hog Industry: Spatial and Statistical Analyses for Low-Wealth Communities and Communities of Color,2024,"['Hall, Jonathan', 'Khanjar, Niya', 'Seyoum, Getahun', 'Ravichandran, Vivek', 'Galarraga, Joseph', 'Garg, Anushi', 'Casteel, Rachel', 'Wilson, Sacoby']","['CAFOs', 'Mississippi', 'water quality', 'air quality', 'environmental justice', 'GIS']"
WOS:000992674500001,Conversation disruptions in early childhood predict executive functioning development: A longitudinal study,2024,"['Carolus, Amy E.', 'McLaughlin, Katie A.', 'Lengua, Lilliana J.', 'Rowe, Meredith L.', 'Sheridan, Margaret A.', 'Zalewski, Maureen', 'Moran, Lyndsey', 'Romeo, Rachel R.']","['conversational turns', 'discourse analysis', 'executive function', 'externalizing', 'socioeconomic status']"
WOS:000998385300001,Motivating COVID-19 Vaccination through Persuasive Communication: A Systematic Review of Randomized Controlled Trials,2024,"['Xia, Shilin', 'Nan, Xiaoli']",[]
WOS:000994485200001,Sequential Learning with a Similarity Selection Index,2024,"['Zhou, Yi', 'Fu, Michael C.', 'Ryzhov, Ilya O.']","['statistical ranking and selection', 'simulation optimization', 'optimal learning', 'spectral clustering']"
WOS:000990547100001,Interviewer Involvement in Respondent Selection Moderates the Relationship between Response Rates and Sample Bias in Cross-National Survey Projects in Europe,2024,"['Kolczynska, Marta', 'Jabkowski, Piotr', 'Eckman, Stephanie']",[]
WOS:000998285600001,"An ""Eye For an Eye"" Versus ""Turning The Other Cheek""? The Status Consequences of Revenge and Forgiveness in Intergroup Conflict",2024,"['Benard, Stephen', 'Doan, Long', 'Nicholson, D. Adam', 'Meanwell, Emily', 'Wright, Eric L.', 'Lista, Peter']",[]
WOS:000997642700001,Do Banks Worry about Attentive Depositors? Evidence from Multiple-Brand Banks*,2024,"['Chavaz, Matthieu', 'Slutzky, Pablo']","['Banks', 'Information acquisition', 'Deposit insurance', 'Banking crises']"
WOS:001000080900001,Beyond Violent Extremism: A 3N Perspective of Inceldom,2024,"['Ellenberg, Molly', 'Speckhard, Anne', 'Kruglanski, Arie W.']","['involuntary celibates', 'incels', 'violent extremism', 'suicidal ideation']"
WOS:000999951000001,Opportunistic package delivery as a service on road networks,2024,"['Ghosh, Debajyoti', 'Sankaranarayanan, Jagan', 'Khatter, Kiran', 'Samet, Hanan']","['Package delivery', 'Pickup', 'Drop-off', 'Spatial infrastructure', 'Road networks', 'Nearest neighbours', 'Shortest path finding algorithms', 'Roundtrip', 'Detours', 'Landmarks']"
WOS:001001204600001,Parent and Child Depressive Symptoms and Authoritarian Parenting: Reciprocal Relations From Early Childhood Through Adolescence,2024,"['Chad-Friedman, Emma', 'Jordan, Leslie S.', 'Chad-Friedman, Simone', 'Lemay, Edward', 'Olino, Thomas', 'Klein, Daniel N.', 'Dougherty, Lea R.']","['child depression', 'developmental psychopathology', 'parental depression', 'pathways to depression', 'reciprocal effects']"
WOS:001001320000001,"Virtual Instruction in Teaching Mathematics to Autistic Students: Effects of Video Modeling, Virtual Manipulatives, and Mathematical Games",2024,"['Yakubova, Gulnoza', 'Chen, Briella Baer', 'Al-Dubayan, Monerah N. N.', 'Gupta, Stuti']","['autism', 'online instruction', 'video modeling', 'technology', 'games', 'mathematics']"
WOS:001011098800001,Reconciling theories on why employees of small firms are more likely to become entrepreneurs,2024,"['King, Benjamin', 'Ganco, Martin', 'Starr, Evan']",[]
WOS:001003499700001,Collaborating for COVID-19: Hospital Health Information Exchange and Public Health Partnership,2024,"['Maguire, Teagan Knapp', 'Yoon, Sunjung', 'Chen, Jie']","['health information exchange', 'public health system', 'Accountable Care Organization', 'collaboration', 'COVID-19', 'telemedicine']"
WOS:001007138700001,Cross-linguistic influence meets diminished input: A comparative study of heritage Russian in contact with Hebrew and English,2024,"['Fridman, Clara', 'Polinsky, Maria', 'Meir, Natalia']","['cross-linguistic influence', 'diminished input', 'heritage Russian', 'heritage speakers', 'morphosyntax']"
WOS:001005195500001,M&A and technological expansion,2024,"['Jin, Ginger Zhe', 'Leccese, Mario', 'Wagman, Liad']",[]
WOS:001004052000001,BUILDing an Early Advantage: An Examination of the Role of Strategic Interventions in Developing First-Year Undergraduate Students' Science Identity,2024,"['Eagan, M. Kevin', 'Romero, Ana L.', 'Zhong, Shujin']","['Science Identity', 'STEM Education', 'Propensity scores', 'First-year college students', 'Interventions', 'Undergraduate research', 'Mentorship']"
WOS:001006033100001,Within-person pathways among maternal depressive symptoms and offspring internalizing problems from early childhood through adolescence,2024,"['Chad-Friedman, Simone', 'Chad-Friedman, Emma', 'Lemay, Edward', 'Olino, Thomas M. M.', 'Klein, Daniel N. N.', 'Dougherty, Lea R. R.']","['anxiety', 'child irritability', 'maternal depressive symptoms', 'reciprocal', 'within-person']"
WOS:001007829200001,The linguistic organization of grammatical text complexity: comparing the empirical adequacy of theory-based models,2024,"['Biber, Douglas', 'Larsson, Tove', 'Hancock, Gregory R.']","['grammatical complexity', 'linguistic co-occurrence', 'syntactic functions', 'text complexity', 'theory-based models']"
WOS:001004023500001,'The effect is/isn't significant!': statistical evidence and ELT,2024,"['Koval, Natalie G.']","['quantitative ELT research evidence', 'statistical significance', 'mean', 'average', 'statistical reporting', 'statistical interpretation for ELT']"
WOS:001005667100001,Data-Driven Approach to Risk Identification for Major Transportation Projects: A Common Risk Breakdown Structure,2024,"['Erfani, Abdolmajid', 'Cui, Qingbin', 'Baecher, Gregory', 'Kwak, Young Hoon']","['Transportation', 'Risk management', 'Bit error rate', 'Semantics', 'Registers', 'Natural language processing', 'Schedules', 'Data analytics', 'natural language processing', 'risk breakdown structure', 'risk management', 'transportation projects']"
WOS:001007526100001,Mixed-Methods Evaluation of Father Participation in an Adolescent Obesity Prevention Program With Multiple Delivery Methods,2024,"['Hurtado Choque, Ghaffar Ali', 'Rodriguez, Matthew R.', 'Soltani, Darya', 'Baltaci, Aysegul', 'Nagao-Sato, Sayaka', 'Alvarez de Davila, Silvia', 'Monardez, Javiera', 'Peralta Reyes, Alejandro Omar', 'Reicks, Marla']","['Latino parents and adolescents', 'community-based intervention', 'multi-delivery method', 'barriers and facilitators', 'predictors of engagement', 'mixed methods']"
WOS:001004462300002,The Mabuchi geometry of low energy classes,2024,"['Darvas, Tamas']",[]
WOS:001006611400001,"Weighing the Body: Women Olympic Weightlifters Negotiating Weight Class, Body Image, and the Unruly Body",2024,"['Nelson, Monica', 'Jette, Shannon']",[]
WOS:001008359100001,Big-Data Driven Framework to Estimate Vehicle Volume Based on Mobile Device Location Data,2024,"['Yang, Mofeng', 'Luo, Weiyu', 'Ashoori, Mohammad', 'Mahmoudi, Jina', 'Xiong, Chenfeng', 'Lu, Jiawei', 'Zhao, Guangchen', 'Saleh Namadi, Saeed', 'Hu, Songhua', 'Kabiri, Aliakbar', 'Ji, Ya']","['big data analytics', 'cloud computing', 'vehicle volume', 'location-based services', 'origin and destination data']"
WOS:001005942700001,Linking frequency to bilingual switch costs during real-time sentence comprehension,2024,"['Salig, Lauren K.', 'Valdes Kroff, Jorge R.', 'Slevc, L. Robert', 'Novick, Jared M.']","['code-switching', 'comprehension', 'syntax', 'corpora', 'reading times']"
WOS:001007744900001,Moderate deviations inequalities for Gaussian process regression,2024,"['Li, Jialin', 'Ryzhov, Ilya O.']","['Gaussian process regression', 'moderate deviations', 'interpolation theory']"
WOS:001008731400001,"FIXED POINTS, LOCAL MONODROMY, AND INCOMPRESSIBILITY OF CONGRUENCE COVERS",2024,"['Brosnan, Patrick', 'Fakhruddin, Najmuddin']",[]
WOS:001010502700001,Variants of multi-index caterer problem,2024,"['Khurana, Archana']","['Caterer problem', 'multi-index', 'transportation problem', 'impaired flow', 'enhanced flow']"
WOS:001007701500001,"Estimating reliability for response-time difference measures: Toward a standardized, model-based approach",2024,"['Hui, Bronson', 'Wu, Zhiyi']",[]
WOS:001011727000002,Classification of Students by Race and Hispanic/Latino/a/x Ethnicity Impacts Estimates of the Prevalence of Substance Use,2024,"['Webb, Lindsey', 'Goings, Trenette C.', 'Tuitt, Nicole R.', 'Bear, Ursula Running', 'Sanchez, Delida', 'Johnson, Renee M.']","['Adolescence', 'Surveillance data', 'Substance use', 'Biracial', 'Multiracial', 'Hispanic', 'Latino', 'a', 'x']"
WOS:000989928000001,"Niksokowaawak as Axiom: The Indispensability of Comprehensive Relational Animacy in Blackfoot Ways of Knowing, Being, and Doing",2024,"['Atwood, Sandra Bartlett', 'Piiksii, Ninna', 'Brunson, Mark W.', 'Laverne, Aahsaopi', 'Frandy, Tim', 'Maffie, James', ""Provost, Aakaomo'tsstaki Michelle"", 'Moccasin, Miiniipokaa Peter Weasel']","['Coproduction', 'Indigenous knowledge', 'methodology', 'ontological turn']"
WOS:001013960700001,Social versus non-social behavioral inhibition: Differential prediction from early childhood of long-term psychosocial outcomes,2024,"['Tan, Enda', 'Zeytinoglu, Selin', 'Morales, Santiago', 'Buzzell, George A.', 'Almas, Alisa N.', 'Degnan, Kathryn A.', 'Chronis-Tuscano, Andrea', 'Henderson, Heather', 'Pine, Daniel S.', 'Fox, Nathan A.']","['anxiety', 'behavioral inhibition', 'individual differences', 'longitudinal', 'social', 'temperament']"
WOS:001014399100001,Does Interacting with Women Encourage Civic and Prosocial Attitudes? Evidence from Simulated Contact Experiments in Saudi Arabia and Kuwait,2024,"['Jones, Calvert W.']","['Gender', 'Middle East', 'diversity', 'civic', 'prosocial', 'patriarchy', 'experiments']"
WOS:001012114800001,Shipment Consolidation with Multiple Shipping Methods Under Nonlinear Cost Structures,2024,"['Xu, Zhou', 'Li, Feng', 'Chen, Zhi-Long']","['shipment consolidation', 'nonlinear cost structures', 'long-haul and short-haul shipping', 'First-Due-First-Delivered policy', 'No-Wait policy', 'dynamic programming', 'approximation algorithms']"
WOS:001015852900001,A Matter of Time: Racialized Time and the Production of Health Disparities,2024,"['Colen, Cynthia G. G.', 'Drotning, Kelsey J. J.', 'Sayer, Liana C. C.', 'Link, Bruce']","['Black Americans', 'fundamental cause theory', 'health disparities', 'structural racism', 'time use']"
WOS:001011212500001,Heuristics for Anti-cyclotomic Ζ<sub>p</sub>-extensions,2024,"['Kundu, Debanjana', 'Washington, Lawrence C.']","['Anticyclotomic Zp-extensions', 'heuristics', 'Iwasawa invariants', 'Primary']"
WOS:001019125100001,Opinions and attitudes of research ethics committees in Arab countries in the Middle East and North African region toward ethical issues involving biobank research,2024,"['Mohammed, Zeinab', 'Abdelgawad, Fatma', 'Ahram, Mamoun', 'Ibrahim, Maha E.', 'Elgamri, Alya', 'Gamel, Ehsan', 'Adarmouch, Latifa', 'Rhazi, Karima El', 'Abd ElHafeez, Samar', 'Silverman, Henry']","['Biobank', 'biospecimens', 'broad consent', 'data sharing', 'community engagement', 'research ethics committees']"
WOS:001018162200001,Hansen Lecture 2022: The Evolution of the Use of Models in Survey Sampling,2024,"['Valliant, Richard']","['Design based', 'Empirical likelihood', 'Model assisted', 'Model based', 'Model calibrated', 'Models in sample design', 'Nonprobability samples']"
WOS:001019461800001,Robust Routing Made Easy: Reinforcing Networks Against Non-Benign Faults,2024,"['Lenzen, Christoph', 'Medina, Moti', 'Saberi, Mehrdad', 'Schmid, Stefan']","['Communication networks', 'computer networks', 'routing', 'algorithms']"
WOS:001004724100001,Adaptive Importance Sampling for Efficient Stochastic Root Finding and Quantile Estimation,2024,"['He, Shengyi', 'Jiang, Guangxin', 'Lam, Henry', 'Fu, Michael C.']","['Monte Carlo simulation', 'importance sampling', 'adaptive algorithms', 'quantile estimation', 'stochastic root finding', 'stochastic optimization', 'central limit theorem']"
WOS:001020874600001,"Differences Between High and Low Performing Police Agencies in Clearing Robberies, Aggravated Assaults, and Burglaries: Findings From an Eight-Agency Case Study",2024,"['Lum, Cynthia', 'Wellford, Charles', 'Scott, Thomas', 'Vovak, Heather', 'Scherer, Jacqueline A.', 'Goodier, Michael']","['investigations', 'clearance rates', 'evidence-based policing', 'detective']"
WOS:001021605100001,Wide word-length carry-select adder design using ripple carry and carry look-ahead method based hybrid 4-bit carry generator,2024,"['Hasan, Mehedi', 'Chowdhury, Sujan', 'Faruqe, Omar', 'Chakraborty, Arindom', 'Zaman, Hasan U.', 'Islam, Sharnali']","['4-bit adder', 'adder', 'carry select adder', 'carry-look ahead', 'ripple carry adder']"
WOS:001035435800001,Salvation Scripts: How Religion Matters for Women's Desistance Narratives,2024,"['Ellis, Rachel', 'Inzana, Victoria']","['Desistance', 'gender', 'narrative criminology', 'reentry', 'religion']"
WOS:001023496100001,The Voices of Chinese American Parents During COVID-19: Recommendations for Addressing Anti-Asian Racism and Supporting Adolescents in School,2024,"['Liu, Jia Li', 'Cheong, Yeram', 'Wang, Cixin', 'Cheah, Charissa S. L.', 'Ma, Ruofan', 'Zhang, Xinyi']","['Asian American parents', 'school', 'COVID-19', 'bullying', 'racial discrimination']"
WOS:001023860000001,Centering queer knowledge paradigms in designing and implementing health information and communication technologies,2024,"['Wagner, Travis L.', 'Kitzie, Vanessa L.']","['Information and communication technologies', 'queer populations', 'liberatory design', 'qualitative research', '>']"
WOS:001022357000001,Understanding Health Fraud Offenders in China: An Emotional Labour Perspective,2024,"['Xu, Jianhua', 'Sun, Guyu', 'Wu, Sinan', 'Zhu, Shangyi', 'Zhou, You']","['health fraud', 'emotional labour', 'vulnerability manipulation', 'older adults', 'China']"
WOS:001024121000001,"Song system neuroanatomy, and immediate early gene expression in a finch species with extensive male and female song",2024,"['Rose, Evangeline M.', 'Haakenson, Chelsea M.', 'Patel, Aliyah', 'Gaind, Shivika', 'Shank, Benjamin D.', 'Ball, Gregory F.']","['Female song', 'Cordon bleu', 'Hormone', 'Brain', 'ZENK']"
WOS:001025220400001,"Perception of ""This is Not a Game"": Definition and Measurement",2024,"['Giboney, Justin Scott', 'Bonsignore, Elizabeth M. M.', 'McDonald, Jason K. K.', 'Hansen, Derek L. L.', 'Mata, Lucia', 'Balzotti, Jon']","['""This is not a game""', 'TINAG', 'alternative reality games', 'participatory narratives', 'pervasive games', 'virtual environmentsPRISMA methodology', 'survey validation']"
WOS:001027966100001,Head Start Classroom Demands and Resources: Identifying Associations With Teacher Burnout,2024,"['Sandilos, Lia', 'Goble, Priscilla', 'Ezra, Pond', 'Kane, Codie']","['demands', 'resources', 'social support', 'teacher burnout']"
WOS:001026765300001,Assessing the Effects of Practitioner-Created and Implemented Video-Based Intervention to Teach Vocational Skills to Autistic Young Adults,2024,"['Chen, Briella Baer', 'Yakubova, Gulnoza', ""O'Connor, Julia T. T."", 'Herman, Stacey', 'Myers, Linda']","['autism', 'employment', 'video-based intervention', 'behavior skills training', 'transition']"
WOS:001026608800001,Joint modeling of action sequences and action time in computer-based interactive tasks,2024,"['Fu, Yanbin', 'Zhan, Peida', 'Chen, Qipeng', 'Jiao, Hong']","['Process data', 'Action sequence', 'Action time', 'Joint modeling', 'Item response theory']"
WOS:001039612300001,Identification of potential phytochemicals and their inhibitory effect on the PERK receptor mediated UPR pathway for neuronal disease regulation: an <i>in silico</i> insight,2024,"['Ameenudeen, Shabnam', 'Waseem, Mohammad', 'Hemalatha, S.']","['Unfolded protein response', 'PERK receptor', 'neuropathic pain', 'molecular docking', 'phytocompounds']"
WOS:001020702100001,Invasion in the Niger Delta: remote sensing of mangrove conversion to invasive <i>Nypa fruticans</i> from 2015 to 2020,2024,"['Barenblitt, Abigail', 'Fatoyinbo, Lola', 'Thomas, Nathan', 'Stovall, Atticus', 'de Sousa, Celio', 'Nwobi, Chukwuebuka', 'Duncanson, Laura']","['GEE', 'invasive species', 'mangroves', 'Niger Delta', 'Nypa fruticans', 'remote sensing']"
WOS:000713339900001,Improving second language vocabulary learning and retention by leveraging memory enhancement techniques: A multidomain pedagogical approach,2025,"['Karatas, Nur Basak', 'Ozemir, Oya', 'Lovelett, Jarrett T.', 'Demir, Bora', 'Erkol, Kemal', 'Verissimo, Joo', 'Ercetin, Gulcan', 'Ullman, Michael T.']","['second language', 'vocabulary learning', 'word learning', 'spacing effect', 'distributed practice', 'retrieval practice', 'testing effect', 'multidomain', 'English as a second language (ESL)', 'Teaching English to Speakers of Other Languages (TESOL)']"
WOS:000803989000001,A Smartphone App for Parental Management of Adolescent Conduct Problems: Randomized Clinical Trial of iKinnect,2025,"['Schaeffer, Cindy M.', 'Dimeff, Linda A.', 'Koerner, Kelly', 'Chung, Julie', 'Kelley-Brimer, Angela', 'Kako, Nadia', 'Ilac, Maria', 'Tuerk, Elena', 'Carroll, David', 'Beadnell, Blair']",[]
WOS:000890002300001,Using Health Behavior Theory to Address COVID-19 Vaccine Hesitancy: A Scoping Review of Communication and Messaging Interventions,2025,"['Orr, Caroline A.', 'Gordon, Ruthanna']","['COVID', 'health behavior theory', 'vaccine hesitancy']"
WOS:000897730200001,Higher Rank Parabolic Geometries with Essential Automorphisms and Nonvanishing Curvature,2025,"['Erickson, Jacob W.']","['58D19', '53C30']"
WOS:000905885600001,"Critical language awareness in teacher education: an experiment at the intersection of language, identity, and ideologies",2025,"['Mahalingappa, Laura', 'Polat, Nihat', 'Meyer, Carla K.']","['Teacher education', 'critical language awareness', 'language identity', 'language ideologies', 'multilingualism', 'language diversity']"
WOS:000912829200001,Operant social seeking to a novel peer after social isolation is associated with activation of nucleus accumbens shell in rats,2025,"['Olaniran, Adedayo', 'Garcia, Kristine T.', 'Burke, Megan A. M.', 'Lin, Hongyu', 'Venniro, Marco', 'Li, Xuan']","['Social seeking', 'Self-administration', 'Housing condition', 'Social isolation', 'Nucleus accumbens', 'Fos']"
WOS:000898262400001,Implementing Task-Shared Child and Adolescent Psychological Interventions in Low- and Middle-Income Countries: A Scoping Review,2025,"['Rose, Alexandra L.', 'Jack, Helen E.', 'Wan, Christine', 'Toloza, Emilia', 'Bhattiprolu, Kavya', 'Ragunathan, Meera', 'Schwartz, Karen T. G.', 'Magidson, Jessica F.']",[]
WOS:000921502300001,Immigrants' and refugees' 'funds of knowledge(s)' on the path to intercultural competence,2025,"['Ortega, Yecid', 'Oxford, Rebecca']","['Immigrant', 'refugee', 'emotion', 'memory', 'funds of knowledges']"
WOS:000916717000001,Rationing scarce healthcare capacity: A study of the ventilator allocation guidelines during the COVID-19 pandemic,2025,"['Anderson, David R.', 'Aydinliyim, Tolga', 'Bjarnadottir, Margret V.', 'Cil, Eren B.', 'Anderson, Michaela R.']","['COVID-19', 'fairness', 'machine learning', 'multiclass queueing with abandonments', 'priority scheduling', 'resource allocation', 'scarce ventilator capacity']"
WOS:000935515700001,Homelessness and housing supply,2025,"['Dawkins, Casey J. J.']","['Homelessness', 'housing supply', 'housing affordability', 'land use regulations']"
WOS:000937193300001,Theories and implications for centering indigenous and queer embodiment within sociotechnical systems,2025,"['Wagner, Travis L.', 'Marsh, Diana', 'Curliss, Lydia']",[]
WOS:000942088400001,Visual Exploration Mediates the Influence of Personal Traits on Responses to Artworks in an Art Gallery Setting,2025,"['Palumbo, Letizia', 'Harrison, Neil Richard', 'Trawinski, Tobiasz', 'Kass, Jason', 'Metelmann, Andrea Caroline', 'Bari, Rai Samar Ghulam', 'Donnelly, Nicholas']","['individual differences', 'eye tracking', 'aesthetics', 'artworks', 'art gallery']"
WOS:000954710600001,Dorsiflexion shoes affect joint-level landing mechanics related to lower extremity injury risk in females,2025,"['Garcia, Gina L. L.', 'Caminita, Mia', 'Hunter, Jessica G. G.', 'Miller, Ross H. H.', 'Shim, Jae Kun']","['Energy absorption', 'knee injury', 'midsole drop', 'ACL', 'patellofemoral pain']"
WOS:000974684500001,The impact of telehealth in sepsis care: A systematic review,2025,"['Tu, Kevin J.', 'Wymore, Cole', 'Tchangalova, Nedelina', 'Fuller, Brian M.', 'Mohr, Nicholas M.']","['Sepsis', 'telehealth', 'tele-ICU', 'tele-ED', 'survival', 'systematic review', 'patient outcomes', 'processes of care']"
WOS:001014000500001,Impact of Stress on Later Academic Engagement Among Emergent Bilingual Students: Grit and Academic Support as Protective Factors,2025,"['Estevez, Gabriella', ""O'Neal, Colleen"", 'Cerrato, Stephanie']","['Achievement', 'minority students', 'English-language learners', 'migrant students', 'Jorge E', 'Gonzalez']"
WOS:000986269600001,Identity Formation and Post-Traumatic Growth Among Central American Immigrant Youth,2025,"['Bohorquez, Juliana Munoz', 'Yumiseva, Martha L.', 'Dudamel, Ana', 'Roy, Kevin', 'Lewin, Amy']","['post-traumatic growth', 'migration', 'Latinx youth', 'Central American youth', 'trauma', 'resilience']"
WOS:000983373200001,Conviction and Compassion Creates the Federal Children's Health Insurance Program,2025,"['Kessel, Woodie', 'LaVallee, Charles P.']","['MCH History', 'Child health insurance', 'CHIP', 'Pennsylvania CHIP', 'Title XXI-SSA']"
WOS:000984329600001,Incident Report and Analysis of the 2021 Cox's Bazar Rohingya Refugee Camp Fire in Bangladesh,2025,"['Flores Quiroz, Natalia', 'Walls, Richard', 'Chamberlain, Paul', 'Tan, Genevieve', 'Milke, James']","['Fire investigation', 'Refugee camps', 'Fire spread', 'Fire incident reconstruction']"
WOS:001001673900001,Analyzing Multi-Lingual Discussions of the Standard Gauge Railway Project in Kenya Using Natural Language Processing and Social Media Analysis,2025,"['Sauer, Jeffery', 'Overos, Henry', 'Newlands, Juan', 'Morrison, Michelle', 'Stewart, Kathleen', 'Wood, Tess']","['Kenya', 'Belt and Road Initiative (BRI)', 'infrastructure', 'twitter', 'natural language processing', 'topic model', 'sentiment analysis']"
WOS:001013473200001,The Impact of Sexual Harassment on Job Satisfaction in Newsrooms,2025,"['Blumell, Lindsey E.', 'Mulupi, Dinfin', 'Arafat, Rana']","['Job satisfaction', 'sexual harassment', 'news industry', 'journalism', 'gendered inequalities', 'Africa', 'Asia', 'Arab region']"
WOS:001023851900001,Technical Note-A New Rate-Optimal Sampling Allocation for Linear Belief Models,2025,"['Zhou, Jiaqi', 'Ryzhov, Ilya O.']","['optimal learning', 'simulation optimization', 'linear regression', 'large deviations']"
WOS:001025246100001,"""Why are we asking for a seat at the table that our ancestors created for us?"" The importance of cultural landscapes and power in urban planning",2025,"['Howell, Kathryn L. L.', 'Gough, Meghan Z. Z.', 'Cameron, Hannah M. M.']","['Community', 'identity', 'race', 'whiteness and power']"
WOS:001032842400001,Discursive Shifts in the German Right-Wing Newspaper <i>Junge Freiheit</i> 1997-2019: A Computational Approach,2025,"['Czymara, Christian S.', 'Bauer, Leo']",[]
WOS:001032233000001,Training machine learning models based on the structural formula for the enthalpy of vaporization and sublimation and a thorough analysis of Trouton's rules,2025,"['Wahler, Sabrina', 'Chung, Peter', 'Klapoetke, Thomas M.']","['Enthalpy of sublimation', 'enthalpy of vaporization', 'machine learning', 'roseBoom', ""trouton's rule"", '>']"
WOS:001033349800001,Gentrification and Business Closures in Maryland's Purple Line Corridor,2025,"['Finio, Nicholas']","['gentrification', 'small business', 'light rail', 'displacement']"
WOS:001037147000001,Framing Revolution: Multiframe News Themes in Lebanon's October 2019 Uprising,2025,"['Farhat, Sally', 'Melki, Jad']","['news framing', 'Lebanon uprising', 'media framing analysis', 'issue-specific frames', 'generic frames', 'Arab media']"
WOS:001037243200001,Correspondence Measures for Assessing Replication Success,2025,"['Steiner, Peter M. M.', 'Sheehan, Patrick', 'Wong, Vivian C. C.']","['causal replication', 'equivalence test', 'correspondence test']"
WOS:001046866400001,"The Way They See Us: Examining the Content, Accuracy, and Bias of Metaperceptions Held by Syrian Refugees About the Communities That Host Them",2025,"['Webber, David', 'Molinario, Erica', 'Jasko, Katarzyna', 'Gelfand, Michele J.', 'Kruglanski, Arie W.']","['refugees', 'intergroup metaperceptions', 'threat', 'intergroup relations']"
WOS:001060182800001,The Rebel and the Politician: Developing a Typology of Insurgent Civil-Military Relations,2025,"['Worsnop, Alec']","['civilian control', 'civil wars', 'insurgency', 'civil-military relations', 'military organization']"
WOS:001042454100001,Rebel actors and legitimacy building,2025,"['McWeeney, Margaret', 'Cunningham, Kathleen Gallagher', 'Bauer, Leo']","['Rebel groups', 'Legitimacy', 'Civil war', 'Rebel governance']"
WOS:001036172700001,An Autoethnographic Exploration of the Realities of Engaging in Trans and Queer Center(ed) Diversity Work,2025,"['Oliveira, Kristopher A.', 'Gonzalez-Siegel, Vanessa Aviva', 'Feldman, Steven', 'Kannan, Kalyani', 'Woods, Chris', 'Pryor, Jonathan T.', 'Duran, Antonio', 'Catalano, D. Chase J.', 'Jourian, T. J.']","['trans and queer center(ed) diversity work', 'lesbian', 'gay', 'bisexual', 'transgender', 'queer centers', 'diversity work', 'higher education', 'queer']"
WOS:001045070000001,Whole body mass estimates and error propagation in countermovement jump: a simulated error study,2025,"['Burnett, Jenna K. K.', 'Kim, Yong-Woon', 'Kwon, Hyun Joon', 'Miller, Ross H. H.', 'Shim, Jae Kun']","['Kinetics', 'maximum height', 'mass error', ""Newton's second law"", 'jumping']"
WOS:001051019700001,Conceptualizing political information literacy among young people: A systematized review of the literature,2025,"['Koren, Nitzan']","['information literacy', 'literature review', 'political information literacy', 'political knowledge', 'young people', 'youth']"
WOS:001058141300001,"Truth be told: How ""true"" and ""false"" labels influence user engagement with fact-checks",2025,"['Aruguete, Natalia', 'Bachmann, Ingrid', 'Calvo, Ernesto', 'Valenzuela, Sebastian', 'Ventura, Tiago']","['Computational methods', 'experiments', 'fact-checking', 'misinformation', 'motivated reasoning', 'social media']"
WOS:001059364700001,Cyclical Links Between Daily Partner Interactions and Sleep Quality in Older Adult Couples: The Mediating Role of Perceived Partner Responsiveness and Negative Affect,2025,"['Xie, Yuxi', 'Lemay Jr, Edward P.', 'Feeney, Brooke C.']","['daily partner interactions', 'sleep quality', 'aging', 'negative and positive affect', 'perceived partner responsiveness']"
WOS:001060133500001,PaRIT: A Planning Support System to Cope with a Network of Plans and Regulations,2025,"['Chimento, Cyrus', 'Finio, Nicholas', 'Hopkins, Lewis D.', 'Knaap, Gerrit-Jan']","['plans', 'regulations', 'information technology', 'GIS', 'planes', 'regulaciones', 'tecnologia de la informacion', 'SIG (Sistema de Informacion Geografica)']"
WOS:001062568800001,Parent Education Interventions for Parents of Adolescents with Autism: A Scoping Review,2025,"['Shikarpurya, Sehrish', 'Gilson, Carly B.', 'Whirley, Mary L.', 'Banerjee, Anindita', 'Devlin, Meaghan']","['Autism', 'Parent education interventions', 'Parent training', 'Adolescents', 'Parents', 'Family education']"
WOS:001063382900001,Impact on diabetes outcomes and team skills of integrating dietetic services into interprofessional education and teamwork in primary care,2025,"['Rowe, Gina C.', 'McShane, Phyllis', 'Congdon, Heather Brennan', 'Pittman, Joan', 'Rios, Judith']","['Diabetes mellitus', 'registered dietitian nutritionist', 'hemoglobin A1c', 'interprofessional', 'medical nutrition therapy']"
WOS:001078288300001,Reciprocal associations between sexual orientation concealment and mental health among LGBQ college students,2025,"['Kase, Colleen A.', 'Mohr, Jonathan J.']","['Sexual minority', 'identity management', 'concealment', 'mental health', 'LGBQ']"
WOS:001075222500001,Rent affordability after hurricanes: Longitudinal evidence from US coastal states,2025,"['Best, Kelsea B.', 'He, Qian', 'Reilly, Allison', 'Tran, Nhi', 'Niemeier, Deb']","['housing affordability', 'hurricanes', 'renter vulnerability']"
WOS:001078941300001,The State of Cognitive Control in Language Processing,2025,"['Ness, Tal', 'Langlois, Valerie J.', 'Kim, Albert E.', 'Novick, Jared M.']","['cognitive control', 'language processing', 'sentence processing', 'comprehension', 'executive functions']"
WOS:001082897800001,"""It Just Felt Nice to be Able to Scream"": A Qualitative Examination of the Experiences of College Students Participating in the Black Lives Matter Movement",2025,"['Smith, Samantha A.', 'Arria, Amelia M.', 'Fryer, Craig S.', 'Roy, Kevin', 'Green, Kerry M.', 'Dyer, Typhanye V.']","['mental health', 'civic engagement', 'qualitative methods', 'social justice', 'college issues']"
WOS:001087143200001,Empirical study of the effects of physics-guided machine learning on freeway traffic flow modelling: model comparisons using field data,2025,"['Zhang, Zhao', 'Yuan, Yun', 'Li, Mingchen', 'Lu, Pan', 'Yang, Xianfeng Terry']","['Traffic state estimation', 'physics-guided machine learning', 'macroscopic traffic flow modelling', 'neural networks']"
WOS:001087856400001,A data feminist approach to urban data practice: Tenant power through eviction data,2025,"['Hatch, Megan E.', 'Raymond, Elora Lee', 'Teresa, Benjamin F.', 'Howell, Kathryn']","['Eviction', 'data', 'case study']"
WOS:001088998200001,Improved Sample-Complexity Bounds in Stochastic Optimization,2025,"['Baveja, Alok', 'Chavan, Amit', 'Nikiforov, Andrei', 'Srinivasan, Aravind', 'Xu, Pan']","['stochastic optimization', 'sample-average approximation', 'sample complexity']"
WOS:001090261400001,Peer Influence on Youth Delinquency: How Does School-Level Teacher Quality Matter?,2025,"['Sun, Guyu', 'Zhang, Tony Huiquan']","['youth delinquency', 'peer influence', 'school context', 'multilevel models', 'social stratification']"
WOS:001093387800001,Before The War on Cancer,2025,"['Cantor, David']","['Gangsters', 'cancer', 'television', 'film', 'metaphor']"
WOS:001103806700001,Evaluating methods for examining the relative persuasiveness of policy arguments,2025,"['Mcdonald, Jared', 'Hanmer, Michael J.']","['persuasion', 'policy attitudes', 'political psychology', 'survey experiments']"
WOS:001097880800001,The Relationship Between the Family Environment and Community Context on LGBTQ plus Youth's Disordered Eating Behaviors,2025,"['Paceley, Megan S.', 'Watson, Ryan J.', 'Fish, Jessica N.', 'Jarrard, Clayton', 'Winter, Virginia Ramseyer', 'Kattari, Shanna K.', 'Walter, Samantha']","['regression analysis', 'quantitative research', 'methods and analytics', 'community practice', 'modes of practice', 'LGBTQ issues', 'subjects of practice', 'family systems and functioning', 'eating disorders', 'mental health and differential diagnoses']"
WOS:001099043900001,Concurrent invasions of European starlings in Australia and North America reveal population-specific differentiation in shared genomic regions,2025,"['Hofmeister, Natalie R.', 'Stuart, Katarina C.', 'Warren, Wesley C.', 'Werner, Scott J.', 'Bateson, Melissa', 'Ball, Gregory F.', 'Buchanan, Katherine L.', 'Burt, David W.', 'Cardilini, Adam P. A.', 'Cassey, Phillip', 'De Meyer, Tim', 'George, Julia', 'Meddle, Simone L.', 'Rowland, Hannah M.', 'Sherman, Craig D. H.', 'Sherwin, William B.', 'Vanden Berghe, Wim', 'Rollins, Lee Ann', 'Clayton, David F.']","['genetic bottleneck', 'invasive species', 'natural selection']"
WOS:001095108000001,Reciprocal associations between parental depression and child cognition: Pathways to children's internalizing and externalizing symptoms,2025,"['Chad-Friedman, Simone', 'Zhang, Irene', 'Donohue, Kristyn', 'Chad-Friedman, Emma', 'Rich, Brendan A.']","['Cognition', 'parental depression', 'reciprocal', 'transactional']"
WOS:001100537500001,"Vicarious Racism, Direct Racism, and Mental Health Among Racialized Minority Healthcare Workers",2025,"['Hennein, Rachel', 'Tiako, Max Jordan Nguemeni', 'Bonumwezi, Jessica', 'Tineo, Petty', 'Boatright, Dowin', 'Crusto, Cindy', 'Lowe, Sarah R.']","['Racism', 'Vicarious racism', 'Healthcare workers', 'Mental health', 'Depression', 'Anxiety', 'Posttraumatic stress']"
WOS:001103640200001,Immersive Virtual Reality Exposures for the Treatment of Childhood Anxiety,2025,"['Ramsey, Kesley A.', 'Essoe, Joey Ka-Yee', 'Boyle, Nathan', 'Patrick, Ainsley K.', 'McGuire, Joseph F.']","['Child', 'Adolescent', 'Anxiety', 'Virtual reality', 'Exposure therapy', 'Treatment']"
WOS:001099692500001,Global Learning for Health Equity: A Survey of Five Global Learning Sites in the United States,2025,"['Shin, Sonya S.', 'Shah, Ami', 'North-Kabore, Janette', 'Rowthorn, Virginia', 'Fiori, Kevin P.', 'Dudding, Ruth', 'Plum, Rev Alexander', 'Parke, Dana', 'George, Carmen', 'Thomas, Stephen', 'Pinkett, Randal', 'Porter, Keshia M. Pollack', 'Sirois, Adam', 'Cordeiro, Vera', 'Ogbolu, Yolanda']","['global learning', 'health equity', 'global health', 'community health workers']"
WOS:001108068500001,Investor reactions to board changes: does gender matter?,2025,"['Sanford, Anthony', 'Tremblay-Boire, Joannie']","['Asset pricing', 'gender', 'stock performance', 'event study', 'information shocks']"
WOS:001111219600001,Monotone Discretization of Anisotropic Differential Operators Using Voronoi's First Reduction,2025,"['Bonnans, Frederic', 'Bonnet, Guillaume', 'Mirebeau, Jean-Marie']","['Adaptive finite differences', 'Anisotropic elliptic equation', 'Hamilton-Jacobi equation', 'Selling decomposition', ""Voronoi's first reduction""]"
WOS:001104379700001,The case of the model classroom: cognition and authenticity in teacher professional development,2025,"['Comstock, Meghan', 'Margolis, Jason']","['Case Study', 'mixed methods', 'professional development', 'teacher learning', 'teacher leadership']"
WOS:001099689100001,Noncognitive Factors and Student Long-Run Success: Comparing the Predictive Validity of Observable Academic Behaviors and Social-Emotional Skills,2025,"['Liu, Jing', 'Kuhfeld, Megan', 'Lee, Monica']","['student absenteeism', 'social-emotional learning', 'educational attainment']"
WOS:001118351400001,Decision support for detecting sensitive text in government records,2025,"['Branting, Karl', 'Brown, Bradford', 'Giannella, Chris', 'Guilder, James Van', 'Harrold, Jeff', 'Howell, Sarah', 'Baron, Jason R.']","['Artificial intelligence and law', 'Freedom of information law', 'Machine learning', 'Human language technology', 'Human factors analysis', 'Human-computer interface']"
WOS:001129644000001,The Impact of Anti-Sexual Harassment Policies on Sexual Harassment Prevention in the Workplace,2025,"['Blumell, Lindsey E.', 'Mulupi, Dinfin']","['Sexual Harassment', 'Anti-sexual Harassment Policies', 'Organizational Culture', 'Africa', 'Survey', 'News Industry']"
WOS:001122953000001,"Online Matching Frameworks Under Stochastic Rewards, Product Ranking, and Unknown Patience",2025,"['Brubach, Brian', 'Grammel, Nathaniel', 'Ma, Will', 'Srinivasan, Aravind']","['online algorithms', 'competitive ratio', 'online matching', 'product ranking']"
WOS:001121729500001,Reasoning with inconsistent precedents,2025,"['Canavotto, Ilaria']","['Legal case-based reasoning', 'Reason model', 'Inconsistent case bases', 'Precedential constraint']"
WOS:001121126600001,Direct-Laser-Written Polymer Nanowire Waveguides for Broadband Single Photon Collection from Epitaxial Quantum Dots into a Gaussian-like Mode,2025,"['Perez, Edgar F.', 'Haws, Cori', 'Davanco, Marcelo', 'Song, Jindong', 'Sapienza, Luca', 'Srinivasan, Kartik']","['direct laser writing', 'epitaxial quantum dots', 'nanophotonics', 'single photon sources']"
WOS:001123517200001,Accuracy of heart rate measured by military-grade wearable ECG monitor compared with reference and commercial monitors,2025,"['Lindsey, Bryndan', 'Hanley, C.', 'Reider, L.', 'Snyder, S.', 'Zhou, Y.', 'Bell, E.', 'Shim, J.', 'Hahn, J-o', 'Vignos, M.', 'Bar-Kochba, E.']","['Health informatics', 'CARDIOLOGY', 'SPORTS MEDICINE', 'Pacing & electrophysiology']"
WOS:001129597300001,The urban air mobility problem,2025,"['Golden, Bruce', 'Oden, Eric', 'Raghavan, S.']","['Urban air mobility', 'Routing and scheduling', 'Time-expanded network', 'Mixed integer program', 'Smart cities']"
WOS:001128689300001,Preparing students to meet their data: an evaluation of K-12 data science tools,2025,"['Israel-Fishelson, Rotem', 'Moon, Peter F.', 'Tabak, Rachel', 'Weintrop, David']","['Data science', 'block-based programming', 'K-12 education']"
WOS:001128730000001,"Longitudinal associations between early risk and adolescent delinquency: Mediators, moderators, and main effects",2025,"['Fagan, Jay', 'Cabrera, Natasha', 'Kobulsky, Julia']","['Delinquency', 'father involvement', 'Future of Families and Child Wellbeing', 'resilience', 'risk']"
WOS:001135371800001,Predicting the impact of rare variants on RNA splicing in CAGI6,2025,"['Lord, Jenny', 'Oquendo, Carolina Jaramillo', 'Wai, Htoo A.', 'Douglas, Andrew G. L.', 'Bunyan, David J.', 'Wang, Yaqiong', 'Hu, Zhiqiang', 'Zeng, Zishuo', 'Danis, Daniel', 'Katsonis, Panagiotis', 'Williams, Amanda', 'Lichtarge, Olivier', 'Chang, Yuchen', 'Bagnall, Richard D.', 'Mount, Stephen M.', 'Matthiasardottir, Brynja', 'Lin, Chiaofeng', 'Hansen, Thomas van Overeem', 'Leman, Raphael', 'Martins, Alexandra', 'Houdayer, Claude', 'Krieger, Sophie', 'Bakolitsa, Constantina', 'Peng, Yisu', 'Kamandula, Akash', 'Radivojac, Predrag', 'Baralle, Diana']",[]
WOS:001136793700001,Selection of auto-carrier loading policy in automobile shipping,2025,"['Kirtonia, Sajeeb Kumar', 'Sun, Yanshuo', 'Chen, Zhi-Long']","['Automobile shipping', 'loading optimization', 'space-state network', 'tradeoff analysis']"
WOS:001134521800001,A comparison of Eulerian and semi-Lagrangian approaches for modeling stream water quality,2025,"['Sulis, A.', 'Wild, T. B.', 'Loucks, D. P.']","['Water quality management', 'semi-Lagrangian modeling', 'advection-diffusion', 'stream water quality model software', 'dissolved oxygen concentrations', 'Sava River']"
WOS:001137236000001,"Changing student privacy responsibilities and governance needs: Views from faculty, instructional designers, and academic librarians",2025,"['Jones, Kyle M. L.', 'Vanscoy, Amy', 'Harding, Alison', 'Martin, Amy']","['Student privacy', 'Governance', 'Educational technology', 'Learning analytics', 'Faculty', 'Instructional designers', 'Academic librarians']"
WOS:001145061600001,"The population ecology of interest groups and counter-mobilization: reproductive rights organizations in the United States, 1920-1985",2025,"['Hightower, Tristan M.']","['density dependence', 'interest groups', 'population ecology', 'representation', 'reproductive rights']"
WOS:001139690500001,Unraveling Mentors' Positive and Negative Reactions to Protégés' Taking Charge,2025,"['Liu, Xin', 'Derfler-Rozin, Rellie', 'Mao, Jih-Yu', 'Schaubroeck, John M.', 'Zhou, Qiwei']","['mentorship', 'protege proactivity', 'mentor knowledge sharing and hiding', 'mentor benign and malicious envy', 'protege benevolence.']"
WOS:001145732200001,Examining the Efficacy of Culturally Responsive Interventions for Autistic Children and Their Families: A Meta-Analysis,2025,"['Lee, James D.', 'Kang, Veronica Y.', 'Terol, Adriana Kaori', 'Joo, Sean']","['Culturally responsive', 'Cultural adaptation', 'Minoritized families', 'Autism']"
WOS:001141934400001,First-Generation Korean Immigrant Parents' Experience and Perception of Dual Language English Literacy Intervention for their Young Children in the United States,2025,"['Kang, Veronica Y.', 'Kim, Sunyoung', 'Kim, Hanae']","['Dual language', 'early literacy', 'home-based literacy', 'immigrant', 'Korean', 'parent engagement', 'preschool', 'social validity']"
WOS:001148776100001,Development of a family-based treatment for co-occurring intimate partner violence and child maltreatment: the MST-IPV model,2025,"['Swenson, Cynthia Cupit', 'Schaeffer, Cindy M.']","['Post-traumatic stress disorder', 'psychosocial interventions', 'trauma and stressor-related disorders', 'childhood experience', 'cognitive-behavioural therapies']"
WOS:001144432600001,A short history of the phosphorus index and Andrew Sharpley's contributions from inception through development and implementation,2025,"['Osmond, Deanna L.', 'Kleinman, Peter J. A.', 'Coale, Frank', 'Nelson, Nathan O.', 'Bolster, Carl H.', 'Mcgrath, Josh']",[]
WOS:001142396900002,Effects of Metabolites of Lactobacillus casei on Expression and Neutralization of Shiga Toxin by Enterohemorrhagic Escherichia coli,2025,"['Aditya, Arpita', 'Tabashsum, Zajeba', 'Martinez, Zabdiel Alvarado', 'Biswas, Debabrata']","['Shiga toxin', 'Metabolites', 'Conjugated linoleic acid', 'EHEC', 'Probiotics']"
WOS:001149226300002,Motor Control Adherence to the Two-thirds Power Law Differs in Autistic Development,2025,"['Fourie, Emily', 'Lu, Szu-Ching', 'Delafield-Butt, Jonathan', 'Rivera, Susan M.']","['Autism', 'Motor', 'Movement', 'Two-thirds Power law', 'Jerk']"
WOS:001147290400001,Preliminary examination of the effects of an early parenting intervention on amygdala-orbitofrontal cortex resting-state functional connectivity among high-risk children: A randomized clinical trial,2025,"['Korom, Marta', 'Valadez, Emilio A.', 'Tottenham, Nim', 'Dozier, Mary', 'Spielberg, Jeffrey M.']","['Parenting intervention', 'imaging', 'resting-state', 'amygdala<leftwards arrow with vertical stroke>OFC functional connectivity', 'emotion regulation', 'adversity']"
WOS:001110359700001,"Private attributes: The meanings and mechanisms of ""privacy-preserving"" adtech",2025,"['McGuigan, Lee', 'Sivan-Sevilla, Ido', 'Parham, Patrick', 'Shvartzshnaider, Yan']","['Adtech', 'contextual integrity', 'critical data studies', 'digital advertising', 'online tracking', 'platforms', 'privacy', 'surveillance']"
WOS:001116556100001,Conceptions of teaching and justice as pivotal to mathematics teacher educators' thinking about mathematical knowledge for teaching,2025,"['Hoover, Mark', 'Dahlgren, Matthew', 'Mosvold, Reidar', 'Goffney, Imani']","['Mathematics teacher educators', 'Mathematical knowledge for teaching', 'Teaching', 'Justice', 'Equity']"
WOS:001439488800001,"Search for a heavy resonance decaying into a Z and a Higgs boson in events with an energetic jet and two electrons, two muons, or missing transverse momentum in proton-proton collisions at √<i>s</i>=13 TeV",2025,"['Hayrapetyan, A.', 'Tumasyan, A.', 'Adam, W.', 'Andrejkovic, J. W.', 'Bergauer, T.', 'Chatterjee, S.', 'Damanakis, K.', 'Dragicevic, M.', 'Hussain, P. S.', 'Jeitler, M.', 'Krammer, N.', 'Li, A.', 'Liko, D.', 'Mikulec, I.', 'Schieck, J.', 'Schoefbeck, R.', 'Schwarz, D.', 'Sonawane, M.', 'Templ, S.', 'Waltenberger, W.', 'Wulz, C. -E.', 'Janssen, T.', 'Van Laer, T.', 'Van Mechelen, P.', 'Breugelmans, N.', ""D'Hondt, J."", 'Dansana, S.', 'De Moor, A.', 'Delcourt, M.', 'Heyen, F.', 'Lowette, S.', 'Makarenko, I.', 'Muller, D.', 'Tavernier, S.', 'Tytgat, M.', 'Van Onsem, G. P.', 'Van Putte, S.', 'Vannerom, D.', 'Bilin, B.', 'Clerbaux, B.', 'Das, A. K.', 'De Lentdecker, G.', 'Evard, H.', 'Favart, L.', 'Gianneios, P.', 'Jaramillo, J.', 'Khalilzadeh, A.', 'Khan, F. A.', 'Lee, K.', 'Mahdavikhorrami, M.', 'Malara, A.', 'Paredes, S.', 'Shahzad, M. A.', 'Thomas, L.', 'Vanden Bemden, M.', 'Vander Velde, C.', 'Vanlaer, P.', 'De Coen, M.', 'Dobur, D.', 'Gokbulut, G.', 'Hong, Y.', 'Knolle, J.', 'Lambrecht, L.', 'Marckx, D.', 'Amarilo, K. Mota', 'Samalan, A.', 'Skovpen, K.', 'Van Den Bossche, N.', 'van der Linden, J.', 'Wezenbeek, L.', 'Benecke, A.', 'Bethani, A.', 'Bruno, G.', 'Caputo, C.', 'De Jeneret, J. De Favereau', 'Delaere, C.', 'Donertas, I. S.', 'Giammanco, A.', 'Guzel, A. O.', 'Jain, Sa.', 'Lemaitre, V.', 'Lidrych, J.', 'Mastrapasqua, P.', 'Tran, T. T.', 'Wertz, S.', 'Alves, G. A.', 'Alves Gallo Pereira, M.', 'Coelho, E.', 'Correia Silva, G.', 'Hensel, C.', 'Menezes De Oliveira, T.', 'Mora Herrera, C.', 'Moraes, A.', 'Rebello Teles, P.', 'Soeiro, M.', 'Vilela Pereira, A.', 'Alda Junior, W. L.', 'Barroso Ferreira Filho, M.', 'Brandao Malbouisson, H.', 'Carvalho, W.', 'Chinellato, J.', 'Da Costa, E. M.', 'Da Silveira, G. G.', 'De Jesus Damiao, D.', 'Fonseca De Souza, S.', 'Gomes De Souza, R.', 'Macedo, M.', 'Martins, J.', 'Mundim, L.', 'Nogima, H.', 'Pinheiro, J. P.', 'Santoro, A.', 'Sznajder, A.', 'Thiel, M.', 'Vilela Pereira, A.', 'Bernardes, C. A.', 'Calligaris, L.', 'Fernandez Perez Tomei, T. R.', 'Gregores, E. M.', 'Lopes Da Costa, B.', 'Maietto Silverio, I.', 'Mercadante, P. G.', 'Novaes, S. F.', 'Orzari, B.', 'Padula, Sandra S.', 'Aleksandrov, A.', 'Antchev, G.', 'Hadjiiska, R.', 'Iaydjiev, P.', 'Misheva, M.', 'Shopova, M.', 'Sultanov, G.', 'Dimitrov, A.', 'Litov, L.', 'Pavlov, B.', 'Petkov, P.', 'Petrov, A.', 'Shumka, E.', 'Keshri, S.', 'Laroze, D.', 'Thakur, S.', 'Cheng, T.', 'Javaid, T.', 'Yuan, L.', 'Hu, Z.', 'Liang, Z.', 'Liu, J.', 'Yi, K.', 'Chen, G. M.', 'Chen, H. S.', 'Chen, M.', 'Iemmi, F.', 'Jiang, C. H.', 'Kapoor, A.', 'Liao, H.', 'Liu, Z. -A.', 'Sharma, R.', 'Song, J. N.', 'Tao, J.', 'Wang, C.', 'Wang, J.', 'Wang, Z.', 'Zhang, H.', 'Zhao, J.', 'Agapitos, A.', 'Ban, Y.', 'Deng, S.', 'Guo, B.', 'Jiang, C.', 'Levin, A.', 'Li, C.', 'Li, Q.', 'Mao, Y.', 'Qian, S.', 'Qian, S. J.', 'Qin, X.', 'Sun, X.', 'Wang, D.', 'Yang, H.', 'Zhang, L.', 'Zhao, Y.', 'Zhou, C.', 'Yang, S.', 'You, Z.', 'Jaffel, K.', 'Lu, N.', 'Bauer, G.', 'Li, B.', 'Zhang, J.', 'Gao, X.', 'Li, Y.', 'Lin, Z.', 'Lu, C.', 'Xiao, M.', 'Avila, C.', 'Barbosa Trujillo, D. A.', 'Cabrera, A.', 'Florez, C.', 'Fraga, J.', 'Reyes Vega, J. A.', 'Ramirez, F.', 'Rendon, C.', 'Rodriguez, M.', 'Ruales Barbosa, A. A.', 'Ruiz Alvarez, J. D.', 'Giljanovic, D.', 'Godinovic, N.', 'Lelas, D.', 'Sculac, A.', 'Kovac, M.', 'Petkovic, A.', 'Sculac, T.', 'Bargassa, P.', 'Brigljevic, V.', 'Chitroda, B. K.', 'Ferencek, D.', 'Jakovcic, K.', 'Mishra, S.', 'Starodumov, A.', 'Susa, T.', 'Attikis, A.', 'Christoforou, K.', 'Hadjiagapiou, A.', 'Leonidou, C.', 'Mousa, J.', 'Nicolaou, C.', 'Paizanos, L.', 'Ptochos, F.', 'Razis, P. A.', 'Rykaczewski, H.', 'Saka, H.', 'Stepennov, A.', 'Finger, M.', 'Finger, M., Jr.', 'Kveton, A.', 'Carrera Jarrin, E.', 'Assran, Y.', 'El-mahdy, B.', 'Elgammal, S.', 'Mahmoud, M. A.', 'Mohammed, Y.', 'Ehataht, K.', 'Kadastik, M.', 'Lange, T.', 'Nandan, S.', 'Nielsen, C.', 'Pata, J.', 'Raidal, M.', 'Tani, L.', 'Veelken, C.', 'Kirschenmann, H.', 'Osterberg, K.', 'Voutilainen, M.', 'Bharthuar, S.', 'Bin Norjoharuddeen, N.', 'Brucken, E.', 'Garcia, F.', 'Inkaew, P.', 'Kallonen, K. T. S.', 'Lampen, T.', 'Lassila-Perini, K.', 'Lehti, S.', 'Linden, T.', 'Martikainen, L.', 'Myllymaki, M.', 'Rantanen, M. M.', 'Siikonen, H.', 'Tuominiemi, J.', 'Luukka, P.', 'Petrow, H.', 'Besancon, M.', 'Couderc, F.', 'Dejardin, M.', 'Denegri, D.', 'Faure, J. L.', 'Ferri, F.', 'Ganjour, S.', 'Gras, P.', 'de Monchenault, G. Hamel', 'Kumar, M.', 'Lohezic, V.', 'Malcles, J.', 'Orlandi, F.', 'Portales, L.', 'Rosowsky, A.', 'Sahin, M. O.', 'Savoy-Navarro, A.', 'Simkina, P.', 'Titov, M.', 'Tornago, M.', 'Beaudette, F.', 'Boldrini, G.', 'Busson, P.', 'Cappati, A.', 'Charlot, C.', 'Chiusi, M.', 'Damas, F.', 'Davignon, O.', 'De Wit, A.', 'Ehle, I. T.', 'Alves, B. A. Fontana Santos', 'Ghosh, S.', 'Gilbert, A.', 'de Cassagnac, R. Granier', 'Hakimi, A.', 'Harikrishnan, B.', 'Kalipoliti, L.', 'Liu, G.', 'Nguyen, M.', 'Ochando, C.', 'Salerno, R.', 'Sauvan, J. B.', 'Sirois, Y.', 'Gomez, L. Urda', 'Vernazza, E.', 'Zabi, A.', 'Zghiche, A.', 'Agram, J. -L.', 'Andrea, J.', 'Apparu, D.', 'Bloch, D.', 'Brom, J. -M.', 'Chabert, E. C.', 'Collard, C.', 'Falke, S.', 'Goerlach, U.', 'Haeberle, R.', 'Le Bihan, A. -C.', 'Meena, M.', 'Poncet, O.', 'Saha, G.', 'Sessini, M. A.', 'Van Hove, P.', 'Vaucelle, P.', 'Di Florio, A.', 'Amram, D.', 'Beauceron, S.', 'Blancon, B.', 'Boudoul, G.', 'Chanon, N.', 'Contardo, D.', 'Depasse, P.', 'Dozen, C.', 'El Mamouni, H.', 'Fay, J.', 'Gascon, S.', 'Gouzevitch, M.', 'Greenberg, C.', 'Grenier, G.', 'Ille, B.', ""Jourd'huy, E."", 'Laktineh, I. B.', 'Lethuillier, M.', 'Mirabito, L.', 'Perries, S.', 'Purohit, A.', 'Vander Donckt, M.', 'Verdier, P.', 'Xiao, J.', 'Bagaturia, I.', 'Lomidze, I.', 'Tsamalaidze, Z.', 'Botta, V.', 'Rodriguez, S. Consuegra', 'Feld, L.', 'Klein, K.', 'Lipinski, M.', 'Meuser, D.', 'Pauls, A.', 'Adan, D. Perez', 'Roewert, N.', 'Teroerde, M.', 'Diekmann, S.', 'Dodonova, A.', 'Eich, N.', 'Eliseev, D.', 'Engelke, F.', 'Erdmann, J.', 'Erdmann, M.', 'Fackeldey, P.', 'Fischer, B.', 'Hebbeker, T.', 'Hoepfner, K.', 'Ivone, F.', 'Jung, A.', 'Lee, M. Y.', 'Mausolf, F.', 'Merschmeyer, M.', 'Meyer, A.', 'Mukherjee, S.', 'Noll, D.', 'Nowotny, F.', 'Pozdnyakov, A.', 'Rath, Y.', 'Redjeb, W.', 'Rehm, F.', 'Reithler, H.', 'Sarkisovi, V.', 'Schmidt, A.', 'Seth, C.', 'Sharma, A.', 'Spah, J. L.', 'Stein, A.', 'De Araujo, F. Torres Da Silva', 'Wiedenbeck, S.', 'Zaleski, S.', 'Dziwok, C.', 'Fluegge, G.', 'Kress, T.', 'Nowack, A.', 'Pooth, O.', 'Stahl, A.', 'Ziemons, T.', 'Zotz, A.', 'Petersen, H. Aarup', 'Martin, M. Aldaya', 'Alimena, J.', 'Amoroso, S.', 'An, Y.', 'Bach, J.', 'Baxter, S.', 'Bayatmakou, M.', 'Gonzalez, H. Becerril', 'Behnke, O.', 'Belvedere, A.', 'Blekman, F.', 'Borras, K.', 'Campbell, A.', 'Cardini, A.', 'Cheng, C.', 'Colombina, F.', 'De Silva, M.', 'Eckerlin, G.', 'Eckstein, D.', 'Banos, L. I. Estevez', 'Filatov, O.', 'Gallo, E.', 'Geiser, A.', 'Guglielmi, V.', 'Guthoff, M.', 'Hinzmann, A.', 'Jeppe, L.', 'Kaech, B.', 'Kasemann, M.', 'Kleinwort, C.', 'Kogler, R.', 'Komm, M.', 'Kruecker, D.', 'Lange, W.', 'Pernia, D. Leyva', 'Lipka, K.', 'Lohmann, W.', 'Lorkowski, F.', 'Mankel, R.', 'Melzer-Pellmann, I. -A.', 'Morentin, M. Mendizabal', 'Meyer, A. B.', 'Milella, G.', 'Figueroa, K. Moral', 'Mussgiller, A.', 'Nair, L. P.', 'Niedziela, J.', 'Nuernberg, A.', 'Otarid, Y.', 'Park, J.', 'Ranken, E.', 'Raspereza, A.', 'Rastorguev, D.', 'Ruebenach, J.', 'Rygaard, L.', 'Saggio, A.', 'Scham, M.', 'Schnake, S.', 'Schuetze, P.', 'Schwanenberger, C.', 'Selivanova, D.', 'Sharko, K.', 'Shchedrolosiev, M.', 'Stafford, D.', 'Vazzoler, F.', 'Barroso, A. Ventura', 'Walsh, R.', 'Wang, D.', 'Wang, Q.', 'Wen, Y.', 'Wichmann, K.', 'Wiens, L.', 'Wissing, C.', 'Yang, Y.', 'Santos, A. Zimermmane Castro', 'Albrecht, A.', 'Albrecht, S.', 'Antonello, M.', 'Bein, S.', 'Benato, L.', 'Bollweg, S.', 'Bonanomi, M.', 'Connor, P.', 'El Morabit, K.', 'Fischer, Y.', 'Garutti, E.', 'Grohsjean, A.', 'Haller, J.', 'Jabusch, H. R.', 'Kasieczka, G.', 'Keicher, P.', 'Klanner, R.', 'Korcari, W.', 'Kramer, T.', 'Kuo, C. C.', 'Kutzner, V.', 'Labe, F.', 'Lange, J.', 'Lobanov, A.', 'Matthies, C.', 'Moureaux, L.', 'Mrowietz, M.', 'Nigamova, A.', 'Nissan, Y.', 'Paasch, A.', 'Rodriguez, K. J. Pena', 'Quadfasel, T.', 'Raciti, B.', 'Rieger, M.', 'Savoiu, D.', 'Schindler, J.', 'Schleper, P.', 'Schroeder, M.', 'Schwandt, J.', 'Sommerhalder, M.', 'Stadie, H.', 'Steinbrueck, G.', 'Tews, A.', 'Wolf, M.', 'Brommer, S.', 'Burkart, M.', 'Butz, E.', 'Chwalek, T.', 'Dierlamm, A.', 'Droll, A.', 'Elicabuk, U.', 'Faltermann, N.', 'Giffels, M.', 'Gottmann, A.', 'Hartmann, F.', 'Hofsaess, R.', 'Horzela, M.', 'Husemann, U.', 'Kieseler, J.', 'Klute, M.', 'Koppenhoefer, R.', 'Lawhorn, J. M.', 'Link, M.', 'Lintuluoto, A.', 'Maier, B.', 'Maier, S.', 'Mitra, S.', 'Mormile, M.', 'Mueller, Th.', 'Neukum, M.', 'Oh, M.', 'Pfeffer, E.', 'Presilla, M.', 'Quast, G.', 'Rabbertz, K.', 'Regnery, B.', 'Shadskiy, N.', 'Shvetsov, I.', 'Simonis, H. J.', 'Sowa, L.', 'Stockmeier, L.', 'Tauqeer, K.', 'Toms, M.', 'Trevisani, N.', 'Von Cube, R. F.', 'Wassmer, M.', 'Wieland, S.', 'Wittig, F.', 'Wolf, R.', 'Zuo, X.', 'Anagnostou, G.', 'Daskalakis, G.', 'Kyriakis, A.', 'Papadopoulos, A.', 'Stakia, A.', 'Kontaxakis, P.', 'Melachroinos, G.', 'Painesis, Z.', 'Papavergou, I.', 'Paraskevas, I.', 'Saoulidou, N.', 'Theofilatos, K.', 'Tziaferi, E.', 'Vellidis, K.', 'Zisopoulos, I.', 'Bakas, G.', 'Chatzistavrou, T.', 'Karapostoli, G.', 'Kousouris, K.', 'Papakrivopoulos, I.', 'Siamarkou, E.', 'Tsipolitis, G.', 'Zacharopoulou, A.', 'Adamidis, K.', 'Bestintzanos, I.', 'Evangelou, I.', 'Foudas, C.', 'Kamtsikis, C.', 'Katsoulis, P.', 'Kokkas, P.', 'Kioseoglou, P. G. Kosmoglou', 'Manthos, N.', 'Papadopoulos, I.', 'Strologas, J.', 'Hajdu, C.', 'Horvath, D.', 'Marton, K.', 'Radl, A. J.', 'Sikler, F.', 'Veszpremi, V.', 'Csanad, M.', 'Farkas, K.', 'Feherkuti, A.', 'Gadallah, M. M. A.', 'Kadlecsik, A.', 'Major, P.', 'Pasztor, G.', 'Veres, G. I.', 'Ujvari, B.', 'Zilizi, G.', 'Bencze, G.', 'Czellar, S.', 'Molnar, J.', 'Szillasi, Z.', 'Nemes, F.', 'Novak, T.', 'Babbar, J.', 'Bansal, S.', 'Beri, S. B.', 'Bhatnagar, V.', 'Chaudhary, G.', 'Chauhan, S.', 'Dhingra, N.', 'Kaur, A.', 'Kaur, A.', 'Kaur, H.', 'Kaur, M.', 'Kumar, S.', 'Sandeep, K.', 'Sheokand, T.', 'Singh, J. B.', 'Singla, A.', 'Ahmed, A.', 'Bhardwaj, A.', 'Chhetri, A.', 'Choudhary, B. C.', 'Kumar, A.', 'Naimuddin, M.', 'Ranjan, K.', 'Saini, M. K.', 'Saumya, S.', 'Baradia, S.', 'Barman, S.', 'Bhattacharya, S.', 'Gupta, S. Das', 'Dutta, S.', 'Dutta, S.', 'Sarkar, S.', 'Ameen, M. M.', 'Behera, P. K.', 'Behera, S. C.', 'Chatterjee, S.', 'Dash, G.', 'Jana, P.', 'Kalbhor, P.', 'Kamble, S.', 'Komaragiri, J. R.', 'Kumar, D.', 'Pujahari, P. R.', 'Saha, N. R.', 'Sharma, A.', 'Sikdar, A. K.', 'Singh, R. K.', 'Verma, P.', 'Verma, S.', 'Vijay, A.', 'Dugad, S.', 'Mohanty, G. B.', 'Parida, B.', 'Shelake, M.', 'Suryadevara, P.', 'Bala, A.', 'Banerjee, S.', 'Chatterjee, R. M.', 'Guchait, M.', 'Jain, Sh.', 'Jaiswal, A.', 'Kumar, S.', 'Majumder, G.', 'Mazumdar, K.', 'Parolia, S.', 'Thachayath, A.', 'Bahinipati, S.', 'Kar, C.', 'Maity, D.', 'Mal, P.', 'Mishra, T.', 'Bindhu, V. K. Muraleedharan Nair', 'Naskar, K.', 'Nayak, A.', 'Nayak, S.', 'Pal, K.', 'Sadangi, P.', 'Swain, S. K.', 'Vats, D.', 'Acharya, S.', 'Alpana, A.', 'Dube, S.', 'Gomber, B.', 'Hazarika, P.', 'Kansal, B.', 'Laha, A.', 'Sahu, B.', 'Sharma, S.', 'Vaish, K. Y.', 'Bakhshiansohi, H.', 'Jafari, A.', 'Zeinali, M.', 'Bashiri, S.', 'Chenarani, S.', 'Etesami, S. M.', 'Hosseini, Y.', 'Khakzad, M.', 'Khazaie, E.', 'Najafabadi, M. Mohammadi', 'Tizchang, S.', 'Felcini, M.', 'Grunewald, M.', 'Abbrescia, M.', 'Colaleo, A.', 'Creanza, D.', ""D' Anzi, B."", 'De Filippis, N.', 'De Palma, M.', 'Elmetenawee, W.', 'Fiore, L.', 'Iaselli, G.', 'Longo, L.', 'Louka, M.', 'Maggi, G.', 'Maggi, M.', 'Margjeka, I.', 'Mastrapasqua, V.', 'My, S.', 'Nuzzo, S.', 'Pellecchia, A.', 'Pompili, A.', 'Pugliese, G.', 'Radogna, R.', 'Ramos, D.', 'Ranieri, A.', 'Silvestris, L.', 'Simone, F. M.', 'Sozbilir, U.', 'Stamerra, A.', 'Troiano, D.', 'Venditti, R.', 'Verwilligen, P.', 'Zaza, A.', 'Abbiendi, G.', 'Battilana, C.', 'Bonacorsi, D.', 'Capiluppi, P.', 'Castro, A.', 'Cavallo, F. R.', 'Cuffiani, M.', 'Dallavalle, G. M.', 'Diotalevi, T.', 'Fabbri, F.', 'Fanfani, A.', 'Fasanella, D.', 'Giacomelli, P.', 'Giommi, L.', 'Grandi, C.', 'Guiducci, L.', 'Lo Meo, S.', 'Lorusso, M.', 'Lunerti, L.', 'Marcellini, S.', 'Masetti, G.', 'Navarria, F. L.', 'Paggi, G.', 'Perrotta, A.', 'Primavera, F.', 'Rossi, A. M.', 'Tisbeni, S. Rossi', 'Rovelli, T.', 'Siroli, G. P.', 'Costa, S.', 'Di Mattia, A.', 'Lapertosa, A.', 'Potenza, R.', 'Tricomi, A.', 'Tuve, C.', 'Assiouras, P.', 'Barbagli, G.', 'Bardelli, G.', 'Camaiani, B.', 'Cassese, A.', 'Ceccarelli, R.', 'Ciulli, V.', 'Civinini, C.', ""D'Alessandro, R."", 'Focardi, E.', 'Kello, T.', 'Latino, G.', 'Lenzi, P.', 'Lizzo, M.', 'Meschini, M.', 'Paoletti, S.', 'Papanastassiou, A.', 'Sguazzoni, G.', 'Viliani, L.', 'Benussi, L.', 'Bianco, S.', 'Meola, S.', 'Piccolo, D.', 'Chatagnon, P.', 'Ferro, F.', 'Robutti, E.', 'Tosi, S.', 'Benaglia, A.', 'Brivio, F.', 'Cetorelli, F.', 'De Guio, F.', 'Dinardo, M. E.', 'Dini, P.', 'Gennai, S.', 'Gerosa, R.', 'Ghezzi, A.', 'Govoni, P.', 'Guzzi, L.', 'Lucchini, M. T.', 'Malberti, M.', 'Malvezzi, S.', 'Massironi, A.', 'Menasce, D.', 'Moroni, L.', 'Paganoni, M.', 'Palluotto, S.', 'Pedrini, D.', 'Perego, A.', 'Pinolini, B. S.', 'Pizzati, G.', 'Ragazzi, S.', 'de Fatis, T. Tabarelli', 'Buontempo, S.', 'Cagnotta, A.', 'Carnevali, F.', 'Cavallo, N.', 'Fabozzi, F.', 'Iorio, A. O. M.', 'Lista, L.', 'Paolucci, P.', 'Rossi, B.', 'Ardino, R.', 'Azzi, P.', 'Bacchetta, N.', 'Bisello, D.', 'Bortignon, P.', 'Bortolato, G.', 'Bragagnolo, A.', 'Bulla, A. C. M.', 'Carlin, R.', 'Checchia, P.', 'Dorigo, T.', 'Gasparini, F.', 'Gasparini, U.', 'Gulmini, M.', 'Lusiani, E.', 'Margoni, M.', 'Migliorini, M.', 'Pazzini, J.', 'Ronchese, P.', 'Rossin, R.', 'Simonetto, F.', 'Tosi, M.', 'Triossi, A.', 'Ventura, S.', 'Zanetti, M.', 'Zotto, P.', 'Zucchetta, A.', 'Zumerle, G.', 'Aime, C.', 'Braghieri, A.', 'Calzaferri, S.', 'Fiorina, D.', 'Montagna, P.', 'Re, V.', 'Riccardi, C.', 'Salvini, P.', 'Vai, I.', 'Vitulo, P.', 'Ajmal, S.', 'Ascioti, M. E.', 'Bilei, G. M.', 'Carrivale, C.', 'Ciangottini, D.', 'Fano, L.', 'Magherini, M.', 'Mariani, V.', 'Menichelli, M.', 'Moscatelli, F.', 'Rossi, A.', 'Santocchia, A.', 'Spiga, D.', 'Tedeschi, T.', 'Alexe, C. A.', 'Asenov, P.', 'Azzurri, P.', 'Bagliesi, G.', 'Bhattacharya, R.', 'Bianchini, L.', 'Boccali, T.', 'Bossini, E.', 'Bruschini, D.', 'Castaldi, R.', 'Ciocci, M. A.', 'Cipriani, M.', ""D'Amante, V."", ""Dell'Orso, R."", 'Donato, S.', 'Giassi, A.', 'Ligabue, F.', 'Marini, A. C.', 'Figueiredo, D. Matos', 'Messineo, A.', 'Musich, M.', 'Palla, F.', 'Rizzi, A.', 'Rolandi, G.', 'Chowdhury, S. Roy', 'Sarkar, T.', 'Scribano, A.', 'Spagnolo, P.', 'Tenchini, R.', 'Tonelli, G.', 'Turini, N.', 'Vaselli, F.', 'Venturi, A.', 'Verdini, P. G.', 'Barrera, C. Baldenegro', 'Barria, P.', 'Basile, C.', 'Campana, M.', 'Cavallari, F.', 'Mendez, L. Cunqueiro', 'Del Re, D.', 'Di Marco, E.', 'Diemoz, M.', 'Errico, F.', 'Longo, E.', 'Mijuskovic, J.', 'Organtini, G.', 'Pandolfi, F.', 'Paramatti, R.', 'Quaranta, C.', 'Rahatlou, S.', 'Rovelli, C.', 'Santanastasio, F.', 'Soffi, L.', 'Amapane, N.', 'Arcidiacono, R.', 'Argiro, S.', 'Arneodo, M.', 'Bartosik, N.', 'Bellan, R.', 'Bellora, A.', 'Biino, C.', 'Borca, C.', 'Cartiglia, N.', 'Costa, M.', 'Covarelli, R.', 'Demaria, N.', 'Finco, L.', 'Grippo, M.', 'Kiani, B.', 'Legger, F.', 'Luongo, F.', 'Mariotti, C.', 'Markovic, L.', 'Maselli, S.', 'Mecca, A.', 'Menzio, L.', 'Meridiani, P.', 'Migliore, E.', 'Monteno, M.', 'Mulargia, R.', 'Obertino, M. M.', 'Ortona, G.', 'Pacher, L.', 'Pastrone, N.', 'Pelliccioni, M.', 'Ruspa, M.', 'Siviero, F.', 'Sola, V.', 'Solano, A.', 'Staiano, A.', 'Tarricone, C.', 'Trocino, D.', 'Umoret, G.', 'White, R.', 'Babbar, J.', 'Belforte, S.', 'Candelise, V.', 'Casarsa, M.', 'Cossutti, F.', 'De Leo, K.', 'Della Ricca, G.', 'Dogra, S.', 'Hong, J.', 'Huh, C.', 'Kim, B.', 'Kim, J.', 'Lee, D.', 'Lee, H.', 'Lee, S. W.', 'Moon, C. S.', 'Oh, Y. D.', 'Ryu, M. S.', 'Sekmen, S.', 'Tae, B.', 'Yang, Y. C.', 'Kim, M. S.', 'Bak, G.', 'Gwak, P.', 'Kim, H.', 'Moon, D. H.', 'Asilar, E.', 'Choi, J.', 'Kim, D.', 'Kim, T. J.', 'Merlin, J. A.', 'Ryou, Y.', 'Choi, S.', 'Han, S.', 'Hong, B.', 'Lee, K.', 'Lee, K. S.', 'Lee, S.', 'Yoo, J.', 'Goh, J.', 'Yang, S.', 'Kim, H. S.', 'Kim, Y.', 'Lee, S.', 'Almond, J.', 'Bhyun, J. H.', 'Choi, J.', 'Choi, J.', 'Jun, W.', 'Kim, J.', 'Ko, S.', 'Kwon, H.', 'Lee, H.', 'Lee, J.', 'Lee, J.', 'Oh, B. H.', 'Oh, S. B.', 'Seo, H.', 'Yang, U. K.', 'Yoon, I.', 'Jang, W.', 'Kang, D. Y.', 'Kang, Y.', 'Kim, S.', 'Ko, B.', 'Lee, J. S. H.', 'Lee, Y.', 'Park, I. C.', 'Roh, Y.', 'Watson, I. J.', 'Ha, S.', 'Yoo, H. D.', 'Choi, M.', 'Kim, M. R.', 'Lee, H.', 'Lee, Y.', 'Yu, I.', 'Beyrouthy, T.', 'Gharbia, Y.', 'Dreimanis, K.', 'Gaile, A.', 'Diaz, C. Munoz', 'Osite, D.', 'Pikurs, G.', 'Potrebko, A.', 'Seidel, M.', 'Kontos, D. Sidiropoulos', 'Strautnieks, N. R.', 'Ambrozas, M.', 'Juodagalvis, A.', 'Rinkevicius, A.', 'Tamulaitis, G.', 'Yusuff, I.', 'Zolkapli, Z.', 'Benitez, J. F.', 'Castaneda Hernandez, A.', 'Encinas Acosta, H. A.', 'Gallegos Marinez, L. G.', 'Leon Coello, M.', 'Murillo Quijada, J. A.', 'Sehrawat, A.', 'Valencia Palomo, L.', 'Ayala, G.', 'Castilla-Valdez, H.', 'Crotte Ledesma, H.', 'De La Cruz-Burelo, E.', 'Heredia-De La Cruz, I.', 'Lopez-Fernandez, R.', 'Mejia Guisao, J.', 'Mondragon Herrera, C. A.', 'Sanchez Hernandez, A.', 'Oropeza Barrera, C.', 'Ramirez Guadarrama, D. L.', 'Ramirez Garcia, M.', 'Bautista, I.', 'Pedraza, I.', 'Salazar Ibarguen, H. A.', 'Uribe Estrada, C.', 'Bubanja, I.', 'Raicevic, N.', 'Butler, P. H.', 'Ahmad, A.', 'Asghar, M. I.', 'Awais, A.', 'Awan, M. I. M.', 'Hoorani, H. R.', 'Khan, W. A.', 'Avati, V.', 'Grzanka, L.', 'Malawski, M.', 'Bialkowska, H.', 'Bluj, M.', 'Gorski, M.', 'Kazana, M.', 'Szleper, M.', 'Zalewski, P.', 'Bunkowski, K.', 'Doroba, K.', 'Kalinowski, A.', 'Konecki, M.', 'Krolikowski, J.', 'Muhammad, A.', 'Pozniak, K.', 'Zabolotny, W.', 'Araujo, M.', 'Bastos, D.', 'Beiro Da Cruz E Silva, C.', 'Boletti, A.', 'Bozzo, M.', 'Camporesi, T.', 'Da Molin, G.', 'Faccioli, P.', 'Gallinaro, M.', 'Hollar, J.', 'Leonardo, N.', 'Marozzo, G. B.', 'Niknejad, T.', 'Petrilli, A.', 'Pisano, M.', 'Seixas, J.', 'Varela, J.', 'Wulff, J. W.', 'Adzic, P.', 'Milenovic, P.', 'Dordevic, M.', 'Milosevic, J.', 'Rekovic, V.', 'Alcaraz Maestre, J.', 'Bedoya, Cristina F.', 'Carretero, Oliver M.', 'Cepeda, M.', 'Cerrada, M.', 'Colino, N.', 'De La Cruz, B.', 'Delgado Peris, A.', 'Escalante Del Valle, A.', 'Fernandez Del Val, D.', 'Fernandez Ramos, J. P.', 'Flix, J.', 'Fouz, M. C.', 'Gonzalez Lopez, O.', 'Goy Lopez, S.', 'Hernandez, J. M.', 'Josa, M. I.', 'Martin Viscasillas, E.', 'Moran, D.', 'Morcillo Perez, C. M.', 'Navarro Tobar, A.', 'Perez Dengra, C.', 'Perez-Calero Yzquierdo, A.', 'Puerta Pelayo, J.', 'Redondo, I.', 'Sanchez Navas, S.', 'Sastre, J.', 'Vazquez Escobar, J.', 'de Troconiz, J. F.', 'Alvarez Gonzalez, B.', 'Cuevas, J.', 'Fernandez Menendez, J.', 'Folgueras, S.', 'Gonzalez Caballero, I.', 'Gonzalez Fernandez, J. R.', 'Leguina, P.', 'Palencia Cortezon, E.', 'Prado Pico, J.', 'Ramon Alvarez, C.', 'Rodriguez Bouza, V.', 'Soto Rodriguez, A.', 'Trapote, A.', 'Vico Villalba, C.', 'Vischia, P.', 'Bhowmik, S.', 'Blanco Fernandez, S.', 'Brochero Cifuentes, J. A.', 'Cabrillo, I. J.', 'Calderon, A.', 'Duarte Campderros, J.', 'Fernandez, M.', 'Gomez, G.', 'Lasaosa Garcia, C.', 'Lopez Ruiz, R.', 'Martinez Rivero, C.', 'Martinez Ruiz del Arbol, P.', 'Matorras, F.', 'Matorras Cuevas, P.', 'Navarrete Ramos, E.', 'Piedra Gomez, J.', 'Scodellaro, L.', 'Vila, I.', 'Vizan Garcia, J. M.', 'Kailasapathy, B.', 'Wickramarathna, D. D. C.', 'Dharmaratna, W. G. D.', 'Liyanage, K.', 'Perera, N.', 'Abbaneo, D.', 'Amendola, C.', 'Auffray, E.', 'Auzinger, G.', 'Baechler, J.', 'Barney, D.', 'Martinez, A. Bermudez', 'Bianco, M.', 'Bin Anuar, A. A.', 'Bocci, A.', 'Borgonovi, L.', 'Botta, C.', 'Brondolin, E.', 'Caillol, C.', 'Cerminara, G.', 'Chernyavskaya, N.', ""d'Enterria, D."", 'Dabrowski, A.', 'David, A.', 'De Roeck, A.', 'Defranchis, M. M.', 'Deile, M.', 'Dobson, M.', 'Franzoni, G.', 'Funk, W.', 'Giani, S.', 'Gigi, D.', 'Gill, K.', 'Glege, F.', 'Hegeman, J.', 'Heikkila, J. K.', 'Huber, B.', 'Innocente, V.', 'James, T.', 'Janot, P.', 'Kaluzinska, O.', 'Karacheban, O.', 'Laurila, S.', 'Lecoq, P.', 'Leutgeb, E.', 'Lourenco, C.', 'Malgeri, L.', 'Mannelli, M.', 'Matthewman, M.', 'Mehta, A.', 'Meijers, F.', 'Mersi, S.', 'Meschi, E.', 'Milosevic, V.', 'Monti, F.', 'Moortgat, F.', 'Mulders, M.', 'Neutelings, I.', 'Orfanelli, S.', 'Pantaleo, F.', 'Petrucciani, G.', 'Pfeiffer, A.', 'Pierini, M.', 'Qu, H.', 'Rabady, D.', 'Lopes, B. Ribeiro', 'Rovere, M.', 'Sakulin, H.', 'Cruz, S. Sanchez', 'Scarfi, S.', 'Schwick, C.', 'Selvaggi, M.', 'Sharma, A.', 'Shchelina, K.', 'Silva, P.', 'Sphicas, P.', 'Leiton, A. G. Stahl', 'Steen, A.', 'Summers, S.', 'Treille, D.', 'Tropea, P.', 'Walter, D.', 'Wanczyk, J.', 'Wang, J.', 'Wozniak, K. A.', 'Wuchterl, S.', 'Zehetner, P.', 'Zejdl, P.', 'Zeuner, W. D.', 'Bevilacqua, T.', 'Caminada, L.', 'Ebrahimi, A.', 'Erdmann, W.', 'Horisberger, R.', 'Ingram, Q.', 'Kaestli, H. C.', 'Kotlinski, D.', 'Lange, C.', 'Missiroli, M.', 'Noehte, L.', 'Rohe, T.', 'Aarrestad, T. K.', 'Androsov, K.', 'Backhaus, M.', 'Bonomelli, G.', 'Calandri, A.', 'Cazzaniga, C.', 'Datta, K.', ""D'archiac, P. De Bryas Dexmiers"", 'De Cosa, A.', 'Dissertori, G.', 'Dittmar, M.', 'Donega, M.', 'Eble, F.', 'Galli, M.', 'Gedia, K.', 'Glessgen, F.', 'Grab, C.', 'Harringer, N.', 'Harte, T. G.', 'Hits, D.', 'Lustermann, W.', 'Lyon, A. -M.', 'Manzoni, R. A.', 'Marchegiani, M.', 'Marchese, L.', 'Perez, C. Martin', 'Mascellani, A.', 'Nessi-Tedaldi, F.', 'Pauss, F.', 'Perovic, V.', 'Pigazzini, S.', 'Reissel, C.', 'Ristic, B.', 'Riti, F.', 'Seidita, R.', 'Steggemann, J.', 'Tarabini, A.', 'Valsecchi, D.', 'Wallny, R.', 'Amsler, C.', 'Bartschi, P.', 'Canelli, M. F.', 'Cormier, K.', 'Huwiler, M.', 'Jin, W.', 'Jofrehei, A.', 'Kilminster, B.', 'Leontsinis, S.', 'Liechti, S. P.', 'Macchiolo, A.', 'Meiring, P.', 'Meng, F.', 'Molinatti, U.', 'Motta, J.', 'Reimers, A.', 'Robmann, P.', 'Senger, M.', 'Shokr, E.', 'Stager, F.', 'Tramontano, R.', 'Adloff, C.', 'Bhowmik, D.', 'Kuo, C. M.', 'Lin, W.', 'Rout, P. K.', 'Tiwari, P. C.', 'Yu, S. S.', 'Ceard, L.', 'Chen, K. F.', 'Chen, P. S.', 'Chen, Z. G.', 'De Iorio, A.', 'Hou, W. -S.', 'Hsu, T. H.', 'Kao, Y. W.', 'Karmakar, S.', 'Kole, G.', 'Li, Y. Y.', 'Lu, R. -S.', 'Paganis, E.', 'Su, X. F.', 'Thomas-Wilsker, J.', 'Tsai, L. S.', 'Tsionou, D.', 'Wu, H. Y.', 'Yazgan, E.', 'Asawatangtrakuldee, C.', 'Srimanobhas, N.', 'Wachirapusitanand, V.', 'Agyel, D.', 'Boran, F.', 'Dolek, F.', 'Dumanoglu, I.', 'Eskut, E.', 'Guler, Y.', 'Guler, E. Gurpinar', 'Isik, C.', 'Kara, O.', 'Topaksu, A. Kayis', 'Kiminsu, U.', 'Onengut, G.', 'Ozdemir, K.', 'Polatoz, A.', 'Tali, B.', 'Tok, U. G.', 'Turkcapar, S.', 'Uslan, E.', 'Zorbakir, I. S.', 'Sokmen, G.', 'Yalvac, M.', 'Akgun, B.', 'Atakisi, I. O.', 'Gulmez, E.', 'Kaya, M.', 'Kaya, O.', 'Tekten, S.', 'Cakir, A.', 'Cankocak, K.', 'Dincer, G. G.', 'Komurcu, Y.', 'Sen, S.', 'Aydilek, O.', 'Hacisahinoglu, B.', 'Hos, I.', 'Kaynak, B.', 'Ozkorucuklu, S.', 'Potok, O.', 'Sert, H.', 'Simsek, C.', 'Zorbilmez, C.', 'Cerci, S.', 'Isildak, B.', 'Cerci, D. Sunar', 'Yetkin, T.', 'Boyaryntsev, A.', 'Grynyov, B.', 'Levchuk, L.', 'Anthony, D.', 'Brooke, J. J.', 'Bundock, A.', 'Bury, F.', 'Clement, E.', 'Cussans, D.', 'Flacher, H.', 'Glowacki, M.', 'Goldstein, J.', 'Heath, H. F.', 'Holmberg, M. -L.', 'Kreczko, L.', 'Paramesvaran, S.', 'Robertshaw, L.', 'El Nasr-Storey, S. Seif', 'Smith, V. J.', 'Stylianou, N.', 'Pass, K. Walkingshaw', 'Ball, A. H.', 'Bell, K. W.', 'Belyaev, A.', 'Brew, C.', 'Brown, R. M.', 'Cockerill, D. J. A.', 'Cooke, C.', 'Elliot, A.', 'Ellis, K. V.', 'Harder, K.', 'Harper, S.', 'Linacre, J.', 'Manolopoulos, K.', 'Newbold, D. M.', 'Olaiya, E.', 'Petyt, D.', 'Reis, T.', 'Sahasransu, A. R.', 'Salvi, G.', 'Schuh, T.', 'Shepherd-Themistocleous, C. H.', 'Tomalin, I. R.', 'Whalen, K. C.', 'Williams, T.', 'Andreou, I.', 'Bainbridge, R.', 'Bloch, P.', 'Brown, C. E.', 'Buchmuller, O.', 'Cacchio, V.', 'Montoya, C. A. Carrillo', 'Chahal, G. S.', 'Colling, D.', 'Dancu, J. S.', 'Das, I.', 'Dauncey, P.', 'Davies, G.', 'Davies, J.', 'Della Negra, M.', 'Fayer, S.', 'Fedi, G.', 'Hall, G.', 'Hassanshahi, M. H.', 'Howard, A.', 'Iles, G.', 'Knight, C. R.', 'Langford, J.', 'Holgado, J. Leon', 'Lyons, L.', 'Magnan, A. -M.', 'Mallios, S.', 'Mieskolainen, M.', 'Nash, J.', 'Pesaresi, M.', 'Pradeep, P. B.', 'Radburn-Smith, B. C.', 'Richards, A.', 'Rose, A.', 'Savva, K.', 'Seez, C.', 'Shukla, R.', 'Tapper, A.', 'Uchida, K.', 'Uttley, G. P.', 'Vage, L. H.', 'Virdee, T.', 'Vojinovic, M.', 'Wardle, N.', 'Winterbottom, D.', 'Coldham, K.', 'Cole, J. E.', 'Khan, A.', 'Kyberd, P.', 'Reid, I. D.', 'Abdullin, S.', 'Brinkerhoff, A.', 'Collins, E.', 'Darwish, M. R.', 'Dittmann, J.', 'Hatakeyama, K.', 'Hiltbrand, J.', 'McMaster, B.', 'Samudio, J.', 'Sawant, S.', 'Sutantawibul, C.', 'Wilson, J.', 'Bartek, R.', 'Dominguez, A.', 'Escamilla, C. Huerta', 'Simsek, A. E.', 'Uniyal, R.', 'Hernandez, A. M. Vargas', 'Bam, B.', 'Perraguin, A. Buchot', 'Chudasama, R.', 'Cooper, S. I.', 'Crovella, C.', 'Gleyzer, S. V.', 'Pearson, E.', 'Perez, C. U.', 'Rumerio, P.', 'Usai, E.', 'Yi, R.', 'Akpinar, A.', 'Cosby, C.', 'De Castro, G.', 'Demiragli, Z.', 'Erice, C.', 'Fangmeier, C.', 'Madrazo, C. Fernandez', 'Fontanesi, E.', 'Gastler, D.', 'Golf, F.', 'Jeon, S.', ""O'Cain, J."", 'Reed, I.', 'Rohlf, J.', 'Salyer, K.', 'Sperka, D.', 'Spitzbart, D.', 'Suarez, I.', 'Tsatsos, A.', 'Zecchinelli, A. G.', 'Benelli, G.', 'Cutts, D.', 'Gouskos, L.', 'Hadley, M.', 'Heintz, U.', 'Hogan, J. M.', 'Kwon, T.', 'Landsberg, G.', 'Lau, K. T.', 'Li, D.', 'Luo, J.', 'Mondal, S.', 'Pervan, N.', 'Russell, T.', 'Sagir, S.', 'Shen, X.', 'Simpson, F.', 'Stamenkovic, M.', 'Venkatasubramanian, N.', 'Yan, X.', 'Abbott, S.', 'Brainerd, C.', 'Breedon, R.', 'Cai, H.', 'Sanchez, M. Calderon De La Barca', 'Chertok, M.', 'Citron, M.', 'Conway, J.', 'Cox, P. T.', 'Erbacher, R.', 'Jensen, F.', 'Kukral, O.', 'Mocellin, G.', 'Mulhearn, M.', 'Ostrom, S.', 'Wei, W.', 'Yoo, S.', 'Zhang, F.', 'Bachtis, M.', 'Cousins, R.', 'Datta, A.', 'Avila, G. Flores', 'Hauser, J.', 'Ignatenko, M.', 'Iqbal, M. A.', 'Lam, T.', 'Manca, E.', 'Del Prado, A. Nunez', 'Saltzberg, D.', 'Valuev, V.', 'Clare, R.', 'Gary, J. W.', 'Gordon, M.', 'Hanson, G.', 'Si, W.', 'Aportela, A.', 'Arora, A.', 'Branson, J. G.', 'Cittolin, S.', 'Cooperstein, S.', 'Diaz, D.', 'Duarte, J.', 'Giannini, L.', 'Gu, Y.', 'Guiang, J.', 'Kansal, R.', 'Krutelyov, V.', 'Lee, R.', 'Letts, J.', 'Masciovecchio, M.', 'Mokhtar, F.', 'Mukherjee, S.', 'Pieri, M.', 'Quinnan, M.', 'Narayanan, B. V. Sathia', 'Sharma, V.', 'Tadel, M.', 'Vourliotis, E.', 'Wurthwein, F.', 'Xiang, Y.', 'Yagil, A.', 'Barzdukas, A.', 'Brennan, L.', 'Campagnari, C.', 'Downham, K.', 'Grieco, C.', 'Incandela, J.', 'Kim, J.', 'Li, A. J.', 'Masterson, P.', 'Mei, H.', 'Richman, J.', 'Santpur, S. N.', 'Sarica, U.', 'Schmitz, R.', 'Setti, F.', 'Sheplock, J.', 'Stuart, D.', 'Vami, T. A.', 'Wang, S.', 'Zhang, D.', 'Bhattacharya, S.', 'Bornheim, A.', 'Cerri, O.', 'Latorre, A.', 'Mao, J.', 'Newman, H. B.', 'Gutierrez, G. Reales', 'Spiropulu, M.', 'Vlimant, J. R.', 'Wang, C.', 'Xie, S.', 'Zhu, R. Y.', 'Alison, J.', 'An, S.', 'Bryant, P.', 'Cremonesi, M.', 'Dutta, V.', 'Ferguson, T.', 'Espinosa, T. A. Gomez', 'Harilal, A.', 'Tharayil, A. Kallil', 'Liu, C.', 'Mudholkar, T.', 'Murthy, S.', 'Palit, P.', 'Park, K.', 'Paulini, M.', 'Roberts, A.', 'Sanchez, A.', 'Terrill, W.', 'Cumalat, J. P.', 'Ford, W. T.', 'Hart, A.', 'Hassani, A.', 'Karathanasis, G.', 'Manganelli, N.', 'Pearkes, J.', 'Savard, C.', 'Schonbeck, N.', 'Stenson, K.', 'Ulmer, K. A.', 'Wagner, S. R.', 'Zipper, N.', 'Zuolo, D.', 'Alexander, J.', 'Bright-Thonney, S.', 'Chen, X.', 'Cranshaw, D. J.', 'Fan, J.', 'Fan, X.', 'Hogan, S.', 'Kotamnives, P.', 'Monroy, J.', 'Oshiro, M.', 'Patterson, J. R.', 'Reid, M.', 'Ryd, A.', 'Thom, J.', 'Wittich, P.', 'Zou, R.', 'Albrow, M.', 'Alyari, M.', 'Amram, O.', 'Apollinari, G.', 'Apresyan, A.', 'Bauerdick, L. A. T.', 'Berry, D.', 'Berryhill, J.', 'Bhat, P. C.', 'Burkett, K.', 'Butler, J. N.', 'Canepa, A.', 'Cerati, G. B.', 'Cheung, H. W. K.', 'Chlebana, F.', 'Cummings, G.', 'Dickinson, J.', 'Dutta, I.', 'Elvira, V. D.', 'Feng, Y.', 'Freeman, J.', 'Gandrakota, A.', 'Gecse, Z.', 'Gray, L.', 'Green, D.', 'Grummer, A.', 'Grunendahl, S.', 'Guerrero, D.', 'Gutsche, O.', 'Harris, R. M.', 'Heller, R.', 'Herwig, T. C.', 'Hirschauer, J.', 'Jayatilaka, B.', 'Jindariani, S.', 'Johnson, M.', 'Joshi, U.', 'Klijnsma, T.', 'Klima, B.', 'Kwok, K. H. M.', 'Lammel, S.', 'Lincoln, D.', 'Lipton, R.', 'Liu, T.', 'Madrid, C.', 'Maeshima, K.', 'Mantilla, C.', 'Mason, D.', 'McBride, P.', 'Merkel, P.', 'Mrenna, S.', 'Nahn, S.', 'Ngadiuba, J.', 'Noonan, D.', 'Norberg, S.', 'Papadimitriou, V.', 'Pastika, N.', 'Pedro, K.', 'Pena, C.', 'Ravera, F.', 'Hall, A. Reinsvold', 'Ristori, L.', 'Safdari, M.', 'Sexton-Kennedy, E.', 'Smith, N.', 'Soha, A.', 'Spiegel, L.', 'Stoynev, S.', 'Strait, J.', 'Taylor, L.', 'Tkaczyk, S.', 'Tran, N. V.', 'Uplegger, L.', 'Vaandering, E. W.', 'Zoi, I.', 'Aruta, C.', 'Avery, P.', 'Bourilkov, D.', 'Chang, P.', 'Cherepanov, V.', 'Field, R. D.', 'Koenig, E.', 'Kolosova, M.', 'Konigsberg, J.', 'Korytov, A.', 'Matchev, K.', 'Menendez, N.', 'Mitselmakher, G.', 'Mohrman, K.', 'Madhu, A. Muthirakalayil', 'Rawal, N.', 'Rosenzweig, S.', 'Takahashi, Y.', 'Wang, J.', 'Adams, T.', 'Al Kadhim, A.', 'Askew, A.', 'Bower, S.', 'Hagopian, V.', 'Hashmi, R.', 'Kim, R. S.', 'Kim, S.', 'Kolberg, T.', 'Martinez, G.', 'Prosper, H.', 'Prova, P. R.', 'Wulansatiti, M.', 'Yohay, R.', 'Zhang, J.', 'Alsufyani, B.', 'Baarmand, M. M.', 'Butalla, S.', 'Das, S.', 'Elkafrawy, T.', 'Hohlmann, M.', 'Yanes, E.', 'Adams, M. R.', 'Baty, A.', 'Bennett, C.', 'Cavanaugh, R.', 'Franco, R. Escobar', 'Evdokimov, O.', 'Gerber, C. E.', 'Hawksworth, M.', 'Hingrajiya, A.', 'Hofman, D. J.', 'Lee, J. H.', 'Lemos, D. S.', 'Merrit, A. H.', 'Mills, C.', 'Nanda, S.', 'Oh, G.', 'Ozek, B.', 'Pilipovic, D.', 'Pradhan, R.', 'Prifti, E.', 'Roy, T.', 'Rudrabhatla, S.', 'Tonjes, M. B.', 'Varelas, N.', 'Wadud, M. A.', 'Ye, Z.', 'Yoo, J.', 'Alhusseini, M.', 'Blend, D.', 'Dilsiz, K.', 'Emediato, L.', 'Karaman, G.', 'Koseyan, O. K.', 'Merlo, J. -P.', 'Mestvirishvili, A.', 'Neogi, O.', 'Ogul, H.', 'Onel, Y.', 'Penzo, A.', 'Snyder, C.', 'Tiras, E.', 'Blumenfeld, B.', 'Corcodilos, L.', 'Davis, J.', 'Gritsan, A. V.', 'Kang, L.', 'Kyriacou, S.', 'Maksimovic, P.', 'Roguljic, M.', 'Roskes, J.', 'Sekhar, S.', 'Swartz, M.', 'Abreu, A.', 'Alcerro, L. F. Alcerro', 'Anguiano, J.', 'Escatel, S. Arteaga', 'Baringer, P.', 'Bean, A.', 'Flowers, Z.', 'Grove, D.', 'King, J.', 'Krintiras, G.', 'Lazarovits, M.', 'Le Mahieu, C.', 'Marquez, J.', 'Murray, M.', 'Nickel, M.', 'Pitt, M.', 'Popescu, S.', 'Rogan, C.', 'Royon, C.', 'Salvatico, R.', 'Sanders, S.', 'Smith, C.', 'Wilson, G.', 'Allmond, B.', 'Gurunadha, R. Gujju', 'Ivanov, A.', 'Kaadze, K.', 'Maravin, Y.', 'Natoli, J.', 'Roy, D.', 'Sorrentino, G.', 'Baden, A.', 'Belloni, A.', 'Bistany-Riebman, J.', 'Chen, Y. M.', 'Eno, S. C.', 'Hadley, N. J.', 'Jabeen, S.', 'Kellogg, R. G.', 'Koeth, T.', 'Kronheim, B.', 'Lai, Y.', 'Lascio, S.', 'Mignerey, A. C.', 'Nabili, S.', 'Palmer, C.', 'Papageorgakis, C.', 'Paranjpe, M. M.', 'Popova, E.', 'Shevelev, A.', 'Wang, L.', 'Bendavid, J.', 'Cali, I. A.', 'Chou, P. C.', ""D'Alfonso, M."", 'Eysermans, J.', 'Freer, C.', 'Gomez-Ceballos, G.', 'Goncharov, M.', 'Grosso, G.', 'Harris, P.', 'Hoang, D.', 'Kovalskyi, D.', 'Krupa, J.', 'Lavezzo, L.', 'Lee, Y. -J.', 'Long, K.', 'Mcginn, C.', 'Novak, A.', 'Paus, C.', 'Roland, C.', 'Roland, G.', 'Rothman, S.', 'Stephans, G. S. F.', 'Wang, Z.', 'Wyslouch, B.', 'Yang, T. J.', 'Crossman, B.', 'Joshi, B. M.', 'Kapsiak, C.', 'Krohn, M.', 'Mahon, D.', 'Mans, J.', 'Marzocchi, B.', 'Revering, M.', 'Rusack, R.', 'Saradhy, R.', 'Strobbe, N.', 'Bloom, K.', 'Claes, D. R.', 'Haza, G.', 'Hossain, J.', 'Joo, C.', 'Kravchenko, I.', 'Siado, J. E.', 'Tabb, W.', 'Vagnerini, A.', 'Wightman, A.', 'Yan, F.', 'Yu, D.', 'Bandyopadhyay, H.', 'Hay, L.', 'Hsia, H. W.', 'Iashvili, I.', 'Kalogeropoulos, A.', 'Kharchilava, A.', 'Morris, M.', 'Nguyen, D.', 'Pekkanen, J.', 'Rappoccio, S.', 'Sfar, H. Rejeb', 'Williams, A.', 'Young, P.', 'Alverson, G.', 'Barberis, E.', 'Bonilla, J.', 'Dervan, J.', 'Haddad, Y.', 'Han, Y.', 'Krishna, A.', 'Li, J.', 'Lu, M.', 'Madigan, G.', 'Mccarthy, R.', 'Morse, D. M.', 'Nguyen, V.', 'Orimoto, T.', 'Parker, A.', 'Skinnari, L.', 'Wood, D.', 'Bueghly, J.', 'Dittmer, S.', 'Hahn, K. A.', 'Liu, Y.', 'Miao, Y.', 'Monk, D. G.', 'Schmitt, M. H.', 'Taliercio, A.', 'Velasco, M.', 'Agarwal, G.', 'Band, R.', 'Bucci, R.', 'Castells, S.', 'Das, A.', 'Goldouzian, R.', 'Hildreth, M.', 'Ho, K. W.', 'Anampa, K. Hurtado', 'Ivanov, T.', 'Jessop, C.', 'Lannon, K.', 'Lawrence, J.', 'Loukas, N.', 'Lutton, L.', 'Mariano, J.', 'Marinelli, N.', 'Mcalister, I.', 'McCauley, T.', 'Mcgrady, C.', 'Moore, C.', 'Musienko, Y.', 'Nelson, H.', 'Osherson, M.', 'Piccinelli, A.', 'Ruchti, R.', 'Townsend, A.', 'Wan, Y.', 'Wayne, M.', 'Yockey, H.', 'Zarucki, M.', 'Zygala, L.', 'Basnet, A.', 'Bylsma, B.', 'Carrigan, M.', 'Durkin, L. S.', 'Hill, C.', 'Joyce, M.', 'Ornelas, M. Nunez', 'Wei, K.', 'Winer, B. L.', 'Yates, B. R.', 'Bouchamaoui, H.', 'Das, P.', 'Dezoort, G.', 'Elmer, P.', 'Frankenthal, A.', 'Greenberg, B.', 'Haubrich, N.', 'Kennedy, K.', 'Kopp, G.', 'Kwan, S.', 'Lange, D.', 'Loeliger, A.', 'Marlow, D.', 'Ojalvo, I.', 'Olsen, J.', 'Stickland, D.', 'Tully, C.', 'Malik, S.', 'Bakshi, A. S.', 'Chandra, S.', 'Chawla, R.', 'Gu, A.', 'Gutay, L.', 'Jones, M.', 'Jung, A. W.', 'Koshy, A. M.', 'Liu, M.', 'Negro, G.', 'Neumeister, N.', 'Paspalaki, G.', 'Piperov, S.', 'Scheurer, V.', 'Schulte, J. F.', 'Stojanovic, M.', 'Thieman, J.', 'Virdi, A. K.', 'Wang, F.', 'Wildridge, A.', 'Xie, W.', 'Yao, Y.', 'Dolen, J.', 'Parashar, N.', 'Pathak, A.', 'Acosta, D.', 'Carnahan, T.', 'Ecklund, K. M.', 'Manteca, P. J. Fernandez', 'Freed, S.', 'Gardner, P.', 'Geurts, F. J. M.', 'Krommydas, I.', 'Li, W.', 'Lin, J.', 'Colin, O. Miguel', 'Padley, B. P.', 'Redjimi, R.', 'Rotter, J.', 'Yigitbasi, E.', 'Zhang, Y.', 'Bodek, A.', 'de Barbaro, P.', 'Demina, R.', 'Dulemba, J. L.', 'Garcia-Bellido, A.', 'Hindrichs, O.', 'Khukhunaishvili, A.', 'Parmar, N.', 'Parygin, P.', 'Taus, R.', 'Chiarito, B.', 'Chou, J. P.', 'Clark, S. V.', 'Gadkari, D.', 'Gershtein, Y.', 'Halkiadakis, E.', 'Heindl, M.', 'Houghton, C.', 'Jaroslawski, D.', 'Konstantinou, S.', 'Laflotte, I.', 'Lath, A.', 'Montalvo, R.', 'Nash, K.', 'Reichert, J.', 'Routray, H.', 'Saha, P.', 'Salur, S.', 'Schnetzer, S.', 'Somalwar, S.', 'Stone, R.', 'Thayil, S. A.', 'Thomas, S.', 'Vora, J.', 'Wang, H.', 'Ally, D.', 'Delannoy, A. G.', 'Fiorendi, S.', 'Higginbotham, S.', 'Holmes, T.', 'Kanuganti, A. R.', 'Karunarathna, N.', 'Lee, L.', 'Nibigira, E.', 'Spanier, S.', 'Aebi, D.', 'Ahmad, M.', 'Akhter, T.', 'Bouhali, O.', 'Eusebi, R.', 'Gilmore, J.', 'Huang, T.', 'Kamon, T.', 'Kim, H.', 'Luo, S.', 'Mueller, R.', 'Overton, D.', 'Rathjens, D.', 'Safonov, A.', 'Akchurin, N.', 'Damgov, J.', 'Gogate, N.', 'Hegde, V.', 'Hussain, A.', 'Kazhykarim, Y.', 'Lamichhane, K.', 'Lee, S. W.', 'Mankel, A.', 'Peltola, T.', 'Volobouev, I.', 'Appelt, E.', 'Chen, Y.', 'Greene, S.', 'Gurrola, A.', 'Johns, W.', 'Elayavalli, R. Kunnawalkam', 'Melo, A.', 'Romeo, F.', 'Sheldon, P.', 'Tuo, S.', 'Velkovska, J.', 'Viinikainen, J.', 'Cardwell, B.', 'Chung, H.', 'Cox, B.', 'Hakala, J.', 'Hirosky, R.', 'Ledovskoy, A.', 'Neu, C.', 'Bhattacharya, S.', 'Karchin, P. E.', 'Aravind, A.', 'Banerjee, S.', 'Black, K.', 'Bose, T.', 'Dasu, S.', 'De Bruyn, I.', 'Everaerts, P.', 'Galloni, C.', 'He, H.', 'Herndon, M.', 'Herve, A.', 'Koraka, C. K.', 'Lanaro, A.', 'Loveless, R.', 'Sreekala, J. Madhusudanan', 'Mallampalli, A.', 'Mohammadi, A.', 'Mondal, S.', 'Parida, G.', 'Petre, L.', 'Pinna, D.', 'Savin, A.', 'Shang, V.', 'Sharma, V.', 'Smith, W. H.', 'Teague, D.', 'Tsoi, H. F.', 'Vetens, W.', 'Warden, A.', 'Afanasiev, S.', 'Alexakhin, V.', 'Andreev, V.', 'Andreev, Yu.', 'Aushev, T.', 'Azarkin, M.', 'Babaev, A.', 'Blinov, V.', 'Boos, E.', 'Borshch, V.', 'Budkouski, D.', 'Bunichev, V.', 'Chekhovsky, V.', 'Chistov, R.', 'Danilov, M.', 'Dermenev, A.', 'Dimova, T.', 'Druzhkin, D.', 'Dubinin, M.', 'Dudko, L.', 'Gavrilov, G.', 'Gavrilov, V.', 'Gninenko, S.', 'Golovtcov, V.', 'Golubev, N.', 'Golutvin, I.', 'Gorbunov, I.', 'Gribushin, A.', 'Ivanov, Y.', 'Kachanov, V.', 'Karjavine, V.', 'Karneyeu, A.', 'Kim, V.', 'Kirakosyan, M.', 'Kirpichnikov, D.', 'Kirsanov, M.', 'Klyukhin, V.', 'Kodolova, O.', 'Konstantinov, D.', 'Korenkov, V.', 'Kozyrev, A.', 'Krasnikov, N.', 'Lanev, A.', 'Levchenko, P.', 'Lychkovskaya, N.', 'Makarenko, V.', 'Malakhov, A.', 'Matveev, V.', 'Murzin, V.', 'Nikitenko, A.', 'Obraztsov, S.', 'Oreshkin, V.', 'Palichik, V.', 'Perelygin, V.', 'Perfilov, M.', 'Petrushanko, S.', 'Polikarpov, S.', 'Popov, V.', 'Radchenko, O.', 'Savina, M.', 'Savrin, V.', 'Shalaev, V.', 'Shmatov, S.', 'Shulha, S.', 'Skovpen, Y.', 'Slabospitskii, S.', 'Smirnov, V.', 'Sosnov, D.', 'Sulimov, V.', 'Terkulov, A.', 'Teryaev, O.', 'Tlisova, I.', 'Toropin, A.', 'Uvarov, L.', 'Uzunian, A.', 'Vorobyev, A.', 'Vorotnikov, G.', 'Voytishin, N.', 'Yuldashev, B. S.', 'Zarubin, A.', 'Zhizhin, I.', 'Zhokin, A.', 'Varghese, S.']","['Beyond Standard Model', 'Hadron-Hadron Scattering', 'Jets', 'Vector Boson Production']"
WOS:001163609500001,The everyday speech environments of preschoolers with and without cochlear implants,2025,"['Cychosz, Margaret', 'Edwards, Jan R.', 'Munson, Benjamin', 'Romeo, Rachel', 'Kosie, Jessica', 'Newman, Rochelle S.']","['cochlear implant', 'deafness', 'language input', 'spoken language', 'language interaction']"
WOS:001162472600001,Investigating the Remembered Success Effect With Elementary and Middle School Students,2025,"['Finn, Bridgid', 'Miele, David B.', 'Wigfield, Allan']","['remembered success', 'expectancy-value theory', 'mathematics', 'motivation', 'cognition']"
WOS:001163025300001,Sensing walkability? Opportunities and limitations of electrodermal activity as an indicator of walkable urban environments,2025,"['Harvey, Chester']","['Walkability', 'environmental design', 'biosensing', 'electrodermal activity (EDA)']"
WOS:001176745400001,Group member attachment style interacts with actor and partner helping alliance to predict decreasing binge eating episodes,2025,"['Lo Coco, Gianluca', 'Brugnera, Agostino', 'Salerno, Laura', 'Compare, Angelo', 'Tasca, Giorgio A.', 'Kivlighan Jr, Dennis M.']","['group therapy', 'therapeutic alliance', 'attachment style', 'binge eating disorder', 'dynamic structural equation modeling']"
WOS:001183692300001,Technical Note-On the Convergence Rate of Stochastic Approximation for Gradient-Based Stochastic Optimization,2025,"['Hu, Jiaqiao', 'Fu, Michael C.']","['stochastic approximation', 'convergence rate', 'finite-time analysis', 'finite differences', 'random directions', 'simultaneous perturbation']"
WOS:001176069300001,Hierarchical Interpolative Factorization for Self Green's Function in 3D Modified Poisson-Boltzmann Equations,2025,"['Tu, Yihui', 'Xu, Zhenli', 'Yang, Haizhao']","['Selected inversion', 'Hierarchical interpolative factorization', 'Linear scaling', ""Self Green's function"", 'Modified Poisson-Boltzmann (MPB) equations']"
WOS:001176794400001,What Adolescents Do or Say to Actively Influence Peers: Compliance-Gaining Tactics and Adolescent Deviance,2025,"['Hoeben, Evelien M.', 'Ten Cate, Maartje A.', 'Weerman, Frank M.', 'Mcgloin, Jean Marie']","['peer influence', 'group processes', 'delinquency', 'substance use', 'adolescence']"
WOS:001171173500001,How (if at All) do Perceptions of Supervisor's Listening Differ from General Relationship Quality?: Psychometric Analysis,2025,"['Borut, Limor', 'Kluger, Avraham N.', 'Reis, Harry T.', 'Shapiro, Debra L.']","['Supervisor-subordinate relationship', 'Listening', 'Exploratory graph analysis', 'Divergent validity', 'Sibling constructs']"
WOS:001183892800001,The patent gold rush? An empirical study of patent bubbles in Chinese universities (1990-2019),2025,"['Lin, Fen', 'Ding, Waverl W.', 'Chen, Shi']","['Patent bubble', 'Patent inflation', 'University patents', 'Patent quality', 'Forward citations', 'Commercialization', 'Innovation', 'China', 'I24', 'O32', 'O53']"
WOS:001186094200001,Black Sexual Minority Men's Experiences in MPowerment Interventions: Implications for HIV Prevention,2025,"['Turpin, Rodman E.', 'Camp, Aaron D.', 'Mandell, C. J.', 'Mhonde, Rochelle R. Davidson', 'Dyer, Typhanye V.', 'Mayer, Kenneth H.', 'Liu, Hongjie', 'Coates, Thomas', 'Boekeloo, Bradley']","['PrEP', 'HIV', 'Stigma', 'Racism', 'Homophobia', 'Intersectionality', 'MPowerment']"
WOS:001182369600002,"The impact of the COVID-19 pandemic on perceptions of social relationships, negative affect, and paranoid ideation",2025,"['Orth, Ryan D.', 'Savage, Christina L. G.', 'Bennett, Melanie E.', 'Blanchard, Jack J.']","['Paranoia', 'Psychosis', 'Coronavirus', 'Depression', 'Anxiety', 'Social perception']"
WOS:001169209500001,Estimation of annual harvested wood products based on remote sensing and TPO survey data,2025,"['Gong, Weishu', 'Huang, Chengquan', 'Zhao, Feng', 'Lu, Jiaming']","['Forest disturbance', 'Timber Product Output (TPO)', 'Vegetation Change Tracker (VCT)', 'Landsat Time Series Stacks (LTSS)', 'random forest regression model']"
WOS:001169820200001,Developmental trajectories of adolescent internalizing symptoms and parental responses to distress,2025,"['Jones, Jason D.', 'Fraley, R. Chris', 'Stern, Jessica A.', 'Lejuez, Carl W.', 'Cassidy, Jude']","['Adolescence', 'internalizing symptoms', 'longitudinal', 'parental responses to negative emotions']"
WOS:001179056100001,Implementation of a computerized tool to address barriers to academic success among college students,2025,"['Arria, Amelia M.', 'Parisi, Christina E.', 'Bugbee, Brittany A.', 'Vincent, Kathryn B.']","['Academic barriers', 'behavioral health', 'college students', 'measurement tool']"
WOS:001177619200001,Family Rejection and LGBTQ plus Asian Americans' Psychological Distress and Disordered Eating: The Role of Conflicts in Allegiances and Family Shame,2025,"['Pease, M. Valle', 'Le, Thomas P.', 'Ahn, Lydia HaRim']","['family rejection', 'family shame', 'LGBTQ plus', 'Asian American', 'intersectionality']"
WOS:001189456600001,"Stakeholder engagement in water resource management: a systematic review of definitions, practices, and outcomes",2025,"['Whitley, Hannah', 'Engle, Elyzabeth W.', 'Brasier, Kathryn J.', 'Eaton, Weston M.', 'Burbach, Mark E.', 'Fowler, Lara B.', 'Anariba, Sara Bonilla', 'Butzler, Emma', 'Dixon, Kathryn', 'Chaudhary, Anil Kumar', 'Whitmer, Walt']","['stakeholder engagement', 'systematic review', 'water resource management', 'collaborative environmental management', 'natural resource governance']"
WOS:001178528600001,"""We Are the Majority"": An AsianCrit Perspective of the Racialized Experiences of Asian American College Students in Science, Technology, Engineering, and Mathematics",2025,"['Zheng, Jia', 'Lue, Kristyn', 'Lo, Pearl', 'Park, Julie J.']","['Asian American', 'college students', 'racialization', 'science, technology, engineering, and mathematics']"
WOS:001192265200001,Emotional impacts of racial discrimination on caregiver-child dyads: Can mentalizing-focused parenting groups buffer against racism-related stress?,2025,"['Willis, Henry A.', 'Polanco-Roman, Lillian', 'Derella, Olivia J.', 'Zayde, Amanda']","['Ethnoracially minoritized caregivers and children', 'group interventions', 'mentalization', 'parenting stress', 'racial discrimination']"
WOS:001184828600001,Contextualizing Lives and Historical Time: Examining Changes in the Transition to Adulthood and Age-Arrest Trajectories from the 1960s to 2018,2025,"['Bersani, Bianca E.', 'Doherty, Elaine Eggleston']","['Social change', 'arrest trends', 'desistance', 'emerging adulthood', 'life course']"
WOS:001187071700001,Development and validation of an 8-item version of the Real Relationship Inventory-Client form,2025,"['Stefana, Alberto', 'Fusar-Poli, Paolo', 'Vieta, Eduard', 'Gelso, Charles J.', 'Youngstrom, Eric A.']","['real relationship', 'therapeutic relationship', 'short-form scale', 'psychological assessment', 'self-report']"
WOS:001194259700001,The effectiveness of English Medium Instruction in primary education: evidence from Ethiopia,2025,"['Mergo, Teferi', 'Daba, Lemi']","['English Medium Instruction', 'primary education', 'test scores', 'Sub-Saharan Africa', 'I21', 'I28', 'O1']"
WOS:001193749200001,Theory for How Parental Monitoring Changes Youth Behavior,2025,"['Pelham, William E., III', 'Patel, Herry', 'Somers, Jennifer A.', 'Racz, Sarah J.']","['parenting', 'adolescence', 'delinquency', 'health risk behaviors']"
WOS:001195293600001,"The Past, Present, and Future of Internal Communication in Public Relations: A Computational Review of the Emerging Literature",2025,"['Yue, Cen April', 'Zhou, Alvin', 'Page, Tyler G.', 'Morehouse, Jordan', 'Capizzo, Luke W.', 'Toth, Elizabeth L.']","['Bibliometric analysis', 'computational methods', 'internal communication', 'public relations', 'text mining']"
WOS:001184381700001,Quantile Optimization via Multiple-Timescale Local Search for Black-Box Functions,2025,"['Hu, Jiaqiao', 'Song, Meichen', 'Fu, Michael C.']","['black-box optimization', 'quantile', 'local search', 'stochastic approximation', 'finite differences', 'simultaneous perturbation']"
WOS:001196289800001,Between-word processing and text-level skills contributing to fluent reading of (non)word lists and text,2025,"['van Viersen, Sietske', 'Altani, Angeliki', 'de Jong, Peter F.', 'Protopapas, Athanassios']","['Fluency', 'Language skills', 'Serial naming', 'Text reading', 'Word reading', 'Word recognition']"
WOS:001197694100001,Early Mathematics Instruction and Teachers' Self-Efficacy Beliefs: A Mixed-Methods Investigation,2025,"['Scalise, Nicole R.', 'Pak, Kristin', 'Arrington, Myles', 'Ramani, Geetha B.']","['Early childhood education', 'Mathematical talk', 'Mathematics', 'Preschool', 'Self-efficacy']"
WOS:001198840900001,The role of awareness in implicit and explicit knowledge,2025,"['Kachinske, Ilina', 'DeKeyser, Robert']","['implicit knowledge', 'explicit knowledge', 'noticing', 'awareness', 'artificial language']"
WOS:001198745100001,A Novel Numerical Method for Solving Unknown Statistical Quantities in Multivariate Regression Models,2025,"['Dardick, William R.', 'Harring, Jeffrey R.']","['Monte Carlo', 'multivariate data generation', 'path tracing', 'simulation studies']"
WOS:001201307700001,Autistic and non-autistic transgender youth are similar in gender development and sexuality phenotypes,2025,"['Fischbach, Abigail L.', 'Hindenach, Andy', 'van der Miesen, Anna I. R.', 'Yang, Ji Seung', 'Buckley, Olivia J.', 'Song, Minneh', 'Campos, Laura', 'Strang, John F.']","['autistic', 'gender', 'sexuality']"
WOS:001201321000001,"Police Harassment and Psychiatric, Sexual, and Substance Use Risk Among Black Sexual Minority Men and Black Transgender Women in the HIV Prevention Trials 061 Cohort",2025,"['Feelemyer, Jonathan', 'Duncan, Dustin T.', 'Akhidenor, Naomi', 'Mazumdar, Medha', 'Irvine, Natalia M.', 'Scheidell, Joy D.', 'Brewer, Russell A.', 'Turpin, Rodman E.', 'Hucks-Ortiz, Christopher', 'Dyer, Typhanye V.', 'Cleland, Charles M.', 'Mayer, Kenneth H.', 'Khan, Maria R.']","['Police harassment', 'Black sexual minority males', 'Black transgender women', 'Substance use', 'Sexual risk behavior']"
WOS:001300812700001,"""I Get to Make My Own Decisions"": Understanding Black Christian Students' Spiritual Development Journeys",2025,"['Hall, Terra N.']","['religion', 'spirituality', 'Black undergraduate students', 'spiritual development']"
WOS:001201914400001,"Multi-Agent Deep Reinforcement Learning for Persistent Monitoring With Sensing, Communication, and Localization Constraints",2025,"['Mishra, Manav', 'Poddar, Prithvi', 'Agrawal, Rajat', 'Chen, Jingxi', 'Tokekar, Pratap', 'Sujit, P. B.']","['Multi-agent deep reinforcement learning (MARL)', 'persistent monitoring (PM)', 'graph neural networks']"
WOS:001204509600001,Calling for a Humanizing Turn in Language Teacher Education: Problematizing Content and Language Instruction,2025,"['Peercy, Megan Madigan', 'Troyan, Francis John', 'Fredricks, Daisy E.', 'Hardy-Skeberdis, Melanie']",[]
WOS:001205702700001,Derailing the capitalist engine: theorizing relations of mujō through <i>Mugen Train</i>,2025,"['Itoh, Megu', 'Montgomery, Fielding', 'Hourigan, Taylor']","['Relations of mujo', 'impermanence', 'anime', 'neoliberal capitalism', 'Buddhism']"
WOS:001300945500001,Black College Students Navigating Digital Environments: A Qualitative Analysis of Peer Racial Socialization,2025,"['Garrett, Shedrick L.', 'Golden, Alexandrea R.', 'Gibson, Stephen']","['peer racial socialization', 'digital media', 'Black college students', 'social development', 'qualitative analysis']"
WOS:001209063100001,Site Visits and Corporate Investment Efficiency,2025,"['Cao, Sean Shun', 'Gong, Guojin', 'Kim, Yongtae', 'Shi, Hanzhong', 'Wang, Angie']","['site visits', 'corporate investment efficiency', 'monitoring', 'information acquisition']"
WOS:001209774800001,Participation and Persistence in High School Elective Music Ensembles,2025,"['Elpus, Kenneth', 'Abril, Carlos R.']","['music participation', 'music ensemble enrollment', 'socioeconomic status', 'race and ethnicity', 'high school students']"
WOS:001209478100001,On Accountability and Hierarchy,2025,"['Bendor, Jonathan', 'Swistak, Piotr']",[]
WOS:001209562800001,Facial Affect Differences in Autistic and Non-Autistic Adults Across Contexts and Their Relationship to First-Impression Formation,2025,"['Foster, Sarah J.', 'Jones, Desiree R.', 'Pinkham, Amy E.', 'Sasson, Noah J.']","['facial affect', 'emotion', 'stigma', 'first impressions', 'autism', 'context']"
WOS:001208522800001,Detecting Respondent Burden in Online Surveys: How Different Sources of Question Difficulty Influence Cursor Movements,2025,"['Leipold, Franziska M.', 'Kieslich, Pascal J.', 'Henninger, Felix', 'Fernandez-Fontelo, Amanda', 'Greven, Sonja', 'Kreuter, Frauke']","['mouse-tracking', 'measurement error', 'online surveys', 'response difficulty', 'response time', 'paradata']"
WOS:001214845100001,Lizzo's intersectional visibility politics: contesting colonial beauty standards and dismantling the white heteropatriarchal gaze,2025,"['Otis, Hailey Nicole']","['Decolonial worldmaking', 'body positivity', 'popular culture', 'fat activism']"
WOS:001216043500001,Exact and approximate computation of the scatter halfspace depth,2025,"['Liu, Xiaohui', 'Liu, Yuzi', 'Laketa, Petra', 'Nagy, Stanislav', 'Chen, Yuting']","['Scatter halfspace depth', 'Depth', 'Exact computation', 'Approximate algorithm']"
WOS:001215785500001,"Utilization of MD EJSCREEN to Assess Health Outcomes in Baltimore, Maryland",2025,"['Ravichandran, Vivek', 'Archer, Jan-Michael', 'Aiyar, Lalitha', 'Thompson, Julia', 'Teirstein, Max', 'Shah, Ashvi', 'Rah, Alexander', 'Wilson, Sacoby M.']","['children and the environment', 'health disparities', 'environmental hazards']"
WOS:001215893900001,Minding the Gap: Tools for Trust Engineering of Artificial Intelligence,2025,"['Dorton, Stephen L.', 'Stanley, Jeff C.']","['trust', 'Artificial Intelligence', 'trust engineering', 'foresight', 'naturalistic decision making']"
WOS:001226710800001,Model-Free Nonstationary Reinforcement Learning: Near-Optimal Regret and Applications in Multiagent Reinforcement Learning and Inventory Control,2025,"['Mao, Weichao', 'Zhang, Kaiqing', 'Zhu, Ruihao', 'Simchi-Levi, David', 'Basar, Tamer']","['reinforcement learning', 'data-driven decision making', 'nonstationarity', 'multiagent learning', 'inventory control']"
WOS:001221086100001,"Different ways to broker: school social workers, resource distribution, and equity for immigrant students",2025,"['Roth, Benjamin J.', 'Villarreal Sosa, Leticia', 'Childs, Tasha', 'Rodriguez, Sophia']","['Immigrant students', 'school social workers', 'brokering', 'newcomers', 'immigration enforcement']"
WOS:001222450400001,"Transit-oriented development and effective supply on the tenant-occupied multifamily housing market in Washington, DC",2025,"['Funes, Jose', 'Sauer, Jeffery', 'Sun, Laixiang']","['Transit-oriented development', 'habit formation', 'multifamily housing', 'spillovers', 'spatial regression modelling', 'Washington, DC', 'R, R3, R31, C, C2, C21, D4, J']"
WOS:001223713900001,Location-Specificity and Relocation Incentive Programs for Remote Workers,2025,"['Teodorovicz, Thomaz', 'Choudhury, Prithwiraj (Raj)', 'Starr, Evan']","['geographic competition', 'remote work', 'location specificity', 'general human capital', 'prosociality']"
WOS:001223430600001,Locally administered nanosuspension increases delivery of estradiol for the treatment of vaginal atrophy in mice,2025,"['Shapiro, Rachel L.', 'Bethiana, Titania', 'Carter, Davell M.', 'Ortiz, Jairo', 'Delong, Kevin', 'Anders, Nicole', 'Numan, Tricia A.', 'Duggan, Eliza', 'Zierden, Hannah C.', 'Ensign, Laura M.']","['Vaginal drug delivery', 'Vaginal atrophy', 'Estradiol', 'Nanosuspension', 'Menopause']"
WOS:001224946700001,Nonparticipation Bias in Accelerometer-Based Studies and the Use of Propensity Scores,2025,"['Antoun, Christopher', 'Wenz, Alexander']","['sensors', 'physical activity monitors', 'selection bias', 'weighting adjustments', 'national health and nutrition examination survey', 'longitudinal internet studies for the social sciences']"
WOS:001229953500001,'Protecting your body and loving yourself': strategies Black male caregivers use to protect Black girls sexuality in the USA,2025,"['Crooks, Natasha', 'Sosina, Wuraola', 'Debra, Alyssa', 'Sanker-Panchal, Kimberly', 'Okafor, Annette', 'Coleman, Diamond', 'Barrie, Rabiatu']","['Sexuality', 'male caregiver', 'Black girls', 'protection']"
WOS:001227185800001,Online Integrated Production and Distribution Scheduling: Review and Extensions,2025,"['Chen, Zhi-Long']","['make-to-order', 'e -commerce', 'industry applications', 'integrated production and distribution scheduling', 'online algorithms', 'competitive analysis']"
WOS:001227455700001,Paradoxical effects of narcissism on creative performance: Roles of leader-follower narcissism (in)congruence and follower identification with the leader,2025,"['Liu, Xin', 'Zheng, Xiaoming', 'Zhang, Yucheng', 'Liao, Hui', 'Harms, Peter D.', 'Qin, Xin', 'Yu, Yu']","['creative performance', 'identification with the leader', 'leader-follower narcissism (in)congruence', 'narcissism', 'polynomial regression']"
WOS:001229164500001,ON A NONLINEAR DIFFUSSIVE MODEL FOR THE EVOLUTION OF CELLS WITHIN A MOVING DOMAIN,2025,"['Thorsen, Tessa', 'Trivisa, Konstantina']","['Tumor growth models', 'cancer progression', 'mixed models', 'moving domain', 'penalization', 'existence']"
WOS:001229192500001,What Do Autistic Youth and Young Adults Want at Work? A Qualitative Study of Autistic Individuals' Views on Key Workplace Supports,2025,"['Chen, Briella Baer', 'Yakubova, Gulnoza']","['autism', 'employment', 'workplace accommodations', 'young adulthood']"
WOS:001229798600001,The Development and Potential Applications of an Automated Method for Detecting and Classifying Continuous Glucose Monitoring Patterns,2025,"['Shomali, Mansur', 'Liu, Shiping', 'Kumbara, Abhimanyu', 'Iyer, Anand', 'Gao, Guodong (Gordon)']","['artificial intelligence', 'continuous glucose monitoring', 'diabetes', 'digital health', 'machine learning', 'pattern/event detection', 'classification']"
WOS:001232673700001,What Is a Girl Worth?: Gender-Based Violence and Accountability in SportsWorld,2025,"['Kiss, Marissa', 'Foltz, Katelyn E.', 'Hattery, Angela', 'Mirance, Katie', 'Smith, Earl']",[]
WOS:001236515800003,Intention reconsideration in artificial agents: a structured account,2025,"['Cariani, Fabrizio']",[]
WOS:001236721300001,The variability of age at first marriage across birth cohort and education level: the case of Taiwan,2025,"['Cheng, Hao-Chun', 'Cohen, Philip N.']","['Variability of age', 'first marriage', 'life course', 'Taiwan', 'East Asia']"
WOS:001236633900001,Stagewise Training With Exponentially Growing Training Sets,2025,"['Gu, Bin', 'Alquabeh, Hilal', 'de Vazelhes, William', 'Huo, Zhouyuan', 'Huang, Heng']","['Training', 'Optimization', 'Computational complexity', 'Upper bound', 'Approximation algorithms', 'Training data', 'Risk minimization', 'Gradient hard thresholding (GHT) algorithms', 'proximal algorithms', 'stagewise training strategy', 'stochastic optimization']"
WOS:001236006000001,Prehospital Ground and Helicopter-Based Extracorporeal Cardiopulmonary Resuscitation (ECPR) Reduce Barriers to ECPR: A GIS Model,2025,"['Gottula, Adam L.', 'Qi, Man', 'Lane, Bennett H.', 'Shaw, Christopher R.', 'Gorder, Kari', 'Powell, Elizabeth', 'Danielson, Kyle', 'Ciullo, Anna', 'Johnson, Nicholas J.', 'Tonna, Joseph E.', 'Hinckley, William R.', 'Koshoffer, Amy', 'Al-Araji, Rabab', 'Bartos, Jason', 'Benoit, Justin', 'Hsu, Cindy H.']",[]
WOS:001237608900001,Photodynamic priming modulates cellular ATP levels to overcome P-glycoprotein-mediated drug efflux in chemoresistant triple-negative breast cancer,2025,"['Rahman, Idrisa', 'Liang, Barry', 'Sajid, Andaleeb', 'Ambudkar, Suresh V.', 'Huang, Huang-Chiao']","['ABC transporter', 'cellular ATP levels', 'drug delivery', 'multidrug resistance', 'P-glycoprotein', 'photodynamic priming']"
WOS:001241321500001,Effects of playback speed and language proficiency on listening comprehension of multilingual English learners,2025,"['Zong, Jiaxuan', 'Polat, Nihat', 'Mahalingappa, Laura']","['Playback speed', 'language proficiency', 'listening comprehension', 'technology-enhanced teaching and learning', 'acquisition-instructed']"
WOS:001241836900001,Leveraging computer vision for predicting collision risks: a cross-sectional analysis of 2019-2021 fatal collisions in the USA,2025,"['Nguyen, Quynh C.', 'Alirezaei, Mitra', 'Yue, Xiaohe', 'Mane, Heran', 'Li, Dapeng', 'Zhao, Lingjun', 'Nguyen, Thu T.', 'Patel, Rithik', 'Yu, Weijun', 'Hu, Ming', 'Quistberg, D. Alex', 'Tasdizen, Tolga']","['Motor vehicle - Non traffic', 'Motor vehicle Occupant', 'Pedestrian', 'Geographical / Spatial analysis', 'Risk/Determinants']"
WOS:001236076600007,Smart goggles augmented reality CT-US fusion compared to conventional fusion navigation for percutaneous needle insertion,2025,"['Borde, Tabea', 'Saccenti, Laetitia', 'Li, Ming', 'Varble, Nicole A.', 'Hazen, Lindsey A.', 'Kassin, Michael T.', 'Ukeh, Ifechi N.', 'Horton, Keith M.', 'Delgado, Jose F.', 'Martin III, Charles', 'Xu, Sheng', 'Pritchard, William F.', 'Karanian, John W.', 'Wood, Bradford J.']","['Augmented reality', 'Radiology', 'Interventional', 'Image-guided biopsy', 'Biopsy', 'Needle']"
WOS:001242951800001,"Associations among intimate partner violence, suicidal ideation, suicide behaviors, non-suicidal self-injury, and psychological well-being in Black American emerging adults",2025,"['Mccollum, Diamonde C.', 'Smathers, Steven E.', 'Sullivan, Tara', 'Jowaheer, Yajna', 'Mereish, Ethan H.']","['intimate partner violence', 'non-suicidal self-injury', 'protective factors', 'psychological well-being', 'suicidal ideation and behavior']"
WOS:001242737400001,Pride and body image among transgender and nonbinary adults: the mediating role of body appreciation between gender identity pride and intuitive eating,2025,"['Soulliard, Zachary A.', 'Le, Thomas P.', 'Yamasaki, Vic']",[]
WOS:001246364800001,Preventing Exertional Heat Stroke in Football: Time for a Paradigm Shift,2025,"['Anderson, Scott A.', 'Eichner, E. Randy', 'Bennett, Scott', 'Boden, Barry P.', 'Colgate, Bob', 'Courson, Ron', 'Davis, Jon K.', 'Elkins, Gregory A.', 'Judge, Lawrence W.', 'Krueger, Mike', 'Kucera, Kristen L.', 'Niehoff, Karissa', 'Rooks, Yvette', 'Tucker, James B.', 'Roberts, William O.']","['exertion intensity', 'football conditioning', 'heat load', 'prevention']"
WOS:001247713600001,Space for all: a multinational study on the status of astronomy education,2025,"['Bernhardt, Christine Hirst', 'Bailey, Janelle M.']","['Astronomy education', 'international education', 'STEM/STEAM']"
WOS:001250395600001,Troubling dualisms: Understanding the creation and implementation of protective policies in elite women's sport,2025,"['Posbergh, Anna', 'Jette, Shannon']","['gender', 'policy', 'World Athletics', 'International Olympic Committee', 'Foucault', 'protection', 'consensus', 'dualisms']"
WOS:001250257700001,Learning Personalized Privacy Preference from Public Data,2025,"['Wang, Wen', 'Li, Beibei']","['personalized privacy preference', 'public data source', 'deep learning', 'natural language processing', 'psychosocial traits']"
WOS:001249804700001,A comparative review of methane policies of the United States and China in the context of US - China climate cooperation,2025,"['Zhu, Mengye', 'Smith, Steven J.', 'Chen, Minpeng', 'Evans, Meredydd', 'Chai, Qimin', 'Teng, Fei', 'Wang, Pu', 'Cheng, Xinzhao', 'Li, Wenli', 'Behrendt, Jenna', 'Yu, Sha', 'Fu, Sha', 'Zhang, Haiwen', 'Cui, Ryna Yiyun', 'Lou, Jiehong', 'Ahluwalia, Manjyot', 'Hultman, Nathan', 'Wang, Yi']","['Methane mitigation', 'methane policy', 'review', 'climate change', 'US-China cooperation']"
WOS:001254884000001,Understanding Racial Disparity in EV Adoption: A Survey of Marylanders,2025,"['Ugwu, Nneoma Maxine', 'Harvey, Chester', 'Niemeier, Deb']","['electric vehicle', 'survey', 'charging station', 'minority', 'race', 'transportation']"
WOS:001252969900001,An Initial Validation of Transformative Social and Emotional Learning (SEL) Competencies Scale Among Asian American Pacific Islander (AAPI) Teachers,2025,"['Yang, Chunyan', 'Lim, Jin Hyung', 'Lin, Xueqin', 'Rho, Ella', 'Dong, Quennie']","['Transformative SEL', 'Asian American and Pacific Islander', 'teacher well-being', 'scale validation', 'Eui Kyung Kim']"
WOS:001254194300001,Provider-to-provider telemedicine for sepsis is used less frequently in communities with high social vulnerability,2025,"['Tu, Kevin J.', 'Vakkalanka, J. Priyanka', 'Okoro, Uche E.', 'Harland, Karisa K.', 'Wymore, Cole', 'Fuller, Brian M.', 'Campbell, Kalyn', 'Swanson, Morgan B.', 'Parker, Edith A.', 'Mack, Luke J.', 'Bell, Amanda', 'Dejong, Katie', 'Faine, Brett', 'Zepeski, Anne', 'Mueller, Keith', 'Chrischilles, Elizabeth', 'Carpenter, Christopher R.', 'Jones, Michael P.', 'Ward, Marcia M.', 'Mohr, Nicholas M.']","['critical care', 'emergency medicine', 'health inequities', 'sepsis', 'social vulnerability', 'telemedicine']"
WOS:001248592600001,Exotic surfaces,2025,"['Reyes, Javier', 'Urzua, Giancarlo']",[]
WOS:001256940900001,Examining Acculturative Stress and Copings Among Korean Immigrant Parents of Children with Developmental Disabilities,2025,"['Kim, Namhee', 'Kim, Sunyoung', 'Kang, Veronica', 'Cushing, Lisa']","['Acculturative stress', 'coping strategies', 'developmental disabilities', 'Korean immigrant parents', 'parents of children with developmental disabilities']"
WOS:001257052100001,Unraveling the Dynamics of Employee Engagement: A Study of Employees' Information-Sharing Networks and Voice Behavior within Organizations,2025,"['Kim, Katie Haejung', 'Qu, Yan', 'Saffer, Adam']","['Egocentric network approach', 'employee engagement', 'employee voice behavior', ""employees' information-sharing networks""]"
WOS:001258401200001,Enhancement of Thermal Boundary Conductance between MoS<sub>2</sub> and Dielectric Layer by Self-Assembled Monolayers,2025,"['Huang, Jian', 'Yu, Xiaotong', 'Wang, Xiaofeng', 'Wang, Fanfan', 'Liu, Zexin', 'Yang, Kai', 'Yue, Yue', 'Li, Kangyong', 'Dai, Ruiwen', 'Lin, Aming', 'Sun, Yiyang', 'Zhao, Tianlong', 'Wang, Zhiqiang', 'Gao, Yuan', 'Zhang, Lifu', 'Chen, Dongdong', 'Xin, Guoqing']","['dielectric layer', 'monolayer MoS2', 'self-assembled monolayers', 'thermal boundary conductance']"
WOS:001257398600001,"End-to-end supply chain resilience management using deep learning, survival analysis, and explainable artificial intelligence",2025,"['Li, Xingyu', 'Krivtsov, Vasiliy', 'Pan, Chaoye', 'Nassehi, Aydin', 'Gao, Robert X.', 'Ivanov, Dmitry']","['Supply chain resilience', 'supply chain risk management', 'end-to-end learning', 'deep learning', 'survival analysis', 'explainable AI']"
WOS:001254168100001,On the maximum size of variable-length non-overlapping codes,2025,"['Wang, Geyang', 'Wang, Qi']","['Non-overlapping code', 'Variable-length', 'Fixed-length', 'Prefix code']"
WOS:001252465600001,Time to Stop? An Empirical Investigation on the Consequences of Canceling Monetary Incentives on a Digital Platform,2025,"['Zhang, Dongcheng', 'Jiang, Hanchen', 'Qiang, Maoshan', 'Zhang, Kunpeng', 'Qiu, Liangfei']","['monetary rewards', 'canceling incentives', 'heterogeneity', 'digital corporate platforms']"
WOS:001254065800001,An Almost Empty Scoping Review: State of the Research on Tobacco Prevention and Cessation Messaging Strategies for Black and/or Latine LGBTQ plus Youth and Young Adults,2025,"['Ledford, Victoria A.', 'Cosavalente, Hilda Patricia Garcia', 'Jackson, Devlon N.', 'Carter, Carter', 'Saperstein, Sandra L.', 'Baur, Cynthia', 'Balaban, Ariel', 'Fish, Jessica N.']",[]
WOS:001252401300001,Enhancing Droplet Combustion Dynamics in Trimethyl Borate-Based Blends: Exploring Energetic Phenomena,2025,"['Yontar, Ahmet Alper', 'Degirmenci, Hueseyin', 'Kucukosman, Ridvan']","['Trimethyl borate', 'gasoline', 'ignition delay time', 'extinction time', 'droplet phenomena']"
WOS:001259275700001,A novel strong duality-based reformulation for trilevel infrastructure models in energy systems development,2025,"['Herrala, Olli', 'Gabriel, Steven A.', 'Oliveira, Fabricio', 'Ekholm, Tommi']","['Equilibrium modelling', 'bilevel optimisation', 'power systems modelling']"
WOS:001258923300001,From Promise to Practice: Recent Growth in 30 Years of Tissue Engineering Commercialization,2025,"['Felix, Ryan B.', 'Shabazz, Amal', 'Holeman, William Pieper', 'Han, Sarang', 'Wyble, Matthew', 'Uzoukwu, Marylyn', 'Gomes, Lauren Audrey', 'Nho, Laena', 'Litman, Mark Zachary', 'Hu, Peter', 'Fisher, John P.']","['tissue engineering', 'industry', 'market', 'company', 'stem cells', 'biomaterials', 'clinical translation', 'regenerative medicine']"
WOS:001262191400001,Educate and Empower: An Online Intervention to Improve College Women's Knowledge and Confidence When Communicating in a Romantic Relationship,2025,"['Trovato, Karoline J.', ""O'Brien, Karen M.""]","['family work distribution', 'college women', 'romantic relationships', 'couple communication', 'confidence']"
WOS:001262895400002,Artificial intelligence in infrastructure construction: A critical review,2025,"['Chen, Ke', 'Zhou, Xiaojie', 'Bao, Zhikang', 'Skibniewski, Miroslaw Jan', 'Fang, Weili']","['infrastructure construction', 'artificial intelligence', 'literature review', 'quantitative analysis', 'qualitative analysis']"
WOS:001262178900001,Documenting teachers' motivation for professional learning: a systematic review,2025,"['Stark, Kristabel', 'Sayers, Robin', 'Angell, Emma']","['Motivation', 'self-determination theory', 'professional learning', 'teachers', 'continuing education']"
WOS:001263796300001,"Intersectional Oppression-Based Stress, Drinking to Cope Motives, and Alcohol Use and Hazardous Drinking Among Sexual and Gender Minority Adolescents Who Are Black, Indigenous, and People of Color",2025,"['Mereish, Ethan H.', 'Abramson, Jessica R.', 'Lee, Hyemin', 'Watson, Ryan J.']","['alcohol', 'coping motives', 'hazardous drinking', 'intersectional oppression', 'microaggressions', 'sexual and gender minority adolescents of color', 'minority stress']"
WOS:001265392700001,Lossless Phonon Transition Through GaN-Diamond and Si-Diamond Interfaces,2025,"['Malakoutian, Mohamadali', 'Woo, Kelly', 'Rich, Dennis', 'Mandia, Ramandeep', 'Zheng, Xiang', 'Kasperovich, Anna', 'Saraswat, Devansh', 'Soman, Rohith', 'Jo, Youhwan', 'Pfeifer, Thomas', 'Hwang, Taesoon', 'Aller, Henry', 'Kim, Jeongkyu', 'Lyu, Junrui', 'Mabrey, Janelle Keionna', 'Rodriguez, Thomas Andres', 'Pomeroy, James', 'Hopkins, Patrick E.', 'Graham, Samuel', 'Smith, David J.', 'Mitra, Subhasish', 'Cho, Kyeongjae', 'Kuball, Martin', 'Chowdhury, Srabanti']","['diamond', 'interface engineering', ""Moore's law"", 'thermal boundary resistance', 'thermal management', 'ultra-wide-bandgap', 'wide-bandgap']"
WOS:001270419900001,Uniform arithmetic in local rings via ultraproducts,2025,"['Adams, Clay', 'Cantor, Francesca', 'Gashi, Anese', 'Mujevic, Semir', 'Park, Sejin', 'Simpson, Austyn', 'Zomback, Jenna']","['Ultraproducts', 'Seminormality', 'Tight closure']"
WOS:001272169300001,"Thematic Content, Not Number Matching, Drives Syntactic Bootstrapping",2025,"['Perkins, Laurel', 'Knowlton, Tyler', 'Williams, Alexander', 'Lidz, Jeffrey']",[]
WOS:001268441900001,Advancing a multi-actor model of artist-in-residence practice,2025,"['Wu, Hsin-Ching', 'Keeney, Kate']","['Artist in residence', 'public value', 'collaboration', 'transaction cost', 'co-creation', 'government']"
WOS:001268431600001,Green light or black flag? Greenwashing environmental sustainability in Formula One and Formula E,2025,"['Sturm, Damion', 'Andrews, David L.', 'Miller, Toby', 'Bustad, Jacob']","['Greenwashing', 'sustainability', 'motorsport', 'environmental politics', 'sociology of sport and leisure', 'critical event studies']"
WOS:001268455500001,Budgetary responses by the USA to support Ukraine during and after the war,2025,"['Joyce, Philip', 'Krupa, Olha']","['Appropriations', 'budgeting', 'defence budgeting', 'federal budget', 'Russia', 'Ukraine', 'US Congress']"
WOS:001270151000001,Hyperammonemia and Ornithine Transcarbamylase Deficiency after Bariatric Surgery: A Retrospective Study,2025,"['Lameda, Ivanesa L. Pardo', 'Wang, Eugene', 'Sharbaugh, Matthew', 'Lovette, Anyea', 'Shope, Timothy R.', 'Koch, Timothy R.']","['ornithine carbamoyltransferase deficiency disease', 'hyperammonemia', 'bariatric surgery', 'obesity', 'gastric bypass']"
WOS:001270146000001,Nonprofit Management's Perceptions of Unions in Government-Funded Child Welfare Agencies: Can They Help Raise Wages in This Triangular Relationship?,2025,"['Zhao, Rong', 'Welch, Rachel', 'Bies, Angela']","['Nonprofit human services organizations', 'human services privatization', 'wages', 'triangular relationship', 'attitude toward unions']"
WOS:001270297600001,Putting students at the center: A critical-interpretive approach to assessment in the introductory communication course,2025,"['Ashby-King, Drew T.', 'Lucas, Melissa A.']",[]
WOS:001271954700001,Sme Failures Under Large Liquidity Shocks: an Application to the Covid-19 Crisis,2025,"['Gourinchas, Pierre-Olivier', 'Kalemli-Ozcan, Sebnem', 'Penciakova, Veronika', 'Sander, Nick']",[]
WOS:001271108700001,Participant accounts of police violence during black lives matter protests in Chicago,2025,"['Brunson, Rod K.', 'Chillar, Vijay F.', 'Holmes, Malcolm D.', 'Trapassi, Jessica', 'Pirrone, Demi']","['Black lives matter protests', 'police violence', 'police protest control strategies']"
WOS:001275122600001,"""The COVID-19 Murders"": Prison death-worlds and the fatal convenience of crisis",2025,"['Lackey, Dalton J.', 'Loblack, Angelica C.', 'Murphy, Teagan H.', 'Foltz, Katelyn E.']","['American Prison Writing Archive', 'confinement', 'COVID-19', 'crisis', 'punishment', 'prison', 'solitary']"
WOS:001276826400001,Internal drivers of self-rule referendums,2025,"['Goers, Harriet', 'Cunningham, Kathleen Gallagher', 'Balcells, Laia']","['Self-determination', 'independence', 'referendum', 'self-rule', 'sovereignty', 'autonomy']"
WOS:001276834400001,Hello World! Building Computational Models to Represent Social and Organizational Theory,2025,"['Grand, James A.', 'Braun, Michael T.', 'Kuljanin, Goran']","['theory', 'process theory', 'computational modeling', 'programming', 'coding', 'R']"
WOS:001274621200001,Evolution and mandibular sexual dimorphism in mid-Cretaceous scorpionflies (Insecta: Mecoptera: Meropeidae),2025,"['Zhang, Yanjie', 'Labandeira, Conrad C.', 'Yu, Jiamiao', 'Shih, Chungkun', 'Ren, Dong', 'Gao, Taiping']","['diet', 'earwigfly', 'Mecoptera', 'mouthparts', 'Myanmar amber', 'phylogeny', 'scorpionfly']"
WOS:001278049500001,A Bayesian agent-based model and software for wildfire safe evacuation planning and management,2025,"['Pishahang, Mohammad', 'Ruiz-Tagle, Andres', 'Ramos, Marilia A.', 'Droguett, Enrique Lopez', 'Mosleh, Ali']","['Wildfire', 'evacuation', 'wildfire egress', 'wildland urban interface (WUI)', 'Bayesian network']"
WOS:001278756100001,Unpacking women's work during the COVID-19 pandemic in India: a feminist analysis of mainstream print media,2025,"['Datta, Amrita', 'Satija, Shivani', 'Munjuluri, Ragini Rao', 'Roy, Uddipta']","['Media depiction', ""women's work"", 'care work', 'work from home', 'flexibility', 'COVID-19']"
WOS:001279855800001,How Do NGOs Choose Their Partners? The Role of Homophily in a Transnational Advocacy Network on Climate Change,2025,"['Hadden, Jennifer', 'Jasny, Lorien']","['non-governmental organization', 'climate change', 'networks', 'coalitions', 'homophily']"
WOS:001283145600001,Toward Race-Conscious Care-Based Healing to Support Latino Immigrant Youth,2025,"['Rodriguez, Sophia', 'Lopez-Escobar, Lisa', 'Pippin-Kottkamp, Staci']","['urban schools', 'social context', 'equity', 'belonging', 'immigrant youth']"
WOS:001286235100001,Trajectory mapping and future charting of hydrogen energy policy: A systematic review,2025,"['Meng, Shuhan', 'Wu, Xianhua', 'Li, Hua', 'Wu, You']","['bibliometrics', 'content analysis', 'green hydrogen', 'hydrogen energy policy', 'low-carbon society']"
WOS:001286769700001,Parental Involvement to Promote the Social-Emotional Well-Being of Asian Immigrant Youth: A Cultural Mismatch of Teachers and Parents' Perspectives,2025,"['Lin, Xueqin', 'Yang, Chunyan']","['parental involvement', 'Asian immigrant families', 'cultural mismatch theory', 'barriers', 'Eui Kyung Kim']"
WOS:001286739100001,Implications of daily world beliefs for relationship satisfaction: The role of positive relationship illusions,2025,"['Lemay Jr, Edward P.', 'Cutri, Jennifer N.']","['Primal world beliefs', 'worldviews', 'relationship satisfaction', 'positive relationship illusions']"
WOS:001285563400001,Investigating a Novel Approach to Assessing Vocabulary Knowledge,2025,"['Zhao, Hongyang', 'Alexander, Patricia A.']","['Vocabulary knowledge', 'vocabulary assessment', 'relational reasoning', 'college students', 'measurement']"
WOS:001285459600001,Exploring the effectiveness of reward-based learning strategies for second-language speech sounds,2025,"['Thorburn, Craig A.', 'Lau, Ellen', 'Feldman, Naomi H.']","['Speech perception', 'Category learning', 'Computational modeling', 'Reinforcement learning']"
WOS:001288354200001,"<i>""E nossa, E Do Brasil Inteiro""</i> (It's Ours, It's for the Whole of Brazil""): Football, The Yellow Shirt, National Politics, and Conjunctural Contestation",2025,"['Clift, Bryan C.', 'Andrews, David L.', 'Lopes, Victor B.']","['Brazil', 'celebrity', 'football', 'nationalism', 'national politics', 'race']"
WOS:001288915900001,Novel nanoparticle composed by Ovalbumin-OSA modified pectin-rutin for improving the stability of Monascus pigments,2025,"['Yang, Chaoran', 'Yu, Wei', 'Gao, Boyan', 'Niu, Yuge', 'Yu, Liangli']","['Monascus pigments', 'Ovalbumin', 'Pectin', 'Rutin', 'Stability']"
WOS:001289433200002,Preparation of Novel Double Cross-Linked Hydrogels of Dietary Fibers and Proteins from Soybeans as Scaffolds for Cultured Meat,2025,"['Fang, Huicheng', 'Yu, Wei', 'Gao, Boyan', 'Niu, Yuge', 'Yu, Liangli']","['Cross-linking Technology', 'Soybean Dietary Fibers', 'Soy Proteins', 'Cultured Meat Scaffolds']"
