topic,degree,degree_centrality,paper_count
mental health,87,0.023796498905908094,24
covid-19,79,0.02160831509846827,19
gender,64,0.0175054704595186,15
race,64,0.0175054704595186,14
machine learning,62,0.016958424507658644,15
training,54,0.014770240700218817,7
optimization,50,0.013676148796498906,8
artificial intelligence,49,0.013402625820568927,7
social media,48,0.01312910284463895,10
collaboration,48,0.01312910284463895,9
anxiety,47,0.012855579868708972,12
depression,47,0.012855579868708972,13
autism,45,0.012308533916849015,12
comprehension,44,0.012035010940919036,6
substance use,43,0.011761487964989058,9
college students,43,0.011761487964989058,10
deep learning,41,0.011214442013129102,7
adolescence,40,0.010940919037199124,10
climate change,40,0.010940919037199124,9
development,34,0.009299781181619256,6
personalization,34,0.009299781181619256,4
uncertainty,33,0.009026258205689277,4
resilience,32,0.0087527352297593,6
racism,31,0.008479212253829322,7
natural language processing,31,0.008479212253829322,4
engagement,31,0.008479212253829322,2
governance,31,0.008479212253829322,3
social support,31,0.008479212253829322,5
english language learners,30,0.008205689277899343,4
teacher education,30,0.008205689277899343,4
intersectionality,30,0.008205689277899343,6
systematic review,30,0.008205689277899343,6
equity,30,0.008205689277899343,8
racial discrimination,29,0.007932166301969365,7
stress,29,0.007932166301969365,6
approximation algorithms,29,0.007932166301969365,4
motivation,28,0.007658643326039387,4
coping,28,0.007658643326039387,5
stigma,28,0.007658643326039387,7
parenting,28,0.007658643326039387,8
crime,27,0.007385120350109409,4
china,26,0.007111597374179431,5
text analysis,26,0.007111597374179431,5
minority stress,25,0.006838074398249453,6
stochastic optimization,25,0.006838074398249453,5
reading,25,0.006838074398249453,5
preschool,24,0.006564551422319475,5
sexuality,24,0.006564551422319475,5
higher education,23,0.006291028446389496,5
policy,23,0.006291028446389496,4
alcohol use,23,0.006291028446389496,6
classification,23,0.006291028446389496,3
mexico,23,0.006291028446389496,2
qualitative,23,0.006291028446389496,6
culture,23,0.006291028446389496,6
hiv,23,0.006291028446389496,5
adolescents,23,0.006291028446389496,6
patriarchy,22,0.006017505470459518,3
immigrants,22,0.006017505470459518,5
big data,22,0.006017505470459518,5
childhood,22,0.006017505470459518,2
young adults,22,0.006017505470459518,5
diversity,22,0.006017505470459518,5
women,22,0.006017505470459518,4
reentry,22,0.006017505470459518,3
factor analysis,21,0.0057439824945295405,2
parents,21,0.0057439824945295405,5
sustainability,20,0.005470459518599562,5
task analysis,20,0.005470459518599562,2
social justice,20,0.005470459518599562,4
temperament,20,0.005470459518599562,5
geolocation,20,0.005470459518599562,3
inclusion,20,0.005470459518599562,4
regression analyses,20,0.005470459518599562,2
housing affordability,20,0.005470459518599562,4
latino,20,0.005470459518599562,4
semantics,20,0.005470459518599562,2
ethnicity,20,0.005470459518599562,5
remote sensing,20,0.005470459518599562,4
pepino de mar,19,0.005196936542669584,1
fisheries,19,0.005196936542669584,1
computational modeling,19,0.005196936542669584,3
leadership,19,0.005196936542669584,5
disability,19,0.005196936542669584,4
mathematics,19,0.005196936542669584,5
criminologí,19,0.005196936542669584,1
environmental criminology,19,0.005196936542669584,1
gica,19,0.005196936542669584,1
gobernanza,19,0.005196936542669584,1
community‐,19,0.005196936542669584,1
common pool resources,19,0.005196936542669584,1
survey,19,0.005196936542669584,4
as,19,0.005196936542669584,1
a ambiental,19,0.005196936542669584,1
based management,19,0.005196936542669584,1
crime science,19,0.005196936542669584,1
xico,19,0.005196936542669584,1
pesquerí,19,0.005196936542669584,1
sea cucumber,19,0.005196936542669584,1
covid-19 pandemic,19,0.005196936542669584,4
ciencia criminoló,19,0.005196936542669584,1
manejo basado en la comunidad,19,0.005196936542669584,1
mé,19,0.005196936542669584,1
german,18,0.004923413566739606,2
obesity,18,0.004923413566739606,3
africa,18,0.004923413566739606,4
disabilities,18,0.004923413566739606,3
individual differences,18,0.004923413566739606,4
asian americans,18,0.004923413566739606,4
early childhood,18,0.004923413566739606,4
discrimination,18,0.004923413566739606,5
longitudinal,17,0.004649890590809628,4
reproductive health,17,0.004649890590809628,3
developmental theories,17,0.004649890590809628,1
structural equation modeling,17,0.004649890590809628,4
second language reading,17,0.004649890590809628,1
correlation,17,0.004649890590809628,1
trust,17,0.004649890590809628,4
causal modeling,17,0.004649890590809628,1
comprehension (general),17,0.004649890590809628,1
randomized controlled trial,17,0.004649890590809628,2
networks,17,0.004649890590809628,4
clustering,17,0.004649890590809628,3
intimate partner violence,17,0.004649890590809628,5
2‐,17,0.004649890590809628,1
decoding,17,0.004649890590809628,1
socio‐,17,0.004649890590809628,1
theoretical perspectives,17,0.004649890590809628,1
cognitive,17,0.004649890590809628,1
language learners,17,0.004649890590809628,1
lisrel,17,0.004649890590809628,1
representation,16,0.00437636761487965,3
surveillance,16,0.00437636761487965,3
instructional technologies,16,0.00437636761487965,2
reinforcement learning,16,0.00437636761487965,3
irritability,16,0.00437636761487965,4
transgender,16,0.00437636761487965,3
critical race theory,16,0.00437636761487965,2
mixed methods,16,0.00437636761487965,3
psychological well-being,16,0.00437636761487965,4
multihoming,16,0.00437636761487965,2
professional development,15,0.004102844638949671,5
language,15,0.004102844638949671,4
implementation science,15,0.004102844638949671,2
privacy,15,0.004102844638949671,3
violence,15,0.004102844638949671,3
korean,15,0.004102844638949671,3
terrorism,15,0.004102844638949671,4
games,15,0.004102844638949671,2
health disparities,15,0.004102844638949671,4
achievement,15,0.004102844638949671,3
costs,15,0.004102844638949671,2
religion,15,0.004102844638949671,4
housing supply,15,0.004102844638949671,2
alcohol,15,0.004102844638949671,3
experiments,15,0.004102844638949671,3
perception,15,0.004102844638949671,3
adhd,15,0.004102844638949671,4
service strategy,14,0.0038293216630196935,1
robots,14,0.0038293216630196935,1
standardization,14,0.0038293216630196935,1
feeling ai,14,0.0038293216630196935,1
immigrant,14,0.0038293216630196935,3
quantitative research,14,0.0038293216630196935,2
mechanical ai,14,0.0038293216630196935,1
drought,14,0.0038293216630196935,3
co-teaching,14,0.0038293216630196935,3
education,14,0.0038293216630196935,3
replacement,14,0.0038293216630196935,1
second language,14,0.0038293216630196935,2
transportation,14,0.0038293216630196935,2
media,14,0.0038293216630196935,3
family,14,0.0038293216630196935,3
sexual harassment,14,0.0038293216630196935,3
neoliberalism,14,0.0038293216630196935,3
domestic violence,14,0.0038293216630196935,3
automation,14,0.0038293216630196935,1
relationalization,14,0.0038293216630196935,1
thinking ai,14,0.0038293216630196935,1
human intelligence,14,0.0038293216630196935,1
service process,14,0.0038293216630196935,1
augmentation,14,0.0038293216630196935,1
competition,14,0.0038293216630196935,2
(sic)(sic)(sic)(sic),13,0.0035557986870897156,1
landlord-tenant law,13,0.0035557986870897156,1
land use regulation,13,0.0035557986870897156,1
regulaci & oacute;n del uso de suelo,13,0.0035557986870897156,1
ley de propietarios e inquilinos,13,0.0035557986870897156,1
digital media,13,0.0035557986870897156,3
(sic)(sic)(sic)(sic)(sic)(sic),13,0.0035557986870897156,1
faculty,13,0.0035557986870897156,3
news media,13,0.0035557986870897156,3
(sic)(sic),13,0.0035557986870897156,1
oferta de vivienda,13,0.0035557986870897156,1
nigeria,13,0.0035557986870897156,3
eating disorders,13,0.0035557986870897156,2
teachers,13,0.0035557986870897156,3
(sic)(sic)-(sic)(sic)(sic),13,0.0035557986870897156,1
technology,13,0.0035557986870897156,3
innovation,13,0.0035557986870897156,2
risk,13,0.0035557986870897156,3
sentiment analysis,13,0.0035557986870897156,2
evictions,13,0.0035557986870897156,1
parental involvement,13,0.0035557986870897156,3
asequibilidad de la vivienda,13,0.0035557986870897156,1
polarization,13,0.0035557986870897156,3
childhood obesity,13,0.0035557986870897156,2
desalojos,13,0.0035557986870897156,1
educational policy,13,0.0035557986870897156,2
community engagement,13,0.0035557986870897156,3
personality,13,0.0035557986870897156,3
augmented reality,13,0.0035557986870897156,3
decision-making,13,0.0035557986870897156,3
cognitive control,13,0.0035557986870897156,3
immigration policy,13,0.0035557986870897156,3
prosocial behavior,13,0.0035557986870897156,3
mental health services,12,0.0032822757111597373,3
sepsis,12,0.0032822757111597373,2
italian,12,0.0032822757111597373,1
modal quantification,12,0.0032822757111597373,1
communication,12,0.0032822757111597373,3
speaker variation,12,0.0032822757111597373,1
semantic extension,12,0.0032822757111597373,1
executive function,12,0.0032822757111597373,3
syntax-semantics interface,12,0.0032822757111597373,1
life course,12,0.0032822757111597373,3
lgbtq,12,0.0032822757111597373,3
romantic relationships,12,0.0032822757111597373,3
racial,12,0.0032822757111597373,2
proxy,12,0.0032822757111597373,1
exhaustive vs. non-exhaustive control,12,0.0032822757111597373,1
(non-)obligatory control,12,0.0032822757111597373,1
agree,12,0.0032822757111597373,1
early literacy,12,0.0032822757111597373,2
pro vs. pro,12,0.0032822757111597373,1
parent training,12,0.0032822757111597373,3
opioid use disorder,12,0.0032822757111597373,3
parametric variation,12,0.0032822757111597373,1
academic engagement,12,0.0032822757111597373,2
phi features,12,0.0032822757111597373,1
racial socialization,12,0.0032822757111597373,3
south africa,12,0.0032822757111597373,3
psychopathology,12,0.0032822757111597373,3
interviews,12,0.0032822757111597373,2
survival analysis,12,0.0032822757111597373,3
u,12,0.0032822757111597373,2
s,12,0.0032822757111597373,2
behavior problems,12,0.0032822757111597373,4
item response theory,12,0.0032822757111597373,3
propensity scores,12,0.0032822757111597373,2
autism spectrum disorder,12,0.0032822757111597373,3
criminological theories,12,0.0032822757111597373,1
life-course criminology,12,0.0032822757111597373,1
race and corrections,12,0.0032822757111597373,1
participatory action research,12,0.0032822757111597373,1
african/black americans,12,0.0032822757111597373,1
experimental research,12,0.0032822757111597373,1
race/ethnicity,12,0.0032822757111597373,1
race and policing,12,0.0032822757111597373,1
add,12,0.0032822757111597373,2
race and juvenile justice,12,0.0032822757111597373,1
collision avoidance,12,0.0032822757111597373,2
gis,12,0.0032822757111597373,2
victimization,12,0.0032822757111597373,1
street crime,12,0.0032822757111597373,1
journalism,12,0.0032822757111597373,2
teaching,12,0.0032822757111597373,3
measurements,12,0.0032822757111597373,1
textual analysis,12,0.0032822757111597373,1
teaching practices,12,0.0032822757111597373,1
statistics,12,0.0032822757111597373,1
urban schools,12,0.0032822757111597373,2
adaptation,12,0.0032822757111597373,2
online learning,12,0.0032822757111597373,1
linear programming,12,0.0032822757111597373,2
multiracial,11,0.003008752735229759,2
generative adversarial net,11,0.003008752735229759,1
sexual minority,11,0.003008752735229759,3
microwave integrated circuits,11,0.003008752735229759,1
ice,11,0.003008752735229759,1
online instruction,11,0.003008752735229759,3
dynamic programming,11,0.003008752735229759,2
microwave fet integrated circuits,11,0.003008752735229759,1
distortion measurement,11,0.003008752735229759,1
stochastic processes,11,0.003008752735229759,1
progressive learning,11,0.003008752735229759,1
sea surface,11,0.003008752735229759,1
data models,11,0.003008752735229759,1
machine learning algorithms,11,0.003008752735229759,1
global precipitation measurement (gpm),11,0.003008752735229759,1
social networking (online),11,0.003008752735229759,1
punishment,11,0.003008752735229759,2
emotion regulation,11,0.003008752735229759,3
bilingual students,11,0.003008752735229759,2
social,11,0.003008752735229759,2
annealing optimization,11,0.003008752735229759,1
trip recommendation,11,0.003008752735229759,1
trajectory,11,0.003008752735229759,1
recurrent neural networks,11,0.003008752735229759,1
spatial-temporal data,11,0.003008752735229759,1
policy implementation,11,0.003008752735229759,2
bregman divergences,11,0.003008752735229759,1
experiment,11,0.003008752735229759,2
medication adherence,11,0.003008752735229759,2
runoff,11,0.003008752735229759,2
vector quantization,11,0.003008752735229759,1
diabetes,11,0.003008752735229759,2
learning disabilities,11,0.003008752735229759,2
cloudsat satellite,11,0.003008752735229759,1
electric vehicle,11,0.003008752735229759,2
paradata,11,0.003008752735229759,2
violent extremism,11,0.003008752735229759,3
semisupervised learning,11,0.003008752735229759,1
bayesian retrieval algorithms,11,0.003008752735229759,1
child maltreatment,11,0.003008752735229759,3
qualitative methods,11,0.003008752735229759,3
snow,11,0.003008752735229759,1
measurement,11,0.003008752735229759,3
emotion socialization,11,0.003008752735229759,3
meta-learning,11,0.003008752735229759,1
predictive models,11,0.003008752735229759,1
assessment,11,0.003008752735229759,3
few-shot learning,11,0.003008752735229759,1
blogs,11,0.003008752735229759,1
bayesian learning,11,0.003008752735229759,1
adaptation models,11,0.003008752735229759,1
geology,11,0.003008752735229759,1
multimedia web sites,11,0.003008752735229759,1
generative adversarial networks,11,0.003008752735229759,1
invasive species,11,0.003008752735229759,3
satellite snowfall retrieval,11,0.003008752735229759,1
passive microwave,11,0.003008752735229759,1
ocean temperature,11,0.003008752735229759,1
auto-encoder,11,0.003008752735229759,1
sea ice,11,0.003008752735229759,1
violence against women,10,0.002735229759299781,2
mechanistic empirical pavement design guide (mepdg),10,0.002735229759299781,2
financial strain,10,0.002735229759299781,2
news industry,10,0.002735229759299781,2
wildfire,10,0.002735229759299781,2
civic engagement,10,0.002735229759299781,3
climate effects,10,0.002735229759299781,2
caregiving,10,0.002735229759299781,3
mouthparts,10,0.002735229759299781,2
case study,10,0.002735229759299781,3
modern era retrospective analysis for research and applications (merra),10,0.002735229759299781,2
small business,10,0.002735229759299781,2
online social support,10,0.002735229759299781,1
social movements,10,0.002735229759299781,2
coronavirus,10,0.002735229759299781,2
online support,10,0.002735229759299781,1
stressful life events,10,0.002735229759299781,3
sub-saharan africa,10,0.002735229759299781,2
isolation,10,0.002735229759299781,1
african americans,10,0.002735229759299781,3
biological system modeling,10,0.002735229759299781,1
black,10,0.002735229759299781,2
protection,10,0.002735229759299781,2
forward citations,10,0.002735229759299781,1
attachment style,10,0.002735229759299781,3
kenya,10,0.002735229759299781,2
commercialization,10,0.002735229759299781,1
university patents,10,0.002735229759299781,1
infertility,10,0.002735229759299781,1
trade-in,10,0.002735229759299781,1
patent quality,10,0.002735229759299781,1
azerbaijan,10,0.002735229759299781,1
delinquency,10,0.002735229759299781,3
microwave remote sensing,10,0.002735229759299781,1
bayesian deep learning (bdl),10,0.002735229759299781,1
mapping,10,0.002735229759299781,2
o53,10,0.002735229759299781,1
o32,10,0.002735229759299781,1
telemedicine,10,0.002735229759299781,2
bayesian convolutional neural network (bcnn),10,0.002735229759299781,1
bayes methods,10,0.002735229759299781,1
supportive communication,10,0.002735229759299781,1
radar,10,0.002735229759299781,1
precipitation,10,0.002735229759299781,1
consensus,10,0.002735229759299781,2
heroin,10,0.002735229759299781,2
mentorship,10,0.002735229759299781,2
social norms,10,0.002735229759299781,2
behavior,10,0.002735229759299781,3
microfluidics,10,0.002735229759299781,2
disclosure,10,0.002735229759299781,3
homophobia,10,0.002735229759299781,2
closed-loop supply chain,10,0.002735229759299781,1
pricing,10,0.002735229759299781,1
supply chains,10,0.002735229759299781,1
chesapeake bay,10,0.002735229759299781,2
immigration,10,0.002735229759299781,2
monitoring,10,0.002735229759299781,2
upper bound,10,0.002735229759299781,1
stagewise training strategy,10,0.002735229759299781,1
training data,10,0.002735229759299781,1
foster care,10,0.002735229759299781,2
computational complexity,10,0.002735229759299781,1
patent bubble,10,0.002735229759299781,1
patent inflation,10,0.002735229759299781,1
programming,10,0.002735229759299781,2
optical character recognition software,10,0.002735229759299781,1
risk minimization,10,0.002735229759299781,1
proximal algorithms,10,0.002735229759299781,1
literacy instruction,10,0.002735229759299781,2
twitter,10,0.002735229759299781,2
online consumer reviews (ocrs),10,0.002735229759299781,1
dual-channel,10,0.002735229759299781,1
civil war,10,0.002735229759299781,3
gradient hard thresholding (ght) algorithms,10,0.002735229759299781,1
asian american and pacific islander,10,0.002735229759299781,2
spaceborne radar,10,0.002735229759299781,1
treatment,10,0.002735229759299781,2
social capital,10,0.002735229759299781,3
pest management,10,0.002735229759299781,2
brazil,10,0.002735229759299781,2
i24,10,0.002735229759299781,1
environmental,10,0.002735229759299781,2
imitation,10,0.002735229759299781,2
community development,10,0.002735229759299781,3
health literacy,10,0.002735229759299781,3
mindfulness,10,0.002735229759299781,2
history,9,0.002461706783369803,2
revealed preference,9,0.002461706783369803,2
clf,9,0.002461706783369803,1
center for a livable future,9,0.002461706783369803,1
msm,9,0.002461706783369803,2
stormwater,9,0.002461706783369803,2
gender and family,9,0.002461706783369803,2
snap,9,0.002461706783369803,1
modeling,9,0.002461706783369803,2
accessibility,9,0.002461706783369803,2
transportation projects,9,0.002461706783369803,1
peer victimization,9,0.002461706783369803,2
age,9,0.002461706783369803,1
academic,9,0.002461706783369803,1
recommendation algorithm,9,0.002461706783369803,1
experimentation,9,0.002461706783369803,1
customization,9,0.002461706783369803,1
content,9,0.002461706783369803,1
bandit,9,0.002461706783369803,1
social isolation,9,0.002461706783369803,2
lgbtq plus asian americans,9,0.002461706783369803,1
kpop,9,0.002461706783369803,1
elementary education,9,0.002461706783369803,2
ai,9,0.002461706783369803,1
gender differences,9,0.002461706783369803,2
activism,9,0.002461706783369803,2
women's health,9,0.002461706783369803,2
foreign policy,9,0.002461706783369803,2
graduate students,9,0.002461706783369803,3
social anxiety,9,0.002461706783369803,2
self-administration,9,0.002461706783369803,2
fos,9,0.002461706783369803,2
fandom,9,0.002461706783369803,1
fan labor,9,0.002461706783369803,1
social change,9,0.002461706783369803,2
rehabilitation,9,0.002461706783369803,2
testing effect,9,0.002461706783369803,1
teaching english to speakers of other languages (tesol),9,0.002461706783369803,1
spacing effect,9,0.002461706783369803,1
distributed practice,9,0.002461706783369803,1
integrated,9,0.002461706783369803,1
barriers,9,0.002461706783369803,2
disorders,9,0.002461706783369803,1
functional traits,9,0.002461706783369803,2
social networks,9,0.002461706783369803,2
prevention,9,0.002461706783369803,4
spatial infrastructure,9,0.002461706783369803,1
shortest path finding algorithms,9,0.002461706783369803,1
roundtrip,9,0.002461706783369803,1
immigrant youth,9,0.002461706783369803,2
torque,9,0.002461706783369803,1
robust optimal control,9,0.002461706783369803,1
reactive power,9,0.002461706783369803,1
nonparametric uncertainty,9,0.002461706783369803,1
word recognition,9,0.002461706783369803,2
united states,9,0.002461706783369803,2
narcissism,9,0.002461706783369803,2
word learning,9,0.002461706783369803,1
vocabulary learning,9,0.002461706783369803,1
ethylene signaling,9,0.002461706783369803,1
erf6,9,0.002461706783369803,1
erf016,9,0.002461706783369803,1
ein3,9,0.002461706783369803,1
retrieval practice,9,0.002461706783369803,1
multidomain,9,0.002461706783369803,1
english as a second language (esl),9,0.002461706783369803,1
and co-teaching,9,0.002461706783369803,1
cognition,9,0.002461706783369803,3
system(s),9,0.002461706783369803,1
learning strategies,9,0.002461706783369803,1
instruction,9,0.002461706783369803,1
content area,9,0.002461706783369803,1
lgbtq issues,9,0.002461706783369803,1
depressive symptoms,9,0.002461706783369803,2
mediation,9,0.002461706783369803,2
cortical thickness,9,0.002461706783369803,2
family systems and functioning,9,0.002461706783369803,1
community practice,9,0.002461706783369803,1
services of care,9,0.002461706783369803,1
interagency,9,0.002461706783369803,1
mental health and differential diagnoses,9,0.002461706783369803,1
reading comprehension,9,0.002461706783369803,2
emotion,9,0.002461706783369803,2
rpw8,9,0.002461706783369803,1
powdery mildew,9,0.002461706783369803,1
ora59,9,0.002461706783369803,1
health equity,9,0.002461706783369803,2
government,9,0.002461706783369803,2
disasters,9,0.002461706783369803,2
kernel,9,0.002461706783369803,1
hilbert space,9,0.002461706783369803,1
chance constraints,9,0.002461706783369803,1
road networks,9,0.002461706783369803,1
schedules,9,0.002461706783369803,1
risk management,9,0.002461706783369803,1
risk breakdown structure,9,0.002461706783369803,1
registers,9,0.002461706783369803,1
data analytics,9,0.002461706783369803,1
bit error rate,9,0.002461706783369803,1
action sequence,9,0.002461706783369803,2
eil1,9,0.002461706783369803,1
regression analysis,9,0.002461706783369803,1
referenceusa,9,0.002461706783369803,1
maryland,9,0.002461706783369803,1
geospatial food access,9,0.002461706783369803,1
child development,9,0.002461706783369803,2
food retailer data sources,9,0.002461706783369803,1
pickup,9,0.002461706783369803,1
package delivery,9,0.002461706783369803,1
nearest neighbours,9,0.002461706783369803,1
erin dowdy,9,0.002461706783369803,2
college access,9,0.002461706783369803,2
landmarks,9,0.002461706783369803,1
drop-off,9,0.002461706783369803,1
detours,9,0.002461706783369803,1
aco4,9,0.002461706783369803,1
1,9,0.002461706783369803,1
subjects of practice,9,0.002461706783369803,1
testing,9,0.002461706783369803,2
conservation,9,0.002461706783369803,2
school social workers,9,0.002461706783369803,2
food environment,9,0.002461706783369803,1
modes of practice,9,0.002461706783369803,1
methods and analytics,9,0.002461706783369803,1
child,9,0.002461706783369803,2
adolescent,9,0.002461706783369803,2
sexual orientation,9,0.002461706783369803,2
computational methods,9,0.002461706783369803,2
literature review,9,0.002461706783369803,2
trauma,9,0.002461706783369803,2
imaging,9,0.002461706783369803,2
adversity,9,0.002461706783369803,2
chronic disease,9,0.002461706783369803,2
lgb,8,0.002188183807439825,2
conspiratorial thinking,8,0.002188183807439825,1
communicative action,8,0.002188183807439825,1
cognitive retrogression,8,0.002188183807439825,1
cognitive arrest,8,0.002188183807439825,1
stratification,8,0.002188183807439825,2
smart cities,8,0.002188183807439825,2
peer influence,8,0.002188183807439825,2
literacy,8,0.002188183807439825,3
homophily,8,0.002188183807439825,2
emerging adulthood,8,0.002188183807439825,2
civil society,8,0.002188183807439825,2
information,8,0.002188183807439825,1
lay informatics,8,0.002188183807439825,1
problem solving,8,0.002188183807439825,1
publics,8,0.002188183807439825,1
situational theory of problem solving,8,0.002188183807439825,1
joint modeling,8,0.002188183807439825,2
homelessness,8,0.002188183807439825,2
thematic analysis,8,0.002188183807439825,2
parenting intervention,8,0.002188183807439825,2
sensitivity analysis,8,0.002188183807439825,2
university students,8,0.002188183807439825,2
bayesian network,8,0.002188183807439825,2
bisexual,8,0.002188183807439825,1
trans and queer center(ed) diversity work,8,0.002188183807439825,1
housing,8,0.002188183807439825,2
light rail transit,8,0.002188183807439825,2
family violence,8,0.002188183807439825,2
reliability,8,0.002188183807439825,2
music,8,0.002188183807439825,2
memory,8,0.002188183807439825,2
environmental justice,8,0.002188183807439825,2
distance transform algorithm,8,0.002188183807439825,2
eui kyung kim,8,0.002188183807439825,2
psychological distress,8,0.002188183807439825,2
ignition,8,0.002188183807439825,2
alternative licensure and certification,8,0.002188183807439825,1
evaluation and assessment,8,0.002188183807439825,1
teacher characteristics,8,0.002188183807439825,1
teacher retention,8,0.002188183807439825,1
career development,8,0.002188183807439825,1
breast cancer,8,0.002188183807439825,2
teacher preparation,8,0.002188183807439825,1
teacher quality,8,0.002188183807439825,1
preparation,8,0.002188183807439825,2
scheduling,8,0.002188183807439825,2
kinetics,8,0.002188183807439825,2
teacher retention and turnover,8,0.002188183807439825,1
critical theory,8,0.002188183807439825,1
descriptive analysis,8,0.002188183807439825,1
longitudinal studies,8,0.002188183807439825,1
parental support,8,0.002188183807439825,2
complicated grief,8,0.002188183807439825,1
continuing bonds,8,0.002188183807439825,1
grief,8,0.002188183807439825,1
posttraumatic growth,8,0.002188183807439825,1
qualitative analysis,8,0.002188183807439825,2
gentrification,8,0.002188183807439825,2
truncated newton algorithm,8,0.002188183807439825,1
trust-region algorithm,8,0.002188183807439825,1
sentence processing,8,0.002188183807439825,2
critical communication pedagogy,8,0.002188183807439825,2
disease,8,0.002188183807439825,2
multilevel models,8,0.002188183807439825,2
methodology,8,0.002188183807439825,2
smartphones,8,0.002188183807439825,2
adverse childhood experiences (aces),8,0.002188183807439825,2
masculinity,8,0.002188183807439825,2
socioeconomic status,8,0.002188183807439825,2
a,8,0.002188183807439825,1
biracial,8,0.002188183807439825,1
mentoring,8,0.002188183807439825,3
bullying,8,0.002188183807439825,2
analytic rotation,8,0.002188183807439825,1
conjugate gradient algorithm,8,0.002188183807439825,1
exploratory factor analysis,8,0.002188183807439825,1
gradient descent algorithm,8,0.002188183807439825,1
community health promotion,8,0.002188183807439825,1
general terms,8,0.002188183807439825,1
health promotion,8,0.002188183807439825,1
population groups,8,0.002188183807439825,1
review,8,0.002188183807439825,2
time use,8,0.002188183807439825,2
hispanic,8,0.002188183807439825,1
youth,8,0.002188183807439825,2
finite differences,8,0.002188183807439825,2
simultaneous perturbation,8,0.002188183807439825,2
stochastic approximation,8,0.002188183807439825,2
surveillance data,8,0.002188183807439825,1
x,8,0.002188183807439825,1
reproductive rights,8,0.002188183807439825,2
public relations,8,0.002188183807439825,2
urban,8,0.002188183807439825,2
virtual reality,8,0.002188183807439825,2
desistance,8,0.002188183807439825,2
acculturation,8,0.002188183807439825,2
marriage,8,0.002188183807439825,2
counterterrorism,8,0.002188183807439825,2
political polarization,8,0.002188183807439825,2
quantitative methods,8,0.002188183807439825,1
smoking and tobacco use,8,0.002188183807439825,1
tobacco control and policy,8,0.002188183807439825,1
online algorithms,8,0.002188183807439825,2
gradient projection algorithm,8,0.002188183807439825,1
matrix manifold,8,0.002188183807439825,1
riemannian optimization,8,0.002188183807439825,1
leader-member exchange,8,0.002188183807439825,2
inequality,8,0.002188183807439825,2
gdpr,8,0.002188183807439825,2
diversity work,8,0.002188183807439825,1
gay,8,0.002188183807439825,1
lesbian,8,0.002188183807439825,1
queer,8,0.002188183807439825,1
queer centers,8,0.002188183807439825,1
working alliance,8,0.002188183807439825,2
social network analysis,7,0.0019146608315098468,2
solar and heat radiation models,7,0.0019146608315098468,1
solar infrared radiations stations (sirs),7,0.0019146608315098468,1
secondary markets,7,0.0019146608315098468,1
campaign contributions,7,0.0019146608315098468,1
campaign strategy,7,0.0019146608315098468,1
digital strategy,7,0.0019146608315098468,1
sleep quality,7,0.0019146608315098468,2
customer reviews,7,0.0019146608315098468,1
maternal depressive symptoms,7,0.0019146608315098468,2
black families,7,0.0019146608315098468,2
oral anticancer agents,7,0.0019146608315098468,1
oral anticancer therapy,7,0.0019146608315098468,1
mechanistic-empirical asphalt pavement analysis (meapa),7,0.0019146608315098468,1
pavement distress analyses,7,0.0019146608315098468,1
pavement me design (pmed),7,0.0019146608315098468,1
african american,7,0.0019146608315098468,2
processes of care,7,0.0019146608315098468,1
survival,7,0.0019146608315098468,1
tele-ed,7,0.0019146608315098468,1
dual language,7,0.0019146608315098468,1
home-based literacy,7,0.0019146608315098468,1
integer programming,7,0.0019146608315098468,2
forest disturbance,7,0.0019146608315098468,2
auctions,7,0.0019146608315098468,1
durable goods,7,0.0019146608315098468,1
involvement,7,0.0019146608315098468,1
mobile phones,7,0.0019146608315098468,1
reference prices,7,0.0019146608315098468,1
charitable giving,7,0.0019146608315098468,1
income inequality,7,0.0019146608315098468,1
neutrality,7,0.0019146608315098468,1
public goods provision,7,0.0019146608315098468,1
redistribution,7,0.0019146608315098468,1
tax,7,0.0019146608315098468,1
waste,7,0.0019146608315098468,1
scoping review,7,0.0019146608315098468,1
serm,7,0.0019146608315098468,1
parent engagement,7,0.0019146608315098468,1
social validity,7,0.0019146608315098468,1
police violence,7,0.0019146608315098468,2
critical data studies,7,0.0019146608315098468,1
small,7,0.0019146608315098468,1
structure,7,0.0019146608315098468,1
political participation,7,0.0019146608315098468,1
small donations,7,0.0019146608315098468,1
cyberbullying,7,0.0019146608315098468,1
samuel y,7,0.0019146608315098468,1
song,7,0.0019146608315098468,1
school,7,0.0019146608315098468,2
intergenerational communication,7,0.0019146608315098468,2
qualitative research,7,0.0019146608315098468,2
lgbtq plus,7,0.0019146608315098468,2
early childhood education,7,0.0019146608315098468,2
land use,7,0.0019146608315098468,2
deformation recoverability,7,0.0019146608315098468,1
energy analysis,7,0.0019146608315098468,1
full-scale test,7,0.0019146608315098468,1
tissue engineering,7,0.0019146608315098468,1
joint opening,7,0.0019146608315098468,1
longitudinal joint,7,0.0019146608315098468,1
shield tunnel,7,0.0019146608315098468,1
soil grouting,7,0.0019146608315098468,1
biomaterials,7,0.0019146608315098468,1
clinical translation,7,0.0019146608315098468,1
company,7,0.0019146608315098468,1
industry,7,0.0019146608315098468,1
market,7,0.0019146608315098468,1
regenerative medicine,7,0.0019146608315098468,1
stem cells,7,0.0019146608315098468,1
coding rnas,7,0.0019146608315098468,1
diabetic wounds,7,0.0019146608315098468,1
agent-based modeling,7,0.0019146608315098468,1
counterfeit,7,0.0019146608315098468,1
critical systems,7,0.0019146608315098468,1
hepatitis b virus,7,0.0019146608315098468,1
molecule screen,7,0.0019146608315098468,1
nmr spectroscopy,7,0.0019146608315098468,1
rna,7,0.0019146608315098468,1
rna dynamics,7,0.0019146608315098468,1
diminishing manufacturing sources and material shortages (dmsms),7,0.0019146608315098468,1
electronic components,7,0.0019146608315098468,1
illicit networks,7,0.0019146608315098468,1
obsolescence,7,0.0019146608315098468,1
biogeochemical model,7,0.0019146608315098468,1
chester river estuary,7,0.0019146608315098468,1
email,7,0.0019146608315098468,1
political campaigns,7,0.0019146608315098468,1
intervention,7,0.0019146608315098468,2
infancy,7,0.0019146608315098468,2
world athletics,7,0.0019146608315098468,1
excisional wounds,7,0.0019146608315098468,1
exosomes,7,0.0019146608315098468,1
hotair,7,0.0019146608315098468,1
long non‐,7,0.0019146608315098468,1
mesenchymal stem,7,0.0019146608315098468,1
stromal cells,7,0.0019146608315098468,1
supply chain,7,0.0019146608315098468,1
displacement,7,0.0019146608315098468,2
online tracking,7,0.0019146608315098468,1
adtech,7,0.0019146608315098468,1
contextual integrity,7,0.0019146608315098468,1
fast-food restaurants,7,0.0019146608315098468,1
learning,7,0.0019146608315098468,2
student relationship,7,0.0019146608315098468,1
teacher–,7,0.0019146608315098468,1
dualisms,7,0.0019146608315098468,1
foucault,7,0.0019146608315098468,1
international olympic committee,7,0.0019146608315098468,1
deforestation,7,0.0019146608315098468,1
global environment facility,7,0.0019146608315098468,1
land cover change,7,0.0019146608315098468,1
nasa develop,7,0.0019146608315098468,1
protected areas,7,0.0019146608315098468,1
real relationship,7,0.0019146608315098468,2
meat,7,0.0019146608315098468,2
digital advertising,7,0.0019146608315098468,1
planes,7,0.0019146608315098468,1
plans,7,0.0019146608315098468,1
regulaciones,7,0.0019146608315098468,1
regulations,7,0.0019146608315098468,1
sig (sistema de informacion geografica),7,0.0019146608315098468,1
tecnologia de la informacion,7,0.0019146608315098468,1
physical health,7,0.0019146608315098468,1
arab region,7,0.0019146608315098468,1
asia,7,0.0019146608315098468,1
patient outcomes,7,0.0019146608315098468,1
citizenship,7,0.0019146608315098468,1
food insecurity,7,0.0019146608315098468,1
health disparity,7,0.0019146608315098468,1
latinx immigrants,7,0.0019146608315098468,1
therapeutic relationship,7,0.0019146608315098468,2
latinx,7,0.0019146608315098468,2
word-of-mouth,7,0.0019146608315098468,1
two-sided platforms,7,0.0019146608315098468,1
sexual and gender minority,7,0.0019146608315098468,2
social ties,7,0.0019146608315098468,2
heterogeneity,7,0.0019146608315098468,2
total maximum daily loading (tmdl) < water quality,7,0.0019146608315098468,1
video-based intervention,7,0.0019146608315098468,2
vegan,7,0.0019146608315098468,2
vegetarianism,7,0.0019146608315098468,2
critical language awareness,7,0.0019146608315098468,2
regional planning,7,0.0019146608315098468,2
couples,7,0.0019146608315098468,1
dyadic coping,7,0.0019146608315098468,1
partner support,7,0.0019146608315098468,1
romantic partners,7,0.0019146608315098468,1
tele-icu,7,0.0019146608315098468,1
telehealth,7,0.0019146608315098468,1
and cultural factors in health,7,0.0019146608315098468,1
ethnic,7,0.0019146608315098468,1
ambient temperatures,7,0.0019146608315098468,1
co2 emissions,7,0.0019146608315098468,1
community violence,7,0.0019146608315098468,1
cultural contexts,7,0.0019146608315098468,1
domestic,7,0.0019146608315098468,1
glbt,7,0.0019146608315098468,1
violence against,7,0.0019146608315098468,1
leaching,7,0.0019146608315098468,2
parental depression,7,0.0019146608315098468,2
sexual violence,7,0.0019146608315098468,2
threat,7,0.0019146608315098468,2
reciprocal,7,0.0019146608315098468,2
teen parenting,7,0.0019146608315098468,2
platforms,7,0.0019146608315098468,1
civil wars,7,0.0019146608315098468,2
incarceration,7,0.0019146608315098468,2
behavioral health,7,0.0019146608315098468,2
asian american,7,0.0019146608315098468,2
maximum likelihood estimation,7,0.0019146608315098468,1
mitigation policies,7,0.0019146608315098468,1
ocean acidification,7,0.0019146608315098468,1
ocean deoxygenation,7,0.0019146608315098468,1
socioeconomic factors,7,0.0019146608315098468,1
contaminant transport,7,0.0019146608315098468,2
climate variability/change < climate,7,0.0019146608315098468,1
estuaries < geography,7,0.0019146608315098468,1
eutrophication < ecology,7,0.0019146608315098468,1
metabolism,7,0.0019146608315098468,1
public health,7,0.0019146608315098468,2
productivity,7,0.0019146608315098468,2
oral chemotherapy,7,0.0019146608315098468,1
patient counselling,7,0.0019146608315098468,1
patient education,7,0.0019146608315098468,1
patient-physician communication,7,0.0019146608315098468,1
mental health literacy,7,0.0019146608315098468,2
local business,7,0.0019146608315098468,1
multilevel model,7,0.0019146608315098468,1
gendered inequalities,7,0.0019146608315098468,1
job satisfaction,7,0.0019146608315098468,1
information technology,7,0.0019146608315098468,1
prejudice,6,0.0016411378555798686,2
well-being,6,0.0016411378555798686,2
o33,6,0.0016411378555798686,1
oil price,6,0.0016411378555798686,1
nativity,6,0.0016411378555798686,2
regression,6,0.0016411378555798686,2
inter-trial phase coherence (itpc),6,0.0016411378555798686,1
inter-trial variability,6,0.0016411378555798686,1
loudness discomfort,6,0.0016411378555798686,1
neural noise,6,0.0016411378555798686,1
sensory processing,6,0.0016411378555798686,1
california,6,0.0016411378555798686,1
federal budget,6,0.0016411378555798686,1
russia,6,0.0016411378555798686,1
ukraine,6,0.0016411378555798686,1
us congress,6,0.0016411378555798686,1
immigrant health,6,0.0016411378555798686,2
solitary,6,0.0016411378555798686,1
accrual budgeting,6,0.0016411378555798686,1
budget transparency,6,0.0016411378555798686,1
congressional budgeting,6,0.0016411378555798686,1
i21,6,0.0016411378555798686,1
i28,6,0.0016411378555798686,1
o1,6,0.0016411378555798686,1
primary education,6,0.0016411378555798686,1
blinding,6,0.0016411378555798686,1
geosynthetics,6,0.0016411378555798686,1
geotextile,6,0.0016411378555798686,1
permittivity,6,0.0016411378555798686,1
federal budgeting,6,0.0016411378555798686,1
fiscal rules,6,0.0016411378555798686,1
multi-year budgeting,6,0.0016411378555798686,1
habitus,6,0.0016411378555798686,1
help-seeking,6,0.0016411378555798686,1
parent,6,0.0016411378555798686,1
pediatric,6,0.0016411378555798686,1
psychosocial,6,0.0016411378555798686,1
social determinants of health,6,0.0016411378555798686,1
cultural adaptation,6,0.0016411378555798686,2
english medium instruction,6,0.0016411378555798686,1
identity management,6,0.0016411378555798686,2
test scores,6,0.0016411378555798686,1
physical clogging,6,0.0016411378555798686,1
recycled materials,6,0.0016411378555798686,1
retention,6,0.0016411378555798686,1
"r, r3, r31, c, c2, c21, d4, j",6,0.0016411378555798686,1
spatial regression modelling,6,0.0016411378555798686,1
spillovers,6,0.0016411378555798686,1
transit-oriented development,6,0.0016411378555798686,1
information acquisition,6,0.0016411378555798686,2
smoke yield,6,0.0016411378555798686,1
us federal government,6,0.0016411378555798686,1
sports facility subsidization,6,0.0016411378555798686,1
urban development,6,0.0016411378555798686,1
mpowerment,6,0.0016411378555798686,1
prep,6,0.0016411378555798686,1
rebel governance,6,0.0016411378555798686,2
collaboration for students with mild disabilities,6,0.0016411378555798686,1
intervention(s),6,0.0016411378555798686,1
vicarious racism,6,0.0016411378555798686,1
first-year college students,6,0.0016411378555798686,1
interventions,6,0.0016411378555798686,1
science identity,6,0.0016411378555798686,1
stem education,6,0.0016411378555798686,1
undergraduate research,6,0.0016411378555798686,1
life stress,6,0.0016411378555798686,1
heat of combustion,6,0.0016411378555798686,1
heat release rate,6,0.0016411378555798686,1
influenza symptomatology,6,0.0016411378555798686,1
influenza transmission,6,0.0016411378555798686,1
viral aerosols,6,0.0016411378555798686,1
spirituality,6,0.0016411378555798686,2
prosocial,6,0.0016411378555798686,1
video modeling,6,0.0016411378555798686,2
preservice teacher education,6,0.0016411378555798686,1
habit formation,6,0.0016411378555798686,1
multifamily housing,6,0.0016411378555798686,1
goal programming,6,0.0016411378555798686,1
"washington, dc",6,0.0016411378555798686,1
material flammability,6,0.0016411378555798686,1
mcc,6,0.0016411378555798686,1
mfc,6,0.0016411378555798686,1
topic model,6,0.0016411378555798686,1
self-harm,6,0.0016411378555798686,1
barriers to access,6,0.0016411378555798686,1
ethnography,6,0.0016411378555798686,1
hard-to-reach,6,0.0016411378555798686,1
continuous glucose monitoring,6,0.0016411378555798686,1
digital health,6,0.0016411378555798686,1
pattern/event detection,6,0.0016411378555798686,1
ahp,6,0.0016411378555798686,1
curve fitting,6,0.0016411378555798686,1
dea,6,0.0016411378555798686,1
discriminant analysis,6,0.0016411378555798686,1
game theory,6,0.0016411378555798686,1
practice,6,0.0016411378555798686,2
lexical strategies,6,0.0016411378555798686,1
russian,6,0.0016411378555798686,1
no-wait policy,6,0.0016411378555798686,1
nonlinear cost structures,6,0.0016411378555798686,1
shipment consolidation,6,0.0016411378555798686,1
network governance,6,0.0016411378555798686,1
sport policy,6,0.0016411378555798686,1
and social services,6,0.0016411378555798686,1
evidence based practices,6,0.0016411378555798686,1
implementation frameworks,6,0.0016411378555798686,1
implementation strategies,6,0.0016411378555798686,1
research-supported interventions child welfare,6,0.0016411378555798686,1
ailaoshan,6,0.0016411378555798686,1
baseball stadiums,6,0.0016411378555798686,1
keynesianism,6,0.0016411378555798686,1
cone calorimetry,6,0.0016411378555798686,1
belt and road initiative (bri),6,0.0016411378555798686,1
infrastructure,6,0.0016411378555798686,1
human challenge model,6,0.0016411378555798686,1
civic,6,0.0016411378555798686,1
middle east,6,0.0016411378555798686,1
design based,6,0.0016411378555798686,1
empirical likelihood,6,0.0016411378555798686,1
model assisted,6,0.0016411378555798686,1
academic librarians,6,0.0016411378555798686,1
educational technology,6,0.0016411378555798686,1
prenatal,6,0.0016411378555798686,1
hidden populations,6,0.0016411378555798686,1
prisons,6,0.0016411378555798686,1
audit study,6,0.0016411378555798686,1
healthcare workers,6,0.0016411378555798686,1
posttraumatic stress,6,0.0016411378555798686,1
first-due-first-delivered policy,6,0.0016411378555798686,1
long-haul and short-haul shipping,6,0.0016411378555798686,1
burnout,6,0.0016411378555798686,2
multilingual learners,6,0.0016411378555798686,1
scaffolding,6,0.0016411378555798686,1
teacher discourse,6,0.0016411378555798686,1
bacillus thuringiensis,6,0.0016411378555798686,1
ecology,6,0.0016411378555798686,1
natural conservation,6,0.0016411378555798686,1
virus,6,0.0016411378555798686,1
difficulty,6,0.0016411378555798686,1
prison education,6,0.0016411378555798686,2
latina,6,0.0016411378555798686,1
middle eastern,6,0.0016411378555798686,1
heterosexism,6,0.0016411378555798686,1
implicit bias,6,0.0016411378555798686,1
mental health barriers,6,0.0016411378555798686,1
experimental inoculation,6,0.0016411378555798686,1
finnish,6,0.0016411378555798686,1
heritage language,6,0.0016411378555798686,1
fairness,6,0.0016411378555798686,1
multiclass queueing with abandonments,6,0.0016411378555798686,1
priority scheduling,6,0.0016411378555798686,1
resource allocation,6,0.0016411378555798686,1
scarce ventilator capacity,6,0.0016411378555798686,1
model based,6,0.0016411378555798686,1
model calibrated,6,0.0016411378555798686,1
showrooming,6,0.0016411378555798686,1
subscription business,6,0.0016411378555798686,1
6,6,0.0016411378555798686,1
c57bl,6,0.0016411378555798686,1
neonatal abstinence syndrome,6,0.0016411378555798686,1
opiates,6,0.0016411378555798686,1
postnatal,6,0.0016411378555798686,1
relative growth rate,6,0.0016411378555798686,1
central limit theorem,6,0.0016411378555798686,1
sleep,6,0.0016411378555798686,2
mouse movements,6,0.0016411378555798686,1
supervised learning models,6,0.0016411378555798686,1
integrated circuit modeling,6,0.0016411378555798686,1
rail transportation,6,0.0016411378555798686,1
roads,6,0.0016411378555798686,1
web surveys,6,0.0016411378555798686,1
health communication,6,0.0016411378555798686,2
ex ante and ex post extraction,6,0.0016411378555798686,1
free-riding,6,0.0016411378555798686,1
predictive analytics,6,0.0016411378555798686,1
ship-then-shop,6,0.0016411378555798686,1
collocations,6,0.0016411378555798686,1
english,6,0.0016411378555798686,1
thermal boundary resistance,6,0.0016411378555798686,1
and governance (esg) reporting,6,0.0016411378555798686,1
disagreement,6,0.0016411378555798686,1
esg rating agencies,6,0.0016411378555798686,1
restorative justice conferences,6,0.0016411378555798686,1
small work groups,6,0.0016411378555798686,1
treatment providers,6,0.0016411378555798686,1
bacterial infections,6,0.0016411378555798686,1
carbon nanotube,6,0.0016411378555798686,1
carbon quantum dot,6,0.0016411378555798686,1
graphene oxide quantum dot,6,0.0016411378555798686,1
graphene quantum dots,6,0.0016411378555798686,1
photodynamic therapy,6,0.0016411378555798686,1
determinants of plant community diversity and structure,6,0.0016411378555798686,1
heterospecific,6,0.0016411378555798686,1
janzen-connell hypothesis,6,0.0016411378555798686,1
permanent crops,6,0.0016411378555798686,1
american prison writing archive,6,0.0016411378555798686,1
confinement,6,0.0016411378555798686,1
thermal management,6,0.0016411378555798686,1
differential predisposition,6,0.0016411378555798686,1
external validity,6,0.0016411378555798686,1
partial random assignment,6,0.0016411378555798686,1
coping motives,6,0.0016411378555798686,1
hazardous drinking,6,0.0016411378555798686,1
intersectional oppression,6,0.0016411378555798686,1
sex,6,0.0016411378555798686,1
microaggressions,6,0.0016411378555798686,1
sexual and gender minority adolescents of color,6,0.0016411378555798686,1
diamond,6,0.0016411378555798686,1
interface engineering,6,0.0016411378555798686,1
moore's law,6,0.0016411378555798686,1
importance sampling,6,0.0016411378555798686,1
monte carlo simulation,6,0.0016411378555798686,1
quantile estimation,6,0.0016411378555798686,1
stochastic root finding,6,0.0016411378555798686,1
antibiotic resistance,6,0.0016411378555798686,1
"""this is not a game""",6,0.0016411378555798686,1
alternative reality games,6,0.0016411378555798686,1
participatory narratives,6,0.0016411378555798686,1
pervasive games,6,0.0016411378555798686,1
survey validation,6,0.0016411378555798686,1
tinag,6,0.0016411378555798686,1
virtual environmentsprisma methodology,6,0.0016411378555798686,1
models in sample design,6,0.0016411378555798686,1
nonprobability samples,6,0.0016411378555798686,1
groundwater,6,0.0016411378555798686,1
irrigation,6,0.0016411378555798686,1
q40,6,0.0016411378555798686,1
renewable energy,6,0.0016411378555798686,1
employment,6,0.0016411378555798686,2
instructional designers,6,0.0016411378555798686,1
learning analytics,6,0.0016411378555798686,1
blood vessels,6,0.0016411378555798686,1
endothelial-immune cell interactions,6,0.0016411378555798686,1
chicken,6,0.0016411378555798686,2
public diplomacy,6,0.0016411378555798686,1
theory of planned behavior,6,0.0016411378555798686,1
appropriations,6,0.0016411378555798686,1
budgeting,6,0.0016411378555798686,1
defence budgeting,6,0.0016411378555798686,1
adaptive algorithms,6,0.0016411378555798686,1
explanation,6,0.0016411378555798686,2
viral shedding,6,0.0016411378555798686,1
instructional practices,6,0.0016411378555798686,1
instructional techniques,6,0.0016411378555798686,1
prior knowledge activation,6,0.0016411378555798686,1
student knowledge,6,0.0016411378555798686,1
text comprehension,6,0.0016411378555798686,1
electroencephalography,6,0.0016411378555798686,1
intermediaries,6,0.0016411378555798686,1
voluntary disclosure,6,0.0016411378555798686,1
crisis,6,0.0016411378555798686,1
prison,6,0.0016411378555798686,1
ultra-wide-bandgap,6,0.0016411378555798686,1
wide-bandgap,6,0.0016411378555798686,1
department of state,6,0.0016411378555798686,1
evaluation,6,0.0016411378555798686,1
student privacy,6,0.0016411378555798686,1
q02,6,0.0016411378555798686,1
emergency communication,6,0.0016411378555798686,1
short message alert,6,0.0016411378555798686,1
social science,6,0.0016411378555798686,1
wireless emergency alert,6,0.0016411378555798686,1
extracellular matrix,6,0.0016411378555798686,1
homeostasis,6,0.0016411378555798686,1
in vitro model,6,0.0016411378555798686,1
lymphatic vessels,6,0.0016411378555798686,1
developing countries,6,0.0016411378555798686,1
hot spots,6,0.0016411378555798686,1
myanmar amber,6,0.0016411378555798686,1
phylogeny,6,0.0016411378555798686,1
scorpionfly,6,0.0016411378555798686,1
compassion meditation,6,0.0016411378555798686,1
agriculture,6,0.0016411378555798686,1
energy transition,6,0.0016411378555798686,1
structural violence,6,0.0016411378555798686,1
uganda,6,0.0016411378555798686,1
compassion training,6,0.0016411378555798686,1
pre-session centering,6,0.0016411378555798686,1
psychotherapy process,6,0.0016411378555798686,1
therapeutic presence,6,0.0016411378555798686,1
therapist training,6,0.0016411378555798686,1
diet,6,0.0016411378555798686,1
earwigfly,6,0.0016411378555798686,1
mecoptera,6,0.0016411378555798686,1
fire engineering,6,0.0016411378555798686,1
human behavior,6,0.0016411378555798686,1
family stress model,6,0.0016411378555798686,1
parental mental health,6,0.0016411378555798686,1
sense of purpose,6,0.0016411378555798686,1
predictive policing,6,0.0016411378555798686,1
health status,5,0.0013676148796498905,1
celebrity,5,0.0013676148796498905,1
football,5,0.0013676148796498905,1
national politics,5,0.0013676148796498905,1
nationalism,5,0.0013676148796498905,1
ground-based weather stations (gbws),5,0.0013676148796498905,1
north american regional reanalysis (narr),5,0.0013676148796498905,1
pavement analyses,5,0.0013676148796498905,1
mobile crisis response,5,0.0013676148796498905,1
neighborhood opportunity,5,0.0013676148796498905,1
opportunity inequality,5,0.0013676148796498905,1
psychiatric emergencies,5,0.0013676148796498905,1
clinical ethics,5,0.0013676148796498905,1
anopheles,5,0.0013676148796498905,1
r,5,0.0013676148796498905,1
process theory,5,0.0013676148796498905,1
coding,5,0.0013676148796498905,1
sovereignty,5,0.0013676148796498905,1
self-rule,5,0.0013676148796498905,1
self-determination,5,0.0013676148796498905,1
referendum,5,0.0013676148796498905,1
independence,5,0.0013676148796498905,1
autonomy,5,0.0013676148796498905,1
giving circles,5,0.0013676148796498905,1
funder-grantee relationship,5,0.0013676148796498905,1
donor control,5,0.0013676148796498905,1
philanthropy,5,0.0013676148796498905,1
math errors,5,0.0013676148796498905,1
credentialism,5,0.0013676148796498905,1
purple line,5,0.0013676148796498905,1
network effects,5,0.0013676148796498905,1
hedonic,5,0.0013676148796498905,1
word order,5,0.0013676148796498905,1
psycholinguistics,5,0.0013676148796498905,1
passive,5,0.0013676148796498905,1
information structure,5,0.0013676148796498905,1
eyetracking,5,0.0013676148796498905,1
reactive control,5,0.0013676148796498905,1
proactive control,5,0.0013676148796498905,1
ax-cpt,5,0.0013676148796498905,1
acetaminophen,5,0.0013676148796498905,1
radio,5,0.0013676148796498905,1
media archaeology,5,0.0013676148796498905,1
mass media,5,0.0013676148796498905,1
mass consumerism,5,0.0013676148796498905,1
assistive technologies,5,0.0013676148796498905,1
soft robots,5,0.0013676148796498905,1
shape memory alloys,5,0.0013676148796498905,1
montmorillonite nanostructures,5,0.0013676148796498905,1
storytelling,5,0.0013676148796498905,1
politics,5,0.0013676148796498905,1
severity,5,0.0013676148796498905,1
colony loss,5,0.0013676148796498905,1
hydrogels,5,0.0013676148796498905,1
flame-retardant materials,5,0.0013676148796498905,1
materials design,5,0.0013676148796498905,1
electrolyte,5,0.0013676148796498905,1
electrode,5,0.0013676148796498905,1
computation,5,0.0013676148796498905,1
batteries,5,0.0013676148796498905,1
repeat-sales approach,5,0.0013676148796498905,1
treatment efficacy,5,0.0013676148796498905,1
wheeled mobility,5,0.0013676148796498905,1
smart wheelchairs,5,0.0013676148796498905,1
slam,5,0.0013676148796498905,1
human-machine systems,5,0.0013676148796498905,1
assistive technology,5,0.0013676148796498905,1
benefits,5,0.0013676148796498905,1
stare,5,0.0013676148796498905,1
integration,5,0.0013676148796498905,1
dggs,5,0.0013676148796498905,1
data fusion,5,0.0013676148796498905,1
language status planning,5,0.0013676148796498905,1
language policy,5,0.0013676148796498905,1
indigenous,5,0.0013676148796498905,1
people with disabilities,5,0.0013676148796498905,1
attribution,5,0.0013676148796498905,1
family court,5,0.0013676148796498905,1
consensus statement,5,0.0013676148796498905,1
child protection,5,0.0013676148796498905,1
child custody,5,0.0013676148796498905,1
best interests of the child,5,0.0013676148796498905,1
attachment theory,5,0.0013676148796498905,1
moderators,5,0.0013676148796498905,1
custodial grandmothers,5,0.0013676148796498905,1
cognitive behavioral therapy,5,0.0013676148796498905,1
behavior parent training,5,0.0013676148796498905,1
spring,5,0.0013676148796498905,1
snowmelt,5,0.0013676148796498905,1
phenology,5,0.0013676148796498905,1
modis,5,0.0013676148796498905,1
bioinspired robots,5,0.0013676148796498905,1
usability,5,0.0013676148796498905,1
ekeland variational principle,5,0.0013676148796498905,1
compressible navier-stokes,5,0.0013676148796498905,1
sexism,5,0.0013676148796498905,1
rape myths,5,0.0013676148796498905,1
newsrooms,5,0.0013676148796498905,1
summer learning loss,5,0.0013676148796498905,1
hierarchical linear modeling,5,0.0013676148796498905,1
identity concealment,5,0.0013676148796498905,1
familial rejection,5,0.0013676148796498905,1
sexual misconduct,5,0.0013676148796498905,1
academia,5,0.0013676148796498905,1
#metoo movement,5,0.0013676148796498905,1
prospectus,5,0.0013676148796498905,1
futures,5,0.0013676148796498905,1
black lives matter,5,0.0013676148796498905,1
gendered norms,5,0.0013676148796498905,1
climate indices,5,0.0013676148796498905,1
endogenous consumption,5,0.0013676148796498905,1
analytical models,5,0.0013676148796498905,1
advertising,5,0.0013676148796498905,1
test effort,5,0.0013676148796498905,1
shadow education,5,0.0013676148796498905,1
private tutoring,5,0.0013676148796498905,1
kindergarten admissions,5,0.0013676148796498905,1
hong kong,5,0.0013676148796498905,1
education market,5,0.0013676148796498905,1
product line design,5,0.0013676148796498905,1
paywalls,5,0.0013676148796498905,1
state constraint,5,0.0013676148796498905,1
pontryagin maximum principle,5,0.0013676148796498905,1
optimal control,5,0.0013676148796498905,1
necessary conditions,5,0.0013676148796498905,1
quantitative elt research evidence,5,0.0013676148796498905,1
mean,5,0.0013676148796498905,1
average,5,0.0013676148796498905,1
public health system,5,0.0013676148796498905,1
health information exchange,5,0.0013676148796498905,1
accountable care organization,5,0.0013676148796498905,1
simulation optimization,5,0.0013676148796498905,2
optimal learning,5,0.0013676148796498905,2
water quality,5,0.0013676148796498905,1
mississippi,5,0.0013676148796498905,1
cafos,5,0.0013676148796498905,1
air quality,5,0.0013676148796498905,1
satellite-based soil moisture and evaporation,5,0.0013676148796498905,1
reservoir inflow forecast,5,0.0013676148796498905,1
multi-model ensemble,5,0.0013676148796498905,1
dynamic climate forecast,5,0.0013676148796498905,1
jair bolsonaro,5,0.0013676148796498905,1
research ethics committees,5,0.0013676148796498905,1
behavioral inhibition,5,0.0013676148796498905,1
predictors of engagement,5,0.0013676148796498905,1
multi-delivery method,5,0.0013676148796498905,1
latino parents and adolescents,5,0.0013676148796498905,1
community-based intervention,5,0.0013676148796498905,1
barriers and facilitators,5,0.0013676148796498905,1
identity,5,0.0013676148796498905,2
teacher's attitudes towards bullying,5,0.0013676148796498905,1
espelage,5,0.0013676148796498905,1
dorothy l,5,0.0013676148796498905,1
classroom climate,5,0.0013676148796498905,1
statistical significance,5,0.0013676148796498905,1
statistical reporting,5,0.0013676148796498905,1
statistical interpretation for elt,5,0.0013676148796498905,1
bovb-derived sines,5,0.0013676148796498905,1
adar,5,0.0013676148796498905,1
influence maximization,5,0.0013676148796498905,1
data sharing,5,0.0013676148796498905,1
broad consent,5,0.0013676148796498905,1
biospecimens,5,0.0013676148796498905,1
biobank,5,0.0013676148796498905,1
authoritarianism,5,0.0013676148796498905,1
a-to-g edited clusters,5,0.0013676148796498905,1
separation,5,0.0013676148796498905,1
recovery,5,0.0013676148796498905,1
reactor design,5,0.0013676148796498905,1
biomass,5,0.0013676148796498905,1
biogas,5,0.0013676148796498905,1
anaerobic digestion,5,0.0013676148796498905,1
liberal democracy,5,0.0013676148796498905,1
language diversity,5,0.0013676148796498905,1
nypa fruticans,5,0.0013676148796498905,1
niger delta,5,0.0013676148796498905,1
mangroves,5,0.0013676148796498905,1
gee,5,0.0013676148796498905,1
trees,5,0.0013676148796498905,1
polytope,5,0.0013676148796498905,1
cycles,5,0.0013676148796498905,1
damage assessment,5,0.0013676148796498905,1
transportation planning,5,0.0013676148796498905,1
plan implementation,5,0.0013676148796498905,1
variable cluster analysis,5,0.0013676148796498905,1
social experiences,5,0.0013676148796498905,1
rna editing,5,0.0013676148796498905,1
repetitive elements,5,0.0013676148796498905,1
bovine,5,0.0013676148796498905,1
synthetic opioids,5,0.0013676148796498905,1
overdose,5,0.0013676148796498905,1
opioids,5,0.0013676148796498905,1
fentanyl,5,0.0013676148796498905,1
drug markets,5,0.0013676148796498905,1
north-south divide,5,0.0013676148796498905,1
ngos,5,0.0013676148796498905,1
technological disaster,5,0.0013676148796498905,1
rural,5,0.0013676148796498905,1
housing recovery,5,0.0013676148796498905,1
disaster recovery,5,0.0013676148796498905,1
nucleus accumbens,5,0.0013676148796498905,1
housing condition,5,0.0013676148796498905,1
multilingualism,5,0.0013676148796498905,1
language ideologies,5,0.0013676148796498905,1
language identity,5,0.0013676148796498905,1
humanoid robot,5,0.0013676148796498905,1
post-traumatic growth,5,0.0013676148796498905,1
migration,5,0.0013676148796498905,1
minority students,5,0.0013676148796498905,1
migrant students,5,0.0013676148796498905,1
jorge e,5,0.0013676148796498905,1
gonzalez,5,0.0013676148796498905,1
english-language learners,5,0.0013676148796498905,1
ethics,5,0.0013676148796498905,1
data mining,5,0.0013676148796498905,1
metropolitan planning organizations (mpos),5,0.0013676148796498905,1
greenhouse gas (ghg) emissions,5,0.0013676148796498905,1
social seeking,5,0.0013676148796498905,1
human,5,0.0013676148796498905,1
high-level motor planning,5,0.0013676148796498905,1
cognitive-motor control and learning,5,0.0013676148796498905,1
data protection,5,0.0013676148796498905,1
fathers,5,0.0013676148796498905,1
cohabitation,5,0.0013676148796498905,1
visualization,5,0.0013676148796498905,1
user-study,5,0.0013676148796498905,1
psychology,5,0.0013676148796498905,1
hmd,5,0.0013676148796498905,1
experimental methods,5,0.0013676148796498905,1
ergm,5,0.0013676148796498905,1
alaam,5,0.0013676148796498905,1
hypercholesterolemia,5,0.0013676148796498905,1
latinx youth,5,0.0013676148796498905,1
central american youth,5,0.0013676148796498905,1
organic nitrogen,5,0.0013676148796498905,1
eutrophication,5,0.0013676148796498905,1
institutionalization,5,0.0013676148796498905,1
sexual risk,5,0.0013676148796498905,1
motivated reasoning,5,0.0013676148796498905,1
misinformation,5,0.0013676148796498905,1
fact-checking,5,0.0013676148796498905,1
column adsorption,5,0.0013676148796498905,1
bioretention,5,0.0013676148796498905,1
news framing,5,0.0013676148796498905,1
media framing analysis,5,0.0013676148796498905,1
lebanon uprising,5,0.0013676148796498905,1
issue-specific frames,5,0.0013676148796498905,1
generic frames,5,0.0013676148796498905,1
arab media,5,0.0013676148796498905,1
young people,5,0.0013676148796498905,1
political knowledge,5,0.0013676148796498905,1
political information literacy,5,0.0013676148796498905,1
information literacy,5,0.0013676148796498905,1
lexical processing,5,0.0013676148796498905,1
exposure therapy,5,0.0013676148796498905,1
water-energy nexus,5,0.0013676148796498905,1
water,5,0.0013676148796498905,1
resource recovery,5,0.0013676148796498905,1
human factors analysis,5,0.0013676148796498905,1
freedom of information law,5,0.0013676148796498905,1
artificial intelligence and law,5,0.0013676148796498905,1
lexical cues,5,0.0013676148796498905,1
l2 phonology,5,0.0013676148796498905,1
allophones,5,0.0013676148796498905,1
cardiometabolic disease,5,0.0013676148796498905,1
parent education interventions,5,0.0013676148796498905,1
family education,5,0.0013676148796498905,1
family processes,5,0.0013676148796498905,1
syndemic,5,0.0013676148796498905,1
education reform,5,0.0013676148796498905,1
academic optimism,5,0.0013676148796498905,1
nanowood,5,0.0013676148796498905,1
nanocellulose,5,0.0013676148796498905,1
membranes,5,0.0013676148796498905,1
organizational culture,5,0.0013676148796498905,1
anti-sexual harassment policies,5,0.0013676148796498905,1
human-computer interface,5,0.0013676148796498905,1
human language technology,5,0.0013676148796498905,1
water quality management,5,0.0013676148796498905,1
stream water quality model software,5,0.0013676148796498905,1
semi-lagrangian modeling,5,0.0013676148796498905,1
empowerment,5,0.0013676148796498905,1
emergency response,5,0.0013676148796498905,1
effective communication,5,0.0013676148796498905,1
phonological distribution,5,0.0013676148796498905,1
self-referring emotion words,5,0.0013676148796498905,1
open questions,5,0.0013676148796498905,1
number of words,5,0.0013676148796498905,1
helping skills,5,0.0013676148796498905,1
closed questions,5,0.0013676148796498905,1
sava river,5,0.0013676148796498905,1
dissolved oxygen concentrations,5,0.0013676148796498905,1
advection-diffusion,5,0.0013676148796498905,1
infant and child nutrition,5,0.0013676148796498905,1
dietary intake assessment,5,0.0013676148796498905,1
multiverse analysis,5,0.0013676148796498905,1
leader,5,0.0013676148796498905,1
follower,5,0.0013676148796498905,1
urban high schools,5,0.0013676148796498905,1
full-service community schools,5,0.0013676148796498905,1
family engagement,5,0.0013676148796498905,1
sexual behaviour,5,0.0013676148796498905,1
molecular epidemiology,5,0.0013676148796498905,1
microbiology,5,0.0013676148796498905,1
bacterial,5,0.0013676148796498905,1
mechanisms,5,0.0013676148796498905,1
diamorphine,5,0.0013676148796498905,1
police brutality,5,0.0013676148796498905,1
neighbourhoods,5,0.0013676148796498905,1
health,5,0.0013676148796498905,1
resting-state,5,0.0013676148796498905,1
amygdala<leftwards arrow with vertical stroke>ofc functional connectivity,5,0.0013676148796498905,1
substance use disorder,5,0.0013676148796498905,1
minority health,5,0.0013676148796498905,1
behavioral intervention,5,0.0013676148796498905,1
aids,5,0.0013676148796498905,1
self-referring pronouns,5,0.0013676148796498905,1
b-cell receptor,5,0.0013676148796498905,1
b cell,5,0.0013676148796498905,1
random directions,5,0.0013676148796498905,1
finite-time analysis,5,0.0013676148796498905,1
convergence rate,5,0.0013676148796498905,1
word of mouth,5,0.0013676148796498905,1
service quality,5,0.0013676148796498905,1
econometrics,5,0.0013676148796498905,1
business survival,5,0.0013676148796498905,1
complementary foods,5,0.0013676148796498905,1
complementary feeding,5,0.0013676148796498905,1
childhood diet,5,0.0013676148796498905,1
antigen-presenting cell,5,0.0013676148796498905,1
antigen,5,0.0013676148796498905,1
actin,5,0.0013676148796498905,1
vaginosis,5,0.0013676148796498905,1
questionnaire development,5,0.0013676148796498905,1
conceptual model,5,0.0013676148796498905,1
time delays,5,0.0013676148796498905,1
predictive control,5,0.0013676148796498905,1
biological motion perception,5,0.0013676148796498905,1
thermoregulation,5,0.0013676148796498905,1
urban woodland,5,0.0013676148796498905,1
urban landscape,5,0.0013676148796498905,1
social-ecological system,5,0.0013676148796498905,1
interdisciplinary research,5,0.0013676148796498905,1
drivers of change,5,0.0013676148796498905,1
paranoia,5,0.0013676148796498905,1
adult readers,5,0.0013676148796498905,1
word approximation,5,0.0013676148796498905,1
vocabulary,5,0.0013676148796498905,1
signaling,5,0.0013676148796498905,1
deferred action for childhood arrivals (daca),5,0.0013676148796498905,1
contexts of reception,5,0.0013676148796498905,1
true self,5,0.0013676148796498905,1
therapist development,5,0.0013676148796498905,1
counseling psychology doctoral students,5,0.0013676148796498905,1
enhanced milieu teaching,5,0.0013676148796498905,1
early intervention,5,0.0013676148796498905,1
book reading,5,0.0013676148796498905,1
managerial coaching,5,0.0013676148796498905,1
manager-as-coach,5,0.0013676148796498905,1
learning outcomes of managers,5,0.0013676148796498905,1
employee coaching,5,0.0013676148796498905,1
developmental outcomes,5,0.0013676148796498905,1
navigational capital,5,0.0013676148796498905,1
liminal legality,5,0.0013676148796498905,1
reading motivation,5,0.0013676148796498905,1
packet dropout,5,0.0013676148796498905,1
offshore platform,5,0.0013676148796498905,1
networked control systems,5,0.0013676148796498905,1
disordering,5,0.0013676148796498905,1
social perception,5,0.0013676148796498905,1
psychosis,5,0.0013676148796498905,1
serial naming,5,0.0013676148796498905,1
language skills,5,0.0013676148796498905,1
fluency,5,0.0013676148796498905,1
quantile,5,0.0013676148796498905,1
local search,5,0.0013676148796498905,1
black-box optimization,5,0.0013676148796498905,1
sex-selection,5,0.0013676148796498905,1
old age support,5,0.0013676148796498905,1
gender equity,5,0.0013676148796498905,1
daughter preference,5,0.0013676148796498905,1
congress,5,0.0013676148796498905,1
american political institutions,5,0.0013676148796498905,1
theory of mind,5,0.0013676148796498905,1
social reward,5,0.0013676148796498905,1
empathy,5,0.0013676148796498905,1
relapse,5,0.0013676148796498905,1
oxycodone,5,0.0013676148796498905,1
orbitofrontal cortex,5,0.0013676148796498905,1
incubation of craving,5,0.0013676148796498905,1
substance use epidemiology,5,0.0013676148796498905,1
sociodemographic disparities,5,0.0013676148796498905,1
drinking days,5,0.0013676148796498905,1
drinking behavior,5,0.0013676148796498905,1
south korea,5,0.0013676148796498905,1
son preference,5,0.0013676148796498905,1
temperature,5,0.0013676148796498905,1
gender and sexuality,5,0.0013676148796498905,1
discourse,5,0.0013676148796498905,1
read it again,5,0.0013676148796498905,1
dual language learners,5,0.0013676148796498905,1
lizard,5,0.0013676148796498905,1
critical temperatures,5,0.0013676148796498905,1
word reading,5,0.0013676148796498905,1
text reading,5,0.0013676148796498905,1
response time,5,0.0013676148796498905,1
response difficulty,5,0.0013676148796498905,1
online surveys,5,0.0013676148796498905,1
mouse-tracking,5,0.0013676148796498905,1
measurement error,5,0.0013676148796498905,1
collaborative autoethnography,5,0.0013676148796498905,1
authenticity,5,0.0013676148796498905,1
authentic self,5,0.0013676148796498905,1
washington,5,0.0013676148796498905,1
urban politics,5,0.0013676148796498905,1
first impressions,5,0.0013676148796498905,1
facial affect,5,0.0013676148796498905,1
context,5,0.0013676148796498905,1
renewal process,5,0.0013676148796498905,1
minimal repair process,5,0.0013676148796498905,1
maintainability,5,0.0013676148796498905,1
life cycle cost,5,0.0013676148796498905,1
computerized numerical control turning center,5,0.0013676148796498905,1
dc,5,0.0013676148796498905,1
black activism,5,0.0013676148796498905,1
politics and culture,5,0.0013676148796498905,1
methods of inquiry,5,0.0013676148796498905,1
investigative poetry,5,0.0013676148796498905,1
glbt issues & theory,5,0.0013676148796498905,1
constraint reduction,5,0.0013676148796498905,1
process parameters,5,0.0013676148796498905,1
pc,5,0.0013676148796498905,1
honeycomb core,5,0.0013676148796498905,1
fused deposition modeling,5,0.0013676148796498905,1
abs multi-material structures,5,0.0013676148796498905,1
pretense,5,0.0013676148796498905,1
thermal runaway,5,0.0013676148796498905,1
oxygen consumption calorimetry,5,0.0013676148796498905,1
fire suppression,5,0.0013676148796498905,1
cascading failure,5,0.0013676148796498905,1
battery pack,5,0.0013676148796498905,1
play,5,0.0013676148796498905,1
imagination,5,0.0013676148796498905,1
limitation riders,5,0.0013676148796498905,1
foreign aid,5,0.0013676148796498905,1
cultural learning,5,0.0013676148796498905,1
affect,5,0.0013676148796498905,1
undocumented students,5,0.0013676148796498905,1
educational leadership,5,0.0013676148796498905,1
comparative case study,5,0.0013676148796498905,1
collective leadership,5,0.0013676148796498905,1
weighting adjustments,5,0.0013676148796498905,1
sensors,5,0.0013676148796498905,1
selection bias,5,0.0013676148796498905,1
physical activity monitors,5,0.0013676148796498905,1
national health and nutrition examination survey,5,0.0013676148796498905,1
longitudinal internet studies for the social sciences,5,0.0013676148796498905,1
united states of america,5,0.0013676148796498905,1
infeasible start,5,0.0013676148796498905,1
infeasibility certificate,5,0.0013676148796498905,1
convex quadratic/linear programming,5,0.0013676148796498905,1
water mist,5,0.0013676148796498905,1
second world war,5,0.0013676148796498905,1
propaganda,5,0.0013676148796498905,1
photography,5,0.0013676148796498905,1
office of war information,5,0.0013676148796498905,1
teacher(s),5,0.0013676148796498905,1
international special education,5,0.0013676148796498905,1
genetic polymorphism,5,0.0013676148796498905,1
gait,5,0.0013676148796498905,1
post-secondary education,5,0.0013676148796498905,1
parent & community,5,0.0013676148796498905,1
energy,5,0.0013676148796498905,1
time horizons,5,0.0013676148796498905,1
short termism,5,0.0013676148796498905,1
r&d investment,5,0.0013676148796498905,1
myopia,5,0.0013676148796498905,1
interior point,5,0.0013676148796498905,1
black students,5,0.0013676148796498905,1
teaching and learning cycle,5,0.0013676148796498905,1
interactional scaffolding,5,0.0013676148796498905,1
impaired driving,5,0.0013676148796498905,1
competitive analysis,5,0.0013676148796498905,1
exercise,5,0.0013676148796498905,1
dosage effects,5,0.0013676148796498905,1
blood flow,5,0.0013676148796498905,1
arterial spin labeling,5,0.0013676148796498905,1
ell,5,0.0013676148796498905,1
content and language integrated learning (clil),5,0.0013676148796498905,1
classroom discourse,5,0.0013676148796498905,1
retail electric providers,5,0.0013676148796498905,1
demand response,5,0.0013676148796498905,1
3d-printed polymer sandwich structures,5,0.0013676148796498905,1
multistage,5,0.0013676148796498905,1
deterrence,5,0.0013676148796498905,1
community corrections,5,0.0013676148796498905,1
tumor growth models,5,0.0013676148796498905,1
penalization,5,0.0013676148796498905,1
moving domain,5,0.0013676148796498905,1
mixed models,5,0.0013676148796498905,1
existence,5,0.0013676148796498905,1
cancer progression,5,0.0013676148796498905,1
suspension,5,0.0013676148796498905,1
disparities,5,0.0013676148796498905,1
college experience,5,0.0013676148796498905,1
latino/a children and families,5,0.0013676148796498905,1
institutional investing,5,0.0013676148796498905,1
ceo compensation,5,0.0013676148796498905,1
simplex algorithm,5,0.0013676148796498905,1
model calibration,5,0.0013676148796498905,1
make-to-order,5,0.0013676148796498905,1
integrated production and distribution scheduling,5,0.0013676148796498905,1
industry applications,5,0.0013676148796498905,1
e -commerce,5,0.0013676148796498905,1
function,5,0.0013676148796498905,1
comt,5,0.0013676148796498905,1
bdnf,5,0.0013676148796498905,1
apoe,5,0.0013676148796498905,1
weight loss,5,0.0013676148796498905,1
service delivery models,5,0.0013676148796498905,1
language-learning,5,0.0013676148796498905,1
perceived parental support,5,0.0013676148796498905,1
parenting styles,5,0.0013676148796498905,1
air conditioning,5,0.0013676148796498905,1
stochastic,5,0.0013676148796498905,1
abc transporter,5,0.0013676148796498905,1
radiology,5,0.0013676148796498905,1
needle,5,0.0013676148796498905,1
interventional,5,0.0013676148796498905,1
biopsy,5,0.0013676148796498905,1
photodynamic priming,5,0.0013676148796498905,1
p-glycoprotein,5,0.0013676148796498905,1
multidrug resistance,5,0.0013676148796498905,1
drug delivery,5,0.0013676148796498905,1
pedagogical practices,5,0.0013676148796498905,1
global citizens,5,0.0013676148796498905,1
small group instruction,5,0.0013676148796498905,1
number talks,5,0.0013676148796498905,1
number sense,5,0.0013676148796498905,1
system-level monitoring,5,0.0013676148796498905,1
prognostics and health management,5,0.0013676148796498905,1
shared book reading,5,0.0013676148796498905,1
england,5,0.0013676148796498905,1
coke,5,0.0013676148796498905,1
bacon,5,0.0013676148796498905,1
image-guided biopsy,5,0.0013676148796498905,1
critical care,5,0.0013676148796498905,1
minority,5,0.0013676148796498905,1
charging station,5,0.0013676148796498905,1
seventeenth century,5,0.0013676148796498905,1
time-dependent seismic fragility,5,0.0013676148796498905,1
pile-supported wharves,5,0.0013676148796498905,1
academic burnout,5,0.0013676148796498905,1
culturally relevant pedagogy,5,0.0013676148796498905,1
cultural competence,5,0.0013676148796498905,1
art integration,5,0.0013676148796498905,1
cellular atp levels,5,0.0013676148796498905,1
failure cost,5,0.0013676148796498905,1
corrosion,5,0.0013676148796498905,1
analytical performance index,5,0.0013676148796498905,1
intellectual and developmental disabilities,5,0.0013676148796498905,1
collateral academic skills,5,0.0013676148796498905,1
supply chain risk management,5,0.0013676148796498905,1
supply chain resilience,5,0.0013676148796498905,1
explainable ai,5,0.0013676148796498905,1
end-to-end learning,5,0.0013676148796498905,1
social vulnerability,5,0.0013676148796498905,1
health inequities,5,0.0013676148796498905,1
emergency medicine,5,0.0013676148796498905,1
bhutan,5,0.0013676148796498905,1
academic skills,5,0.0013676148796498905,1
fault tree,5,0.0013676148796498905,1
dynamic risk assessment,5,0.0013676148796498905,1
transaction cost,5,0.0013676148796498905,1
public value,5,0.0013676148796498905,1
co-creation,5,0.0013676148796498905,1
training programs,5,0.0013676148796498905,1
training needs assessment,5,0.0013676148796498905,1
police organizational change,5,0.0013676148796498905,1
competencies,5,0.0013676148796498905,1
commissioned officers,5,0.0013676148796498905,1
anxious,5,0.0013676148796498905,1
reference-dependence,5,0.0013676148796498905,1
reference point formation,5,0.0013676148796498905,1
psychological constraints,5,0.0013676148796498905,1
conspicuity,5,0.0013676148796498905,1
choice reversal,5,0.0013676148796498905,1
internalizing,5,0.0013676148796498905,1
life-cycle cost,5,0.0013676148796498905,1
suicide,5,0.0013676148796498905,1
rhetoric,5,0.0013676148796498905,1
gender diverse,5,0.0013676148796498905,1
sociology of sport and leisure,5,0.0013676148796498905,1
artist in residence,5,0.0013676148796498905,1
social science research,5,0.0013676148796498905,1
reddit,5,0.0013676148796498905,1
project management,5,0.0013676148796498905,1
data linkage,5,0.0013676148796498905,1
pial surface area,5,0.0013676148796498905,1
early adversity,5,0.0013676148796498905,1
caregiving quality,5,0.0013676148796498905,1
motorsport,5,0.0013676148796498905,1
greenwashing,5,0.0013676148796498905,1
environmental politics,5,0.0013676148796498905,1
critical event studies,5,0.0013676148796498905,1
calculus,5,0.0013676148796498905,1
alternative certification,5,0.0013676148796498905,1
theory,5,0.0013676148796498905,1
sociology of mathematics education,5,0.0013676148796498905,1
mathematics knowledge for teaching,5,0.0013676148796498905,1
vertical vibration of footing,5,0.0013676148796498905,1
spring constant,5,0.0013676148796498905,1
soil layering,5,0.0013676148796498905,1
finite element method,5,0.0013676148796498905,1
embedment,5,0.0013676148796498905,1
damping ratio,5,0.0013676148796498905,1
voting,5,0.0013676148796498905,2
sexual health communication,5,0.0013676148796498905,1
birth control,5,0.0013676148796498905,1
adolescent pregnancy,5,0.0013676148796498905,1
daily diary,5,0.0013676148796498905,1
empirical research,5,0.0013676148796498905,1
cosmopolitanism,5,0.0013676148796498905,1
work from home,5,0.0013676148796498905,1
women's work,5,0.0013676148796498905,1
media depiction,5,0.0013676148796498905,1
flexibility,5,0.0013676148796498905,1
care work,5,0.0013676148796498905,1
social mobility,5,0.0013676148796498905,1
international students,5,0.0013676148796498905,1
globalisation,5,0.0013676148796498905,1
school health services,5,0.0013676148796498905,1
segmentation,5,0.0013676148796498905,1
pair-rule patterning,5,0.0013676148796498905,1
mosquito,5,0.0013676148796498905,1
gene regulatory network,5,0.0013676148796498905,1
evo-devo,5,0.0013676148796498905,1
capitalism,5,0.0013676148796498905,1
omitted confounder,5,0.0013676148796498905,1
external model misspecification,5,0.0013676148796498905,1
postgraduate education,5,0.0013676148796498905,1
perception of educational and career barriers,5,0.0013676148796498905,1
validity,5,0.0013676148796498905,1
pain,5,0.0013676148796498905,1
oral and maxillofacial surgery,5,0.0013676148796498905,1
ibuprofen,5,0.0013676148796498905,1
hydrocodone,5,0.0013676148796498905,1
clinical trial,5,0.0013676148796498905,1
healthcare ethics,5,0.0013676148796498905,1
ethics committee,5,0.0013676148796498905,1
ethicist,5,0.0013676148796498905,1
ethnic disparities,5,0.0013676148796498905,1
ant-colony optimization algorithm,5,0.0013676148796498905,1
stability,4,0.0010940919037199124,1
biomass burning,4,0.0010940919037199124,1
mcd64,4,0.0010940919037199124,1
remote sensing data fusion,4,0.0010940919037199124,1
southeast asia,4,0.0010940919037199124,1
synthetic aperture radar,4,0.0010940919037199124,1
fragmentation,4,0.0010940919037199124,1
external support,4,0.0010940919037199124,1
limited english proficiency,4,0.0010940919037199124,1
health care expenditure,4,0.0010940919037199124,1
expenditure distribution,4,0.0010940919037199124,1
asian,4,0.0010940919037199124,1
government actions,4,0.0010940919037199124,1
disaster response policy,4,0.0010940919037199124,1
rational choice,4,0.0010940919037199124,1
natural disasters,4,0.0010940919037199124,1
search,4,0.0010940919037199124,1
reference-dependent choice,4,0.0010940919037199124,1
electric vehicles,4,0.0010940919037199124,1
attitudes,4,0.0010940919037199124,1
within-person effects,4,0.0010940919037199124,1
internalizing problems,4,0.0010940919037199124,1
externalizing problems,4,0.0010940919037199124,1
childhood irritability,4,0.0010940919037199124,1
between-person effects,4,0.0010940919037199124,1
values,4,0.0010940919037199124,1
softa,4,0.0010940919037199124,1
family therapy,4,0.0010940919037199124,1
child abuse,4,0.0010940919037199124,1
public health policy,4,0.0010940919037199124,1
college health,4,0.0010940919037199124,1
alcohol-related harm,4,0.0010940919037199124,1
alcohol policy,4,0.0010940919037199124,1
ridesourcing,4,0.0010940919037199124,1
local interpretable model-agnostic explanations (lime),4,0.0010940919037199124,1
product network,4,0.0010940919037199124,1
consideration set,4,0.0010940919037199124,1
equity planning,4,0.0010940919037199124,1
baltimore,4,0.0010940919037199124,1
wages,4,0.0010940919037199124,1
triangular relationship,4,0.0010940919037199124,1
nonprofit human services organizations,4,0.0010940919037199124,1
human services privatization,4,0.0010940919037199124,1
attitude toward unions,4,0.0010940919037199124,1
ornithine carbamoyltransferase deficiency disease,4,0.0010940919037199124,1
hyperammonemia,4,0.0010940919037199124,1
terrorist attacks,4,0.0010940919037199124,1
preference falsification,4,0.0010940919037199124,1
laboratory,4,0.0010940919037199124,1
gastric bypass,4,0.0010940919037199124,1
bariatric surgery,4,0.0010940919037199124,1
traffic crash,4,0.0010940919037199124,1
time of a day,4,0.0010940919037199124,1
pedestrian safety,4,0.0010940919037199124,1
mico-level,4,0.0010940919037199124,1
stochastic process,4,0.0010940919037199124,1
jigsaw,4,0.0010940919037199124,1
entomology,4,0.0010940919037199124,1
cooperative learning,4,0.0010940919037199124,1
post-randomization variable,4,0.0010940919037199124,1
missing data,4,0.0010940919037199124,1
meta-regression,4,0.0010940919037199124,1
bayesian method,4,0.0010940919037199124,1
freak show,4,0.0010940919037199124,1
fat phobia,4,0.0010940919037199124,1
hospital readmission,4,0.0010940919037199124,1
continuous-time markov chain,4,0.0010940919037199124,1
asymptotic distribution,4,0.0010940919037199124,1
wellness,4,0.0010940919037199124,1
treatment seeking behaviour,4,0.0010940919037199124,1
in vitro fertilisation,4,0.0010940919037199124,1
fertility treatment,4,0.0010940919037199124,1
decision making,4,0.0010940919037199124,1
self-determination theory,4,0.0010940919037199124,1
sliding mode observer,4,0.0010940919037199124,1
nonlinear estimation,4,0.0010940919037199124,1
lyapunov,4,0.0010940919037199124,1
differential inclusion,4,0.0010940919037199124,1
aspirations,4,0.0010940919037199124,1
oppositional defiant disorder,4,0.0010940919037199124,1
latent class analysis,4,0.0010940919037199124,1
conduct disorder,4,0.0010940919037199124,1
parental control,4,0.0010940919037199124,1
control applications,4,0.0010940919037199124,1
professional learning,4,0.0010940919037199124,1
continuing education,4,0.0010940919037199124,1
quantitative analysis,4,0.0010940919037199124,1
infrastructure construction,4,0.0010940919037199124,1
family work distribution,4,0.0010940919037199124,1
couple communication,4,0.0010940919037199124,1
confidence,4,0.0010940919037199124,1
college women,4,0.0010940919037199124,1
community participation,4,0.0010940919037199124,1
surveys,4,0.0010940919037199124,1
national security,4,0.0010940919037199124,1
mena,4,0.0010940919037199124,1
mediterranean,4,0.0010940919037199124,1
risky behaviors,4,0.0010940919037199124,1
peru,4,0.0010940919037199124,1
human capital outcomes,4,0.0010940919037199124,1
early cumulative risk,4,0.0010940919037199124,1
brain structure,4,0.0010940919037199124,1
naive t cells,4,0.0010940919037199124,1
aerobic glycolysis,4,0.0010940919037199124,1
activated phosphoinositide3-kinase delta syndrome,4,0.0010940919037199124,1
sensitivity,4,0.0010940919037199124,1
adult attachment,4,0.0010940919037199124,1
sensation seeking,4,0.0010940919037199124,1
condom use resistance,4,0.0010940919037199124,1
alcohol expectancies,4,0.0010940919037199124,1
native american and indigenous collections,4,0.0010940919037199124,1
indigenous sovereignty,4,0.0010940919037199124,1
impact,4,0.0010940919037199124,1
digitization,4,0.0010940919037199124,1
digital knowledge sharing,4,0.0010940919037199124,1
simulated annealing,4,0.0010940919037199124,1
metaheuristic algorithms,4,0.0010940919037199124,1
trimethyl borate,4,0.0010940919037199124,1
ignition delay time,4,0.0010940919037199124,1
gasoline,4,0.0010940919037199124,1
extinction time,4,0.0010940919037199124,1
droplet phenomena,4,0.0010940919037199124,1
cognitive vulnerability,4,0.0010940919037199124,1
sexual identity,4,0.0010940919037199124,1
family stress theory,4,0.0010940919037199124,1
recast,4,0.0010940919037199124,1
transnational feminism,4,0.0010940919037199124,1
postfeminism,4,0.0010940919037199124,1
nike,4,0.0010940919037199124,1
media analysis,4,0.0010940919037199124,1
remorse,4,0.0010940919037199124,1
fathering,4,0.0010940919037199124,1
editing,4,0.0010940919037199124,1
desire,4,0.0010940919037199124,1
parents of children with developmental disabilities,4,0.0010940919037199124,1
korean immigrant parents,4,0.0010940919037199124,1
developmental disabilities,4,0.0010940919037199124,1
coping strategies,4,0.0010940919037199124,1
acculturative stress,4,0.0010940919037199124,1
transformative sel,4,0.0010940919037199124,1
teacher well-being,4,0.0010940919037199124,1
scale validation,4,0.0010940919037199124,1
us-china cooperation,4,0.0010940919037199124,1
methane policy,4,0.0010940919037199124,1
methane mitigation,4,0.0010940919037199124,1
public data source,4,0.0010940919037199124,1
self-imagery,4,0.0010940919037199124,1
presence,4,0.0010940919037199124,1
mood transfer,4,0.0010940919037199124,1
imagery engagement,4,0.0010940919037199124,1
fear,4,0.0010940919037199124,1
vocational education,4,0.0010940919037199124,1
single-subject research,4,0.0010940919037199124,1
effect size,4,0.0010940919037199124,1
voxel-based morphometry,4,0.0010940919037199124,1
structural mri,4,0.0010940919037199124,1
self-schemas,4,0.0010940919037199124,1
"""boko haram""",4,0.0010940919037199124,1
"""boko haram disaggregation problem""",4,0.0010940919037199124,1
pre-school children,4,0.0010940919037199124,1
home literacy environment,4,0.0010940919037199124,1
family literacy practices,4,0.0010940919037199124,1
family literacy,4,0.0010940919037199124,1
early childhood literacy,4,0.0010940919037199124,1
radical healing,4,0.0010940919037199124,1
racial trauma,4,0.0010940919037199124,1
liberation psychology,4,0.0010940919037199124,1
mobile web surveys,4,0.0010940919037199124,1
coverage error,4,0.0010940919037199124,1
opioid treatment program,4,0.0010940919037199124,1
methadone,4,0.0010940919037199124,1
tobacco,4,0.0010940919037199124,1
hookah,4,0.0010940919037199124,1
ethiopian,4,0.0010940919037199124,1
eritrean,4,0.0010940919037199124,1
recessions,4,0.0010940919037199124,1
premature babies,4,0.0010940919037199124,1
low birth weight,4,0.0010940919037199124,1
"jama'atuahlis sunna lidda'awati wal-jihad"" (jas)",4,0.0010940919037199124,1
islamic state west africa province (iswap),4,0.0010940919037199124,1
global terrorism database (gtd),4,0.0010940919037199124,1
psychosocial traits,4,0.0010940919037199124,1
personalized privacy preference,4,0.0010940919037199124,1
primary immunodeficiency disorders,4,0.0010940919037199124,1
pik3cd,4,0.0010940919037199124,1
suicidal ideation and behavior,4,0.0010940919037199124,1
protective factors,4,0.0010940919037199124,1
non-suicidal self-injury,4,0.0010940919037199124,1
postpartum depressive symptoms,4,0.0010940919037199124,1
physical violence,4,0.0010940919037199124,1
family stressors,4,0.0010940919037199124,1
asian and pacific islander women,4,0.0010940919037199124,1
parent-implemented,4,0.0010940919037199124,1
passive mobile data collection,4,0.0010940919037199124,1
operating systems,4,0.0010940919037199124,1
facilitative interpersonal skills,4,0.0010940919037199124,1
housing accessibility,4,0.0010940919037199124,1
home modifications,4,0.0010940919037199124,1
american housing survey,4,0.0010940919037199124,1
aging in place,4,0.0010940919037199124,1
risk/determinants,4,0.0010940919037199124,1
pedestrian,4,0.0010940919037199124,1
motor vehicle occupant,4,0.0010940919037199124,1
motor vehicle - non traffic,4,0.0010940919037199124,1
geographical / spatial analysis,4,0.0010940919037199124,1
technology-enhanced teaching and learning,4,0.0010940919037199124,1
playback speed,4,0.0010940919037199124,1
listening comprehension,4,0.0010940919037199124,1
language proficiency,4,0.0010940919037199124,1
teams,4,0.0010940919037199124,1
performance,4,0.0010940919037199124,1
participation,4,0.0010940919037199124,1
communication education,4,0.0010940919037199124,1
wake vortex,4,0.0010940919037199124,1
turbulence production (tp),4,0.0010940919037199124,1
the omega method,4,0.0010940919037199124,1
shear flow,4,0.0010940919037199124,1
renewable,4,0.0010940919037199124,1
fatty acids,4,0.0010940919037199124,1
carboxylic acids,4,0.0010940919037199124,1
biorefinery,4,0.0010940919037199124,1
biofuels,4,0.0010940919037199124,1
middle childhood,4,0.0010940919037199124,1
exuberance,4,0.0010940919037199124,1
high speed train,4,0.0010940919037199124,1
water stress,4,0.0010940919037199124,1
food security,4,0.0010940919037199124,1
acquisition-instructed,4,0.0010940919037199124,1
vertically discrete slabs,4,0.0010940919037199124,1
polypropylene,4,0.0010940919037199124,1
polyethylene,4,0.0010940919037199124,1
dripping,4,0.0010940919037199124,1
therapist effects,4,0.0010940919037199124,1
interpersonal skills,4,0.0010940919037199124,1
variability of age,4,0.0010940919037199124,1
taiwan,4,0.0010940919037199124,1
first marriage,4,0.0010940919037199124,1
east asia,4,0.0010940919037199124,1
reunification,4,0.0010940919037199124,1
social behavior,4,0.0010940919037199124,1
multi-informant,4,0.0010940919037199124,1
kinship care,4,0.0010940919037199124,1
trdm,4,0.0010940919037199124,1
political violence,4,0.0010940919037199124,1
impulsivity,4,0.0010940919037199124,1
polynomial regression,4,0.0010940919037199124,1
leader-follower narcissism (in)congruence,4,0.0010940919037199124,1
identification with the leader,4,0.0010940919037199124,1
creative performance,4,0.0010940919037199124,1
smoldering,4,0.0010940919037199124,1
statistical rigor,4,0.0010940919037199124,1
scan statistics,4,0.0010940919037199124,1
hotspot,4,0.0010940919037199124,1
trajectories,4,0.0010940919037199124,1
parental psychopathology,4,0.0010940919037199124,1
polyurethane foam,4,0.0010940919037199124,1
furniture,4,0.0010940919037199124,1
electron localization,4,0.0010940919037199124,1
dft calculation,4,0.0010940919037199124,1
covalency,4,0.0010940919037199124,1
sampling,4,0.0010940919037199124,1
reaction coordinate,4,0.0010940919037199124,1
molecular dynamics,4,0.0010940919037199124,1
vaginal drug delivery,4,0.0010940919037199124,1
vaginal atrophy,4,0.0010940919037199124,1
nanosuspension,4,0.0010940919037199124,1
menopause,4,0.0010940919037199124,1
estradiol,4,0.0010940919037199124,1
remote work,4,0.0010940919037199124,1
secondary: crcl,4,0.0010940919037199124,1
weighted modeling,4,0.0010940919037199124,1
salmonella enterica,4,0.0010940919037199124,1
poisson regression,4,0.0010940919037199124,1
elastic net,4,0.0010940919037199124,1
dose-response,4,0.0010940919037199124,1
spectroscopy,4,0.0010940919037199124,1
li-ion battery cathodes,4,0.0010940919037199124,1
prosociality,4,0.0010940919037199124,1
location specificity,4,0.0010940919037199124,1
geographic competition,4,0.0010940919037199124,1
general human capital,4,0.0010940919037199124,1
newcomers,4,0.0010940919037199124,1
immigration enforcement,4,0.0010940919037199124,1
immigrant students,4,0.0010940919037199124,1
brokering,4,0.0010940919037199124,1
nonstationarity,4,0.0010940919037199124,1
stress process model,4,0.0010940919037199124,1
female survivors of intimate partner violence,4,0.0010940919037199124,1
economic abuse,4,0.0010940919037199124,1
decomposition analysis,4,0.0010940919037199124,1
phytate,4,0.0010940919037199124,1
phytase,4,0.0010940919037199124,1
laying hen,4,0.0010940919037199124,1
dietary allowances,4,0.0010940919037199124,1
scale development,4,0.0010940919037199124,1
homicide,4,0.0010940919037199124,1
transphobia,4,0.0010940919037199124,1
intimate relationships,4,0.0010940919037199124,1
wire localization,4,0.0010940919037199124,1
savi scout,4,0.0010940919037199124,1
magseed,4,0.0010940919037199124,1
breast excision,4,0.0010940919037199124,1
social interaction,4,0.0010940919037199124,1
loneliness,4,0.0010940919037199124,1
tonic,4,0.0010940919037199124,1
phasic,4,0.0010940919037199124,1
outcomes,4,0.0010940919037199124,1
peer relationships,4,0.0010940919037199124,1
parent-child relationships,4,0.0010940919037199124,1
metal,4,0.0010940919037199124,1
dredged material,4,0.0010940919037199124,1
multiagent learning,4,0.0010940919037199124,1
inventory control,4,0.0010940919037199124,1
data-driven decision making,4,0.0010940919037199124,1
trust engineering,4,0.0010940919037199124,1
naturalistic decision making,4,0.0010940919037199124,1
foresight,4,0.0010940919037199124,1
crime seriousness,4,0.0010940919037199124,1
cognitive frames,4,0.0010940919037199124,1
primary: robotics,4,0.0010940919037199124,1
interoperability,4,0.0010940919037199124,1
goal-oriented programming,4,0.0010940919037199124,1
category theory,4,0.0010940919037199124,1
spatial training,4,0.0010940919037199124,1
spatial development,4,0.0010940919037199124,1
educational app,4,0.0010940919037199124,1
rape culture,4,0.0010940919037199124,1
christine blasey ford,4,0.0010940919037199124,1
anti-rape culture,4,0.0010940919037199124,1
anita hill,4,0.0010940919037199124,1
sexual activity,4,0.0010940919037199124,1
scripts,4,0.0010940919037199124,1
political engagement,4,0.0010940919037199124,1
affective polarization,4,0.0010940919037199124,1
willingness-to-pay,4,0.0010940919037199124,1
white collar crime,4,0.0010940919037199124,1
public preferences,4,0.0010940919037199124,1
race and ethnicity,4,0.0010940919037199124,1
music participation,4,0.0010940919037199124,1
music ensemble enrollment,4,0.0010940919037199124,1
high school students,4,0.0010940919037199124,1
social development,4,0.0010940919037199124,1
preventable hospitalizations,4,0.0010940919037199124,1
emergency department,4,0.0010940919037199124,1
dementia,4,0.0010940919037199124,1
access to care,4,0.0010940919037199124,1
risk communication,4,0.0010940919037199124,1
compressible turbulence,4,0.0010940919037199124,1
boundary-layer interactions,4,0.0010940919037199124,1
dialectics,4,0.0010940919037199124,1
social wariness,4,0.0010940919037199124,1
maternal shyness,4,0.0010940919037199124,1
generalized anxiety,4,0.0010940919037199124,1
parent-child interaction,4,0.0010940919037199124,1
visual world paradigm,4,0.0010940919037199124,1
visual word recognition,4,0.0010940919037199124,1
spoken word recognition,4,0.0010940919037199124,1
crisis communication,4,0.0010940919037199124,1
unpaid end-of-life care,4,0.0010940919037199124,1
caregiver,4,0.0010940919037199124,1
career,4,0.0010940919037199124,1
peer racial socialization,4,0.0010940919037199124,1
black college students,4,0.0010940919037199124,1
relations of mujo,4,0.0010940919037199124,1
neoliberal capitalism,4,0.0010940919037199124,1
impermanence,4,0.0010940919037199124,1
buddhism,4,0.0010940919037199124,1
anime,4,0.0010940919037199124,1
threat assessment,4,0.0010940919037199124,1
terrorist innovation,4,0.0010940919037199124,1
mass casualty terrorism,4,0.0010940919037199124,1
drones,4,0.0010940919037199124,1
shock,4,0.0010940919037199124,1
direct numerical simulation,4,0.0010940919037199124,1
cross-flow effects,4,0.0010940919037199124,1
longitudinal data analysis,4,0.0010940919037199124,1
latent growth model,4,0.0010940919037199124,1
estimation,4,0.0010940919037199124,1
workgroup,4,0.0010940919037199124,1
prohibitive voice,4,0.0010940919037199124,1
moral identity symbolization,4,0.0010940919037199124,1
moral identity internalization,4,0.0010940919037199124,1
transaction costs,4,0.0010940919037199124,1
incentive,4,0.0010940919037199124,1
sexual risk behavior,4,0.0010940919037199124,1
police harassment,4,0.0010940919037199124,1
black transgender women,4,0.0010940919037199124,1
black sexual minority males,4,0.0010940919037199124,1
noticing,4,0.0010940919037199124,1
implicit knowledge,4,0.0010940919037199124,1
explicit knowledge,4,0.0010940919037199124,1
railway design,4,0.0010940919037199124,1
existing railway reconstruction,4,0.0010940919037199124,1
constrained optimization,4,0.0010940919037199124,1
alignment optimization,4,0.0010940919037199124,1
willingness to accept,4,0.0010940919037199124,1
panel attrition,4,0.0010940919037199124,1
awareness,4,0.0010940919037199124,1
artificial language,4,0.0010940919037199124,1
self-efficacy,4,0.0010940919037199124,1
mathematical talk,4,0.0010940919037199124,1
text mining,4,0.0010940919037199124,1
internal communication,4,0.0010940919037199124,1
bibliometric analysis,4,0.0010940919037199124,1
short-form scale,4,0.0010940919037199124,1
self-report,4,0.0010940919037199124,1
irt,4,0.0010940919037199124,1
sleep deprivation,4,0.0010940919037199124,1
racial bias,4,0.0010940919037199124,1
attrition,4,0.0010940919037199124,1
black mothers,4,0.0010940919037199124,1
thriving,4,0.0010940919037199124,1
social network,4,0.0010940919037199124,1
abusive supervision,4,0.0010940919037199124,1
diffusion decision model,4,0.0010940919037199124,1
decision to shoot,4,0.0010940919037199124,1
caffeine,4,0.0010940919037199124,1
psychological assessment,4,0.0010940919037199124,1
arrest trends,4,0.0010940919037199124,1
parenting stress,4,0.0010940919037199124,1
mentalization,4,0.0010940919037199124,1
group interventions,4,0.0010940919037199124,1
ethnoracially minoritized caregivers and children,4,0.0010940919037199124,1
leader immorality encouragement,4,0.0010940919037199124,1
equations,4,0.0010940919037199124,1
differential,4,0.0010940919037199124,1
social well-being,4,0.0010940919037199124,1
cyberstalking,4,0.0010940919037199124,1
continuum mechanics,4,0.0010940919037199124,1
analysis,4,0.0010940919037199124,1
respondent burden,4,0.0010940919037199124,1
panel survey,4,0.0010940919037199124,1
digital trace data,4,0.0010940919037199124,1
water resource management,4,0.0010940919037199124,1
stakeholder engagement,4,0.0010940919037199124,1
natural resource governance,4,0.0010940919037199124,1
collaborative environmental management,4,0.0010940919037199124,1
family shame,4,0.0010940919037199124,1
family rejection,4,0.0010940919037199124,1
vegetation change tracker (vct),4,0.0010940919037199124,1
timber product output (tpo),4,0.0010940919037199124,1
random forest regression model,4,0.0010940919037199124,1
landsat time series stacks (ltss),4,0.0010940919037199124,1
temperature sensitive paints,4,0.0010940919037199124,1
personality traits,4,0.0010940919037199124,1
financial responsibility,4,0.0010940919037199124,1
financial capability,4,0.0010940919037199124,1
metadata,4,0.0010940919037199124,1
fair principles,4,0.0010940919037199124,1
digital objects,4,0.0010940919037199124,1
computable biomedical knowledge,4,0.0010940919037199124,1
relative clause,4,0.0010940919037199124,1
prepositional phrase,4,0.0010940919037199124,1
agreement attraction,4,0.0010940919037199124,1
symptom assessment,4,0.0010940919037199124,1
quality of life,4,0.0010940919037199124,1
drug-related side effects and adverse reactions,4,0.0010940919037199124,1
unethical pro-organizational behavior,4,0.0010940919037199124,1
self-serving unethical behavior,4,0.0010940919037199124,1
leader's organizational status,4,0.0010940919037199124,1
abortion barbie,4,0.0010940919037199124,1
product lifecycle integration,4,0.0010940919037199124,1
model-based enterprise,4,0.0010940919037199124,1
digital twin,4,0.0010940919037199124,1
digital thread,4,0.0010940919037199124,1
data interoperability,4,0.0010940919037199124,1
cybervictimization,4,0.0010940919037199124,1
cross-cultural,4,0.0010940919037199124,1
subject-verb agreement,4,0.0010940919037199124,1
sdia,4,0.0010940919037199124,1
neural differentiation,4,0.0010940919037199124,1
embryonic stem cells,4,0.0010940919037199124,1
3d,4,0.0010940919037199124,1
subjective well-being,4,0.0010940919037199124,1
seawater,4,0.0010940919037199124,1
regeneration,4,0.0010940919037199124,1
grafting,4,0.0010940919037199124,1
bis[(2-methacryloyloxy)ethyl] phosphate,4,0.0010940919037199124,1
therapist advice,4,0.0010940919037199124,1
psychodynamic psychotherapy,4,0.0010940919037199124,1
intent to act,4,0.0010940919037199124,1
client collaboration,4,0.0010940919037199124,1
characteristics of advice,4,0.0010940919037199124,1
school readiness,4,0.0010940919037199124,1
chinese,4,0.0010940919037199124,1
wendy davis,4,0.0010940919037199124,1
media frames,4,0.0010940919037199124,1
hb2 filibuster,4,0.0010940919037199124,1
chinese elementary students,4,0.0010940919037199124,1
aggression,4,0.0010940919037199124,1
symbolic convergence,4,0.0010940919037199124,1
rhetorical vision,4,0.0010940919037199124,1
social distancing,4,0.0010940919037199124,1
risk perception,4,0.0010940919037199124,1
integrative model,4,0.0010940919037199124,1
face mask,4,0.0010940919037199124,1
uranium,4,0.0010940919037199124,1
phase change,4,0.0010940919037199124,1
heat transfer coefficient,4,0.0010940919037199124,1
gravity,4,0.0010940919037199124,1
flow boiling,4,0.0010940919037199124,1
race and education,4,0.0010940919037199124,1
education policy,4,0.0010940919037199124,1
comparative education,4,0.0010940919037199124,1
affirmative action,4,0.0010940919037199124,1
supervisor-subordinate relationship,4,0.0010940919037199124,1
sibling constructs,4,0.0010940919037199124,1
listening,4,0.0010940919037199124,1
exploratory graph analysis,4,0.0010940919037199124,1
divergent validity,4,0.0010940919037199124,1
sport,4,0.0010940919037199124,1
safeguarding,4,0.0010940919037199124,1
injury prevention,4,0.0010940919037199124,1
radicalization,4,0.0010940919037199124,1
qanon,4,0.0010940919037199124,1
pizzagate,4,0.0010940919037199124,1
conspiracy theory,4,0.0010940919037199124,1
school climate,4,0.0010940919037199124,1
group processes,4,0.0010940919037199124,1
self green's function,4,0.0010940919037199124,1
selected inversion,4,0.0010940919037199124,1
modified poisson-boltzmann (mpb) equations,4,0.0010940919037199124,1
linear scaling,4,0.0010940919037199124,1
hierarchical interpolative factorization,4,0.0010940919037199124,1
therapeutic alliance,4,0.0010940919037199124,1
group therapy,4,0.0010940919037199124,1
dynamic structural equation modeling,4,0.0010940919037199124,1
binge eating disorder,4,0.0010940919037199124,1
remembered success,4,0.0010940919037199124,1
expectancy-value theory,4,0.0010940919037199124,1
iicaps,4,0.0010940919037199124,1
chronic absenteeism,4,0.0010940919037199124,1
visual framing,4,0.0010940919037199124,1
twitter ad creative image,4,0.0010940919037199124,1
social media engagement,4,0.0010940919037199124,1
natural disaster,4,0.0010940919037199124,1
humanitarian aid organization,4,0.0010940919037199124,1
capital,4,0.0010940919037199124,1
women of color,4,0.0010940919037199124,1
intergroup dialogue,4,0.0010940919037199124,1
time-series analysis,4,0.0010940919037199124,1
ndvi,4,0.0010940919037199124,1
india,4,0.0010940919037199124,1
change detection,4,0.0010940919037199124,1
pediatrics,4,0.0010940919037199124,1
latinos,4,0.0010940919037199124,1
health inequity,4,0.0010940919037199124,1
community-based care,4,0.0010940919037199124,1
child healthcare,4,0.0010940919037199124,1
coping styles,4,0.0010940919037199124,1
variance,4,0.0010940919037199124,1
variability,4,0.0010940919037199124,1
intraindividual differences,4,0.0010940919037199124,1
school refusal,4,0.0010940919037199124,1
intensive home-based treatment,4,0.0010940919037199124,1
in-home,4,0.0010940919037199124,1
multi-source spatial data,4,0.0010940919037199124,1
incline values,4,0.0010940919037199124,1
masculinities,4,0.0010940919037199124,1
hegemonic masculinity,4,0.0010940919037199124,1
google trends,4,0.0010940919037199124,1
health education,4,0.0010940919037199124,1
cancer screening,4,0.0010940919037199124,1
cancer disparities,4,0.0010940919037199124,1
ambivalent sexism,4,0.0010940919037199124,1
spoken language,4,0.0010940919037199124,1
language interaction,4,0.0010940919037199124,1
language input,4,0.0010940919037199124,1
deafness,4,0.0010940919037199124,1
cochlear implant,4,0.0010940919037199124,1
engineering risk assessment,4,0.0010940919037199124,1
decision support,4,0.0010940919037199124,1
causality,4,0.0010940919037199124,1
plea validity,4,0.0010940919037199124,1
plea colloquy,4,0.0010940919037199124,1
plea bargaining,4,0.0010940919037199124,1
misdemeanors,4,0.0010940919037199124,1
guilty pleas,4,0.0010940919037199124,1
semantic attribution,4,0.0010940919037199124,1
pedestrian path categorization,4,0.0010940919037199124,1
pedestrian networks,4,0.0010940919037199124,1
mathematics teacher educators,4,0.0010940919037199124,1
mathematical knowledge for teaching,4,0.0010940919037199124,1
justice,4,0.0010940919037199124,1
sfor,4,0.0010940919037199124,1
sfon,4,0.0010940919037199124,1
parent talk,4,0.0010940919037199124,1
numerical cognition,4,0.0010940919037199124,1
arithmetic,4,0.0010940919037199124,1
two-thirds power law,4,0.0010940919037199124,1
movement,4,0.0010940919037199124,1
motor,4,0.0010940919037199124,1
jerk,4,0.0010940919037199124,1
shiga toxin,4,0.0010940919037199124,1
probiotics,4,0.0010940919037199124,1
metabolites,4,0.0010940919037199124,1
ehec,4,0.0010940919037199124,1
science education,4,0.0010940919037199124,1
middle school,4,0.0010940919037199124,1
cognitive apprenticeships,4,0.0010940919037199124,1
argumentation,4,0.0010940919037199124,1
operations research,4,0.0010940919037199124,1
liver transplant,4,0.0010940919037199124,1
health care policy,4,0.0010940919037199124,1
geographical disparity,4,0.0010940919037199124,1
intervention reasoning,4,0.0010940919037199124,1
quantitative,4,0.0010940919037199124,1
family health,4,0.0010940919037199124,1
family demography,4,0.0010940919037199124,1
syntactic prediction,4,0.0010940919037199124,1
proficiency,4,0.0010940919037199124,1
processing,4,0.0010940919037199124,1
l2 learners,4,0.0010940919037199124,1
disjunction,4,0.0010940919037199124,1
writing,4,0.0010940919037199124,1
suburban inequality,4,0.0010940919037199124,1
spatial mismatch,4,0.0010940919037199124,1
segregation,4,0.0010940919037199124,1
gay and bisexual men of color,4,0.0010940919037199124,1
desirability,4,0.0010940919037199124,1
attractiveness,4,0.0010940919037199124,1
conjugated linoleic acid,4,0.0010940919037199124,1
trauma and stressor-related disorders,4,0.0010940919037199124,1
psychosocial interventions,4,0.0010940919037199124,1
post-traumatic stress disorder,4,0.0010940919037199124,1
cognitive-behavioural therapies,4,0.0010940919037199124,1
childhood experience,4,0.0010940919037199124,1
protege proactivity,4,0.0010940919037199124,1
protege benevolence.,4,0.0010940919037199124,1
mentor knowledge sharing and hiding,4,0.0010940919037199124,1
mentor benign and malicious envy,4,0.0010940919037199124,1
population ecology,4,0.0010940919037199124,1
interest groups,4,0.0010940919037199124,1
density dependence,4,0.0010940919037199124,1
work,4,0.0010940919037199124,1
covid-19 fears and stressors,4,0.0010940919037199124,1
neural network,4,0.0010940919037199124,1
machine intelligence,4,0.0010940919037199124,1
food analytics,4,0.0010940919037199124,1
analytical chemistry,4,0.0010940919037199124,1
water governance,4,0.0010940919037199124,1
q-methodology,4,0.0010940919037199124,1
hydrosocial,4,0.0010940919037199124,1
decentralization,4,0.0010940919037199124,1
urban inequality,4,0.0010940919037199124,1
suburbanization,4,0.0010940919037199124,1
motherhood,4,0.0010940919037199124,1
political economy,4,0.0010940919037199124,1
bridewealth,4,0.0010940919037199124,1
future of families and child wellbeing,4,0.0010940919037199124,1
father involvement,4,0.0010940919037199124,1
framing,4,0.0010940919037199124,1
followership,4,0.0010940919037199124,1
construct validation,4,0.0010940919037199124,1
positive youth development,4,0.0010940919037199124,1
family stress,4,0.0010940919037199124,1
volunteerism,4,0.0010940919037199124,1
severe disability,4,0.0010940919037199124,1
phenomenology,4,0.0010940919037199124,1
korean american,4,0.0010940919037199124,1
provider training,4,0.0010940919037199124,1
mental health care policy,4,0.0010940919037199124,1
cultural competency,4,0.0010940919037199124,1
latinx college students,4,0.0010940919037199124,1
systematic framework,4,0.0010940919037199124,1
community health literacy assessment,4,0.0010940919037199124,1
community health assessment,4,0.0010940919037199124,1
pandemic,4,0.0010940919037199124,1
negative affect,4,0.0010940919037199124,1
coping flexibility,4,0.0010940919037199124,1
suicidal thoughts and behaviors,4,0.0010940919037199124,1
dorothy espelage,4,0.0010940919037199124,1
bullying victimization,4,0.0010940919037199124,1
adult social support,4,0.0010940919037199124,1
causal impact analysis of income,4,0.0010940919037199124,1
proactive behaviors,4,0.0010940919037199124,1
myb,4,0.0010940919037199124,1
managing your boss,4,0.0010940919037199124,1
unaffected siblings,4,0.0010940919037199124,1
duchenne muscular dystrophy,4,0.0010940919037199124,1
maternal health,4,0.0010940919037199124,1
ecological systems theory,4,0.0010940919037199124,1
oxygenator thrombosis,4,0.0010940919037199124,1
oxygenator imaging,4,0.0010940919037199124,1
oxygenator flow,4,0.0010940919037199124,1
oxygenator clot,4,0.0010940919037199124,1
extracorporeal membrane oxygenation thrombus,4,0.0010940919037199124,1
urban air mobility,4,0.0010940919037199124,1
inner-ring suburbs,4,0.0010940919037199124,1
collective efficacy,4,0.0010940919037199124,1
anti-immigrant and racialized policing,4,0.0010940919037199124,1
spatial econometrics,4,0.0010940919037199124,1
higher education policy,4,0.0010940919037199124,1
higher education finance,4,0.0010940919037199124,1
economies of scale and scope,4,0.0010940919037199124,1
community colleges,4,0.0010940919037199124,1
whiteness,4,0.0010940919037199124,1
instructional communication,4,0.0010940919037199124,1
ideology,4,0.0010940919037199124,1
social distancing behavior,4,0.0010940919037199124,1
mobile location data,4,0.0010940919037199124,1
community differences,4,0.0010940919037199124,1
homeownership,4,0.0010940919037199124,1
violence against children,4,0.0010940919037199124,1
problem behavior,4,0.0010940919037199124,1
principal,4,0.0010940919037199124,1
classroom management,4,0.0010940919037199124,1
administrator,4,0.0010940919037199124,1
neighborhood revitalization,4,0.0010940919037199124,1
latinx immigrants and immigration,4,0.0010940919037199124,1
time-expanded network,4,0.0010940919037199124,1
routing and scheduling,4,0.0010940919037199124,1
mixed integer program,4,0.0010940919037199124,1
proteomics,4,0.0010940919037199124,1
peptidomics,4,0.0010940919037199124,1
metabolomics,4,0.0010940919037199124,1
mass spectrometry,4,0.0010940919037199124,1
vertical equity,4,0.0010940919037199124,1
racial equity,4,0.0010940919037199124,1
income tax,4,0.0010940919037199124,1
horizontal equity,4,0.0010940919037199124,1
individualization,4,0.0010940919037199124,1
content area instruction,4,0.0010940919037199124,1
racial disparity,4,0.0010940919037199124,1
maternal mortality,4,0.0010940919037199124,1
maternal morbidity,4,0.0010940919037199124,1
teacher learning,4,0.0010940919037199124,1
teacher leadership,4,0.0010940919037199124,1
voronoi's first reduction,4,0.0010940919037199124,1
selling decomposition,4,0.0010940919037199124,1
hamilton-jacobi equation,4,0.0010940919037199124,1
anisotropic elliptic equation,4,0.0010940919037199124,1
course-taking,4,0.0010940919037199124,1
college admission,4,0.0010940919037199124,1
adaptive finite differences,4,0.0010940919037199124,1
stock performance,4,0.0010940919037199124,1
information shocks,4,0.0010940919037199124,1
event study,4,0.0010940919037199124,1
asset pricing,4,0.0010940919037199124,1
morality,4,0.0010940919037199124,1
station teaching,4,0.0010940919037199124,1
television,4,0.0010940919037199124,1
metaphor,4,0.0010940919037199124,1
gangsters,4,0.0010940919037199124,1
film,4,0.0010940919037199124,1
cancer,4,0.0010940919037199124,1
youth delinquency,4,0.0010940919037199124,1
social stratification,4,0.0010940919037199124,1
school context,4,0.0010940919037199124,1
persistence,4,0.0010940919037199124,1
institutional care,4,0.0010940919037199124,1
cognitive difficulties,4,0.0010940919037199124,1
switch cost symmetry,4,0.0010940919037199124,1
community cultural wealth,4,0.0010940919037199124,1
black undergraduate women,4,0.0010940919037199124,1
risk-taking,4,0.0010940919037199124,1
latent profiles,4,0.0010940919037199124,1
transition to postsecondary education,4,0.0010940919037199124,1
persistence in school,4,0.0010940919037199124,1
music enrollment,4,0.0010940919037199124,1
language switching,4,0.0010940919037199124,1
school safety,4,0.0010940919037199124,1
school resource officers,4,0.0010940919037199124,1
police in schools,4,0.0010940919037199124,1
fermi-ulam,4,0.0010940919037199124,1
fermi acceleration,4,0.0010940919037199124,1
escaping orbit,4,0.0010940919037199124,1
ergodic theory,4,0.0010940919037199124,1
bouncing ball,4,0.0010940919037199124,1
social connectedness,4,0.0010940919037199124,1
cultural differences,4,0.0010940919037199124,1
photo elicitation,4,0.0010940919037199124,1
technical,4,0.0010940919037199124,1
physical,4,0.0010940919037199124,1
net zero energy retrofit,4,0.0010940919037199124,1
economic,4,0.0010940919037199124,1
racial structure,4,0.0010940919037199124,1
neighborhoods,4,0.0010940919037199124,1
ethno-racial inequality,4,0.0010940919037199124,1
peer exclusion,4,0.0010940919037199124,1
glucosinolates and sulforaphane,4,0.0010940919037199124,1
elicitors,4,0.0010940919037199124,1
broccoli sprouts,4,0.0010940919037199124,1
traceability,4,0.0010940919037199124,1
distributed ledger technology (dlt),4,0.0010940919037199124,1
cotton,4,0.0010940919037199124,1
blockchain,4,0.0010940919037199124,1
sino-american relations,4,0.0010940919037199124,1
donald trump,4,0.0010940919037199124,1
diversionary war theory,4,0.0010940919037199124,1
relationship discord,4,0.0010940919037199124,1
couple-based intervention,4,0.0010940919037199124,1
lexical decision task,4,0.0010940919037199124,1
team creativity,4,0.0010940919037199124,1
network centralization,4,0.0010940919037199124,1
information elaboration,4,0.0010940919037199124,1
external knowledge,4,0.0010940919037199124,1
underlying mechanism,4,0.0010940919037199124,1
immunomodulatory activity,4,0.0010940919037199124,1
college issues,4,0.0010940919037199124,1
language processing,4,0.0010940919037199124,1
executive functions,4,0.0010940919037199124,1
lgbq,4,0.0010940919037199124,1
concealment,4,0.0010940919037199124,1
registered dietitian nutritionist,4,0.0010940919037199124,1
medical nutrition therapy,4,0.0010940919037199124,1
interprofessional,4,0.0010940919037199124,1
hemoglobin a1c,4,0.0010940919037199124,1
diabetes mellitus,4,0.0010940919037199124,1
perceived partner responsiveness,4,0.0010940919037199124,1
negative and positive affect,4,0.0010940919037199124,1
organized crime,4,0.0010940919037199124,1
mafia,4,0.0010940919037199124,1
drug trafficking,4,0.0010940919037199124,1
vagal tone,4,0.0010940919037199124,1
respiratory sinus arrhythmia,4,0.0010940919037199124,1
internalizing and externalizing problems,4,0.0010940919037199124,1
criminal organizations,4,0.0010940919037199124,1
daily partner interactions,4,0.0010940919037199124,1
aging,4,0.0010940919037199124,1
newton's second law,4,0.0010940919037199124,1
maximum height,4,0.0010940919037199124,1
mass error,4,0.0010940919037199124,1
jumping,4,0.0010940919037199124,1
pacific propolis,4,0.0010940919037199124,1
p21-activated kinase 1,4,0.0010940919037199124,1
macaranga-type propolis,4,0.0010940919037199124,1
herbal therapeutics,4,0.0010940919037199124,1
railway,4,0.0010940919037199124,1
crossing,4,0.0010940919037199124,1
alignment,4,0.0010940919037199124,1
uncertainty quantification,4,0.0010940919037199124,1
robustness guarantees,4,0.0010940919037199124,1
optimal experimental design,4,0.0010940919037199124,1
linear quadratic gaussian,4,0.0010940919037199124,1
stereotype,4,0.0010940919037199124,1
ageing narratives,4,0.0010940919037199124,1
sinaloa cartel,4,0.0010940919037199124,1
bee product,4,0.0010940919037199124,1
metals,4,0.0010940919037199124,1
marine sediments,4,0.0010940919037199124,1
dredging,4,0.0010940919037199124,1
transparency,4,0.0010940919037199124,1
private donations,4,0.0010940919037199124,1
political connections,4,0.0010940919037199124,1
moderation effect,4,0.0010940919037199124,1
chinese foundations,4,0.0010940919037199124,1
fisher identifiability,4,0.0010940919037199124,1
rapoport-zink spaces,4,0.0010940919037199124,1
lubin-tate space,4,0.0010940919037199124,1
drinfeld space,4,0.0010940919037199124,1
affine weyl group,4,0.0010940919037199124,1
affine deligne-lusztig varieties,4,0.0010940919037199124,1
volatility jumps,4,0.0010940919037199124,1
news,4,0.0010940919037199124,1
behavioral finance,4,0.0010940919037199124,1
optimisation,4,0.0010940919037199124,1
terror networks,4,0.0010940919037199124,1
foreign fighters,4,0.0010940919037199124,1
curriculum,4,0.0010940919037199124,1
road,4,0.0010940919037199124,1
washington metropolitan area,4,0.0010940919037199124,1
multifamily rent,4,0.0010940919037199124,1
small-group instruction,4,0.0010940919037199124,1
fidelity of implementation,4,0.0010940919037199124,1
emergent literacy intervention,4,0.0010940919037199124,1
dosage,4,0.0010940919037199124,1
size distribution of manufacturing plants,4,0.0010940919037199124,1
quality,4,0.0010940919037199124,1
markups,4,0.0010940919037199124,1
allocative efficiency,4,0.0010940919037199124,1
light-weight part,4,0.0010940919037199124,1
generative design,4,0.0010940919037199124,1
finite-element simulation,4,0.0010940919037199124,1
cellular structure,4,0.0010940919037199124,1
p factor,4,0.0010940919037199124,1
motor activity,4,0.0010940919037199124,1
general factor,4,0.0010940919037199124,1
common factors,4,0.0010940919037199124,1
phonological categorization,4,0.0010940919037199124,1
nonnative listeners,4,0.0010940919037199124,1
memory consolidation,4,0.0010940919037199124,1
lexical encoding,4,0.0010940919037199124,1
allophonic variation,4,0.0010940919037199124,1
policy analysis,4,0.0010940919037199124,1
pakistan,4,0.0010940919037199124,1
climate governance,4,0.0010940919037199124,1
men's beverage preferences,4,0.0010940919037199124,1
masculinity threat,4,0.0010940919037199124,1
drive for muscularity,4,0.0010940919037199124,1
body appreciation,4,0.0010940919037199124,1
therapy outcomes,4,0.0010940919037199124,1
advisor satisfaction,4,0.0010940919037199124,1
military organization,4,0.0010940919037199124,1
insurgency,4,0.0010940919037199124,1
civilian control,4,0.0010940919037199124,1
civil-military relations,4,0.0010940919037199124,1
trouton's rule,4,0.0010940919037199124,1
roseboom,4,0.0010940919037199124,1
enthalpy of vaporization,4,0.0010940919037199124,1
enthalpy of sublimation,4,0.0010940919037199124,1
title xxi-ssa,4,0.0010940919037199124,1
pennsylvania chip,4,0.0010940919037199124,1
mch history,4,0.0010940919037199124,1
chip,4,0.0010940919037199124,1
child health insurance,4,0.0010940919037199124,1
mechanics design,4,0.0010940919037199124,1
hydrogen bonding,4,0.0010940919037199124,1
gangs,4,0.0010940919037199124,1
entry processes,4,0.0010940919037199124,1
criminal groups,4,0.0010940919037199124,1
social identity,4,0.0010940919037199124,1
millennial generation,4,0.0010940919037199124,1
generation z,4,0.0010940919037199124,1
smart city,4,0.0010940919037199124,1
p-h-c space,4,0.0010940919037199124,1
music education,4,0.0010940919037199124,1
music demographics,4,0.0010940919037199124,1
longitudinal data system,4,0.0010940919037199124,1
college transition,4,0.0010940919037199124,1
stroke,4,0.0010940919037199124,1
patient portal,4,0.0010940919037199124,1
e-visit,4,0.0010940919037199124,1
intimate partner violence (ipv) perpetration,4,0.0010940919037199124,1
driving factors,4,0.0010940919037199124,1
functional materials,4,0.0010940919037199124,1
cellulose,4,0.0010940919037199124,1
social justice and equity,4,0.0010940919037199124,1
historic preservation,4,0.0010940919037199124,1
faculty productivity,4,0.0010940919037199124,1
episteme,4,0.0010940919037199124,1
critical heritage studies,4,0.0010940919037199124,1
patellofemoral pain,4,0.0010940919037199124,1
midsole drop,4,0.0010940919037199124,1
knee injury,4,0.0010940919037199124,1
sti,4,0.0010940919037199124,1
structure-mechanics relations,4,0.0010940919037199124,1
measurement quality,4,0.0010940919037199124,1
app data collection,4,0.0010940919037199124,1
street basketball,4,0.0010940919037199124,1
sports media,4,0.0010940919037199124,1
racial representation,4,0.0010940919037199124,1
black expressivity,4,0.0010940919037199124,1
black culture,4,0.0010940919037199124,1
topological dependence,4,0.0010940919037199124,1
single-phase flow,4,0.0010940919037199124,1
lattice-based heat sinks,4,0.0010940919037199124,1
heat transfer,4,0.0010940919037199124,1
convective heat dissipation,4,0.0010940919037199124,1
reward positivity,4,0.0010940919037199124,1
family support,4,0.0010940919037199124,1
adolescent peer relations,4,0.0010940919037199124,1
telerehabilitation,4,0.0010940919037199124,1
externalizing,4,0.0010940919037199124,1
discourse analysis,4,0.0010940919037199124,1
conversational turns,4,0.0010940919037199124,1
consumer-brand relationship,4,0.0010940919037199124,1
brand crisis,4,0.0010940919037199124,1
brand connections,4,0.0010940919037199124,1
race-related barriers,4,0.0010940919037199124,1
moderated mediation model,4,0.0010940919037199124,1
african american men,4,0.0010940919037199124,1
passive measurements,4,0.0010940919037199124,1
energy absorption,4,0.0010940919037199124,1
acl,4,0.0010940919037199124,1
eye tracking,4,0.0010940919037199124,1
artworks,4,0.0010940919037199124,1
art gallery,4,0.0010940919037199124,1
aesthetics,4,0.0010940919037199124,1
refugee,4,0.0010940919037199124,1
funds of knowledges,4,0.0010940919037199124,1
personal values,4,0.0010940919037199124,1
nicotine addiction,4,0.0010940919037199124,1
electronic nicotine delivery system (ends,4,0.0010940919037199124,1
e-cigarettes,4,0.0010940919037199124,1
dual use of ends and cigarettes,4,0.0010940919037199124,1
sexual and reproductive health,4,0.0010940919037199124,1
condom use,4,0.0010940919037199124,1
sustainable development,4,0.0010940919037199124,1
fujian province,4,0.0010940919037199124,1
ecological index,4,0.0010940919037199124,1
carbon footprint,4,0.0010940919037199124,1
carbon emission,4,0.0010940919037199124,1
regulatory mode,4,0.0010940919037199124,1
locomotion,4,0.0010940919037199124,1
hopeful thinking,4,0.0010940919037199124,1
hope,4,0.0010940919037199124,1
drawings,4,0.0010940919037199124,1
career aspirations,4,0.0010940919037199124,1
black futures,4,0.0010940919037199124,1
developmental psychopathology,4,0.0010940919037199124,1
child depression,4,0.0010940919037199124,1
academic performance,4,0.0010940919037199124,1
distress intolerance,4,0.0010940919037199124,1
african american college students,4,0.0010940919037199124,1
recategorization,4,0.0010940919037199124,1
interracial relationships,4,0.0010940919037199124,1
communal relationships,4,0.0010940919037199124,1
common ingroup identity,4,0.0010940919037199124,1
unfolded protein response,4,0.0010940919037199124,1
linguistic co-occurrence,4,0.0010940919037199124,1
grammatical complexity,4,0.0010940919037199124,1
within-person,4,0.0010940919037199124,1
child irritability,4,0.0010940919037199124,1
morphosyntax,4,0.0010940919037199124,1
heritage speakers,4,0.0010940919037199124,1
heritage russian,4,0.0010940919037199124,1
diminished input,4,0.0010940919037199124,1
cross-linguistic influence,4,0.0010940919037199124,1
reciprocal effects,4,0.0010940919037199124,1
pathways to depression,4,0.0010940919037199124,1
phytocompounds,4,0.0010940919037199124,1
perk receptor,4,0.0010940919037199124,1
neuropathic pain,4,0.0010940919037199124,1
molecular docking,4,0.0010940919037199124,1
process data,4,0.0010940919037199124,1
action time,4,0.0010940919037199124,1
transition,4,0.0010940919037199124,1
behavior skills training,4,0.0010940919037199124,1
zenk,4,0.0010940919037199124,1
hormone,4,0.0010940919037199124,1
female song,4,0.0010940919037199124,1
cordon bleu,4,0.0010940919037199124,1
electoral accountability,4,0.0010940919037199124,1
black children,4,0.0010940919037199124,1
africentric values,4,0.0010940919037199124,1
drug use,4,0.0010940919037199124,1
shake table testing,4,0.0010940919037199124,1
semi-active control,4,0.0010940919037199124,1
real-time hybrid simulation,4,0.0010940919037199124,1
rate-independent linear damping,4,0.0010940919037199124,1
inter-story isolation,4,0.0010940919037199124,1
longitudinal study,4,0.0010940919037199124,1
theory-based models,4,0.0010940919037199124,1
text complexity,4,0.0010940919037199124,1
syntactic functions,4,0.0010940919037199124,1
code-switching,4,0.0010940919037199124,1
vehicle volume,4,0.0010940919037199124,1
origin and destination data,4,0.0010940919037199124,1
adult identity profiles,4,0.0010940919037199124,1
adolescent health,4,0.0010940919037199124,1
neuroimaging,4,0.0010940919037199124,1
attention,4,0.0010940919037199124,1
location-based services,4,0.0010940919037199124,1
cloud computing,4,0.0010940919037199124,1
big data analytics,4,0.0010940919037199124,1
audience costs,4,0.0010940919037199124,1
brain,4,0.0010940919037199124,1
vulnerability manipulation,4,0.0010940919037199124,1
older adults,4,0.0010940919037199124,1
health fraud,4,0.0010940919037199124,1
emotional labour,4,0.0010940919037199124,1
asian american parents,4,0.0010940919037199124,1
narrative criminology,4,0.0010940919037199124,1
ripple carry adder,4,0.0010940919037199124,1
transportation equity,4,0.0010940919037199124,1
school choice,4,0.0010940919037199124,1
mobility justice,4,0.0010940919037199124,1
education equity,4,0.0010940919037199124,1
transportation problem,4,0.0010940919037199124,1
multi-index,4,0.0010940919037199124,1
impaired flow,4,0.0010940919037199124,1
enhanced flow,4,0.0010940919037199124,1
caterer problem,4,0.0010940919037199124,1
syntax,4,0.0010940919037199124,1
reading times,4,0.0010940919037199124,1
corpora,4,0.0010940919037199124,1
variational iteration method,4,0.0010940919037199124,1
structural health monitoring,4,0.0010940919037199124,1
shape function,4,0.0010940919037199124,1
laplace transform,4,0.0010940919037199124,1
elastic boundary condition,4,0.0010940919037199124,1
black americans,4,0.0010940919037199124,1
macrophages,4,0.0010940919037199124,1
inflammation,4,0.0010940919037199124,1
cytokines,4,0.0010940919037199124,1
carry-look ahead,4,0.0010940919037199124,1
carry select adder,4,0.0010940919037199124,1
adder,4,0.0010940919037199124,1
4-bit adder,4,0.0010940919037199124,1
flip-flops,4,0.0010940919037199124,1
fraxinussp,4,0.0010940919037199124,1
emamectin benzoate,4,0.0010940919037199124,1
agrilus planipennis,4,0.0010940919037199124,1
asian american families,4,0.0010940919037199124,1
structural racism,4,0.0010940919037199124,1
fundamental cause theory,4,0.0010940919037199124,1
regional climate model,4,0.0010940919037199124,1
land-ocean thermal contrast,4,0.0010940919037199124,1
east asian summer monsoon,4,0.0010940919037199124,1
dynamical downscaling,4,0.0010940919037199124,1
cwrf,4,0.0010940919037199124,1
rutin,4,0.0010940919037199124,1
pectin,4,0.0010940919037199124,1
ovalbumin,4,0.0010940919037199124,1
monascus pigments,4,0.0010940919037199124,1
hydrogen energy policy,4,0.0010940919037199124,1
green hydrogen,4,0.0010940919037199124,1
content analysis,4,0.0010940919037199124,1
bibliometrics,4,0.0010940919037199124,1
social context,4,0.0010940919037199124,1
belonging,4,0.0010940919037199124,1
non-governmental organization,4,0.0010940919037199124,1
coalitions,4,0.0010940919037199124,1
wildland urban interface (wui),4,0.0010940919037199124,1
wildfire egress,4,0.0010940919037199124,1
evacuation,4,0.0010940919037199124,1
splintering,4,0.0010940919037199124,1
vocabulary knowledge,4,0.0010940919037199124,1
vocabulary assessment,4,0.0010940919037199124,1
relational reasoning,4,0.0010940919037199124,1
cultural mismatch theory,4,0.0010940919037199124,1
asian immigrant families,4,0.0010940919037199124,1
low-carbon society,4,0.0010940919037199124,1
soybean dietary fibers,3,0.0008205689277899343,1
advertising and promotion,3,0.0008205689277899343,2
public policy,3,0.0008205689277899343,2
harm reduction,3,0.0008205689277899343,2
electronic nicotine delivery devices,3,0.0008205689277899343,2
addiction,3,0.0008205689277899343,2
value-added tax,3,0.0008205689277899343,1
labor,3,0.0008205689277899343,1
investment,3,0.0008205689277899343,1
social rejection,3,0.0008205689277899343,1
life satisfaction,3,0.0008205689277899343,1
ingroup,3,0.0008205689277899343,1
ontological turn,3,0.0008205689277899343,1
indigenous knowledge,3,0.0008205689277899343,1
coproduction,3,0.0008205689277899343,1
problem-solving,3,0.0008205689277899343,1
cultural humility,3,0.0008205689277899343,1
visual feedback,3,0.0008205689277899343,1
motor performance,3,0.0008205689277899343,1
investigations,3,0.0008205689277899343,1
evidence-based policing,3,0.0008205689277899343,1
detective,3,0.0008205689277899343,1
clearance rates,3,0.0008205689277899343,1
routing,3,0.0008205689277899343,1
computer networks,3,0.0008205689277899343,1
communication networks,3,0.0008205689277899343,1
algorithms,3,0.0008205689277899343,1
mixed-methods systematic review,3,0.0008205689277899343,1
optimal bingham number,3,0.0008205689277899343,1
minimum duration deceleration exposure control,3,0.0008205689277899343,1
magnetorheological energy absorber,3,0.0008205689277899343,1
rebel leaders,3,0.0008205689277899343,1
elections,3,0.0008205689277899343,1
patch size,3,0.0008205689277899343,1
forestry,3,0.0008205689277899343,1
neighbourhood interactions,3,0.0008205689277899343,1
integrative traits,3,0.0008205689277899343,1
queer populations,3,0.0008205689277899343,1
liberatory design,3,0.0008205689277899343,1
information and communication technologies,3,0.0008205689277899343,1
motor learning,3,0.0008205689277899343,1
event uncertainty,3,0.0008205689277899343,1
dichotomous endpoint,3,0.0008205689277899343,1
adjudication,3,0.0008205689277899343,1
hedging,3,0.0008205689277899343,1
derivatives,3,0.0008205689277899343,1
teacher burnout,3,0.0008205689277899343,1
resources,3,0.0008205689277899343,1
demands,3,0.0008205689277899343,1
stylistic cues,3,0.0008205689277899343,1
message effects,3,0.0008205689277899343,1
communication research,3,0.0008205689277899343,1
citation rates,3,0.0008205689277899343,1
shock mitigation,3,0.0008205689277899343,1
substance use problems,3,0.0008205689277899343,1
social information processing,3,0.0008205689277899343,1
intergenerational,3,0.0008205689277899343,1
teacher professional learning,3,0.0008205689277899343,1
teacher professional identity,3,0.0008205689277899343,1
positioning,3,0.0008205689277899343,1
institutional structure,3,0.0008205689277899343,1
suicidal ideation,3,0.0008205689277899343,1
involuntary celibates,3,0.0008205689277899343,1
incels,3,0.0008205689277899343,1
multiple imputation,3,0.0008205689277899343,1
measurement development,3,0.0008205689277899343,1
risk neutral density,3,0.0008205689277899343,1
recovery theorem,3,0.0008205689277899343,1
implied probabilities,3,0.0008205689277899343,1
unconventional weapons,3,0.0008205689277899343,1
extremism,3,0.0008205689277899343,1
cbrn,3,0.0008205689277899343,1
research design,3,0.0008205689277899343,1
experimental,3,0.0008205689277899343,1
content validity,3,0.0008205689277899343,1
low-dose computed tomography,3,0.0008205689277899343,1
informed decision-making,3,0.0008205689277899343,1
turnout,3,0.0008205689277899343,1
registration,3,0.0008205689277899343,1
field experiment,3,0.0008205689277899343,1
investment efficiency,3,0.0008205689277899343,1
information environment,3,0.0008205689277899343,1
deposit insurance,3,0.0008205689277899343,1
banks,3,0.0008205689277899343,1
self-regulation,3,0.0008205689277899343,1
middle school band,3,0.0008205689277899343,1
lithium-sulfur batteries,3,0.0008205689277899343,1
all-solid-state lithium batteries,3,0.0008205689277899343,1
banking crises,3,0.0008205689277899343,1
statistical ranking and selection,3,0.0008205689277899343,1
spectral clustering,3,0.0008205689277899343,1
unsupervised feature learning,3,0.0008205689277899343,1
sparse filtering,3,0.0008205689277899343,1
rotating machinery,3,0.0008205689277899343,1
intelligent fault diagnosis,3,0.0008205689277899343,1
land use regulations,3,0.0008205689277899343,1
lung cancer screening,3,0.0008205689277899343,1
children,3,0.0008205689277899343,1
gene function,3,0.0008205689277899343,1
food safety,3,0.0008205689277899343,1
food policy,3,0.0008205689277899343,1
common pool resource,3,0.0008205689277899343,1
collective reputation,3,0.0008205689277899343,1
psychometric property,3,0.0008205689277899343,1
multi-dimension,3,0.0008205689277899343,1
82b26,3,0.0008205689277899343,1
35k10,3,0.0008205689277899343,1
surrogate model,3,0.0008205689277899343,1
togetherness,3,0.0008205689277899343,1
shared memories,3,0.0008205689277899343,1
shared experiences,3,0.0008205689277899343,1
close relationships,3,0.0008205689277899343,1
variable working conditions,3,0.0008205689277899343,1
transfer learning,3,0.0008205689277899343,1
fault diagnosis,3,0.0008205689277899343,1
condition monitoring,3,0.0008205689277899343,1
82d60,3,0.0008205689277899343,1
sulfide electrolytes,3,0.0008205689277899343,1
sulfide cathodes,3,0.0008205689277899343,1
refugees,3,0.0008205689277899343,1
intergroup relations,3,0.0008205689277899343,1
intergroup metaperceptions,3,0.0008205689277899343,1
light rail,3,0.0008205689277899343,1
whiteness and power,3,0.0008205689277899343,1
community,3,0.0008205689277899343,1
linear regression,3,0.0008205689277899343,1
large deviations,3,0.0008205689277899343,1
refugee camps,3,0.0008205689277899343,1
fire spread,3,0.0008205689277899343,1
fire investigation,3,0.0008205689277899343,1
fire incident reconstruction,3,0.0008205689277899343,1
82b27,3,0.0008205689277899343,1
team reflexivity,3,0.0008205689277899343,1
team innovation,3,0.0008205689277899343,1
passion diversity,3,0.0008205689277899343,1
mean passion,3,0.0008205689277899343,1
polynomial chaos expansion,3,0.0008205689277899343,1
concrete,3,0.0008205689277899343,1
screening,3,0.0008205689277899343,1
reading disability,3,0.0008205689277899343,1
second chance pell,3,0.0008205689277899343,1
population eligibility,3,0.0008205689277899343,1
corrections,3,0.0008205689277899343,1
rebel groups,3,0.0008205689277899343,1
legitimacy,3,0.0008205689277899343,1
demagoguery,3,0.0008205689277899343,1
boomers,3,0.0008205689277899343,1
task-based language teaching (tblt),3,0.0008205689277899343,1
medical spanish,3,0.0008205689277899343,1
language for specific purposes,3,0.0008205689277899343,1
curriculum development,3,0.0008205689277899343,1
sex determination,3,0.0008205689277899343,1
hintw,3,0.0008205689277899343,1
relationship dynamics,3,0.0008205689277899343,1
female perpetration,3,0.0008205689277899343,1
chinese college students,3,0.0008205689277899343,1
prospective memory,3,0.0008205689277899343,1
neuropsychological assessment,3,0.0008205689277899343,1
executive functioning,3,0.0008205689277899343,1
financial worries,3,0.0008205689277899343,1
financial strains,3,0.0008205689277899343,1
intergroup contact theory,3,0.0008205689277899343,1
inside-out prison exchange program,3,0.0008205689277899343,1
correctional programming,3,0.0008205689277899343,1
structured latent curve model,3,0.0008205689277899343,1
spline,3,0.0008205689277899343,1
multiphase,3,0.0008205689277899343,1
conditionally-linear growth models,3,0.0008205689277899343,1
privacy implementation,3,0.0008205689277899343,1
differentiated policy implementation,3,0.0008205689277899343,1
dependent rounding,3,0.0008205689277899343,1
completion time,3,0.0008205689277899343,1
preschool sadness,3,0.0008205689277899343,1
preschool irritability,3,0.0008205689277899343,1
predictive validity,3,0.0008205689277899343,1
emotion dynamics,3,0.0008205689277899343,1
spatial analysis,3,0.0008205689277899343,1
public education,3,0.0008205689277899343,1
privatization,3,0.0008205689277899343,1
coteaching,3,0.0008205689277899343,1
new public management,3,0.0008205689277899343,1
unmanned autonomous vehicles,3,0.0008205689277899343,1
marine navigation,3,0.0008205689277899343,1
certification,3,0.0008205689277899343,1
remediation,3,0.0008205689277899343,1
politics of public health,3,0.0008205689277899343,1
environmental planning,3,0.0008205689277899343,1
neural networks,3,0.0008205689277899343,1
macroscopic traffic flow modelling,3,0.0008205689277899343,1
attachment,3,0.0008205689277899343,1
theorists,3,0.0008205689277899343,1
theories,3,0.0008205689277899343,1
snappy,3,0.0008205689277899343,1
l-space knot,3,0.0008205689277899343,1
braid,3,0.0008205689277899343,1
asymmetric,3,0.0008205689277899343,1
psychotherapy process and outcome,3,0.0008205689277899343,1
client and therapist factors,3,0.0008205689277899343,1
advice-giving,3,0.0008205689277899343,1
open space,3,0.0008205689277899343,1
private regard,3,0.0008205689277899343,1
path analysis,3,0.0008205689277899343,1
security priming,3,0.0008205689277899343,1
parental attitudes,3,0.0008205689277899343,1
primordial germ cells,3,0.0008205689277899343,1
narrow,3,0.0008205689277899343,1
bmp4,3,0.0008205689277899343,1
traffic state estimation,3,0.0008205689277899343,1
physics-guided machine learning,3,0.0008205689277899343,1
narrative point of view,3,0.0008205689277899343,1
narrative persuasion,3,0.0008205689277899343,1
relational,3,0.0008205689277899343,1
work status,3,0.0008205689277899343,1
spousal caregiving,3,0.0008205689277899343,1
mental well-being,3,0.0008205689277899343,1
monetary rewards,3,0.0008205689277899343,1
digital corporate platforms,3,0.0008205689277899343,1
canceling incentives,3,0.0008205689277899343,1
variable-length,3,0.0008205689277899343,1
prefix code,3,0.0008205689277899343,1
non-overlapping code,3,0.0008205689277899343,1
fixed-length,3,0.0008205689277899343,1
thermal boundary conductance,3,0.0008205689277899343,1
self-assembled monolayers,3,0.0008205689277899343,1
monolayer mos2,3,0.0008205689277899343,1
transactional,3,0.0008205689277899343,1
survey experiments,3,0.0008205689277899343,1
rubrics,3,0.0008205689277899343,1
k-12,3,0.0008205689277899343,1
computer science education,3,0.0008205689277899343,1
political psychology,3,0.0008205689277899343,1
policy attitudes,3,0.0008205689277899343,1
persuasion,3,0.0008205689277899343,1
sprawl,3,0.0008205689277899343,1
residential,3,0.0008205689277899343,1
nickel,3,0.0008205689277899343,1
copper,3,0.0008205689277899343,1
bimetallic nanoparticles,3,0.0008205689277899343,1
land-use planning,3,0.0008205689277899343,1
vehicle routing problem,3,0.0008205689277899343,1
traveling salesman problem,3,0.0008205689277899343,1
combinatorial optimization,3,0.0008205689277899343,1
supervenience,3,0.0008205689277899343,1
moral non-naturalism,3,0.0008205689277899343,1
difference-making,3,0.0008205689277899343,1
global learning,3,0.0008205689277899343,1
global health,3,0.0008205689277899343,1
community health workers,3,0.0008205689277899343,1
inconsistent case bases,3,0.0008205689277899343,1
product ranking,3,0.0008205689277899343,1
cannabis,3,0.0008205689277899343,1
teaching efficacy,3,0.0008205689277899343,1
teacher professional development,3,0.0008205689277899343,1
classroom context,3,0.0008205689277899343,1
marital quality,3,0.0008205689277899343,1
interpersonal discrimination,3,0.0008205689277899343,1
dyadic data,3,0.0008205689277899343,1
online matching,3,0.0008205689277899343,1
competitive ratio,3,0.0008205689277899343,1
one-pot synthesis,3,0.0008205689277899343,1
gaussian fluctuations,3,0.0008205689277899343,1
technology-based intervention,3,0.0008205689277899343,1
synthesis,3,0.0008205689277899343,1
stem,3,0.0008205689277899343,1
autistic students,3,0.0008205689277899343,1
sports medicine,3,0.0008205689277899343,1
pacing & electrophysiology,3,0.0008205689277899343,1
health informatics,3,0.0008205689277899343,1
cardiology,3,0.0008205689277899343,1
single photon sources,3,0.0008205689277899343,1
nanophotonics,3,0.0008205689277899343,1
epitaxial quantum dots,3,0.0008205689277899343,1
direct laser writing,3,0.0008205689277899343,1
reason model,3,0.0008205689277899343,1
precedential constraint,3,0.0008205689277899343,1
legal case-based reasoning,3,0.0008205689277899343,1
professional legitimacy,3,0.0008205689277899343,1
faculty members,3,0.0008205689277899343,1
dual-career academic couples,3,0.0008205689277899343,1
disease registry,3,0.0008205689277899343,1
stochastic heat equation,3,0.0008205689277899343,1
stein's method,3,0.0008205689277899343,1
malliavin calculus,3,0.0008205689277899343,1
dielectric layer,3,0.0008205689277899343,1
speech-language pathology,3,0.0008205689277899343,1
slps,3,0.0008205689277899343,1
employees' information-sharing networks,3,0.0008205689277899343,1
employee voice behavior,3,0.0008205689277899343,1
employee engagement,3,0.0008205689277899343,1
egocentric network approach,3,0.0008205689277899343,1
structural design,3,0.0008205689277899343,1
nanotechnology,3,0.0008205689277899343,1
future foods,3,0.0008205689277899343,1
maternal smoking during pregnancy,3,0.0008205689277899343,1
dohad,3,0.0008205689277899343,1
attitudes towards ageing,3,0.0008205689277899343,1
task value,3,0.0008205689277899343,1
relevance,3,0.0008205689277899343,1
personal interest,3,0.0008205689277899343,1
urban agriculture,3,0.0008205689277899343,1
laws of nature,3,0.0008205689277899343,1
induction,3,0.0008205689277899343,1
humeanism,3,0.0008205689277899343,1
tradeoff analysis,3,0.0008205689277899343,1
space-state network,3,0.0008205689277899343,1
loading optimization,3,0.0008205689277899343,1
automobile shipping,3,0.0008205689277899343,1
social bias,3,0.0008205689277899343,1
fetuses-at risk approach,3,0.0008205689277899343,1
quality improvement,3,0.0008205689277899343,1
population health,3,0.0008205689277899343,1
pediatric asthma,3,0.0008205689277899343,1
stem students,3,0.0008205689277899343,1
postgraduation plans,3,0.0008205689277899343,1
hpv vaccine,3,0.0008205689277899343,1
cancer prevention,3,0.0008205689277899343,1
minoritized families,3,0.0008205689277899343,1
culturally responsive,3,0.0008205689277899343,1
neonatal intensive care units,3,0.0008205689277899343,1
speech,3,0.0008205689277899343,1
special issue introduction,3,0.0008205689277899343,1
language pathologist,3,0.0008205689277899343,1
barker hypothesis,3,0.0008205689277899343,1
heat load,3,0.0008205689277899343,1
football conditioning,3,0.0008205689277899343,1
exertion intensity,3,0.0008205689277899343,1
adverse childhood experiences,3,0.0008205689277899343,1
beyond standard model,3,0.0008205689277899343,1
illegal earnings,3,0.0008205689277899343,1
gender and crime,3,0.0008205689277899343,1
criminal achievement,3,0.0008205689277899343,1
government crisis messaging,3,0.0008205689277899343,1
compliance with policies,3,0.0008205689277899343,1
citizen online engagement,3,0.0008205689277899343,1
stillbirth,3,0.0008205689277899343,1
maternal nativity,3,0.0008205689277899343,1
foreign-born,3,0.0008205689277899343,1
computational thinking,3,0.0008205689277899343,1
academic public health,3,0.0008205689277899343,1
transformational change,3,0.0008205689277899343,1
school library programmes,3,0.0008205689277899343,1
nonprofit advocacy,3,0.0008205689277899343,1
legal aid,3,0.0008205689277899343,1
youth services,3,0.0008205689277899343,1
youth learning,3,0.0008205689277899343,1
black men,3,0.0008205689277899343,1
twist,3,0.0008205689277899343,1
statistical privacy,3,0.0008205689277899343,1
sensor networks,3,0.0008205689277899343,1
large-scale systems,3,0.0008205689277899343,1
distributed optimization,3,0.0008205689277899343,1
rebellion,3,0.0008205689277899343,1
conflict,3,0.0008205689277899343,1
vector boson production,3,0.0008205689277899343,1
jets,3,0.0008205689277899343,1
hadron-hadron scattering,3,0.0008205689277899343,1
walkability,3,0.0008205689277899343,1
environmental design,3,0.0008205689277899343,1
electrodermal activity (eda),3,0.0008205689277899343,1
biosensing,3,0.0008205689277899343,1
teacher perceptions,3,0.0008205689277899343,1
children with disabilities,3,0.0008205689277899343,1
topical delivery,3,0.0008205689277899343,1
thermosensitive,3,0.0008205689277899343,1
sustained delivery,3,0.0008205689277899343,1
melanin binding,3,0.0008205689277899343,1
saethre-chotzen,3,0.0008205689277899343,1
progressive postnatal craniosynostosis,3,0.0008205689277899343,1
craniosynostosis,3,0.0008205689277899343,1
topology,3,0.0008205689277899343,1
mixed integer,3,0.0008205689277899343,1
geometry,3,0.0008205689277899343,1
supervised topic modeling,3,0.0008205689277899343,1
bayesian variational inference,3,0.0008205689277899343,1
linear mixed model,3,0.0008205689277899343,1
empirical best linear unbiased prediction,3,0.0008205689277899343,1
empirical bayes,3,0.0008205689277899343,1
adjusted maximum likelihood method,3,0.0008205689277899343,1
financial self-efficacy,3,0.0008205689277899343,1
financial management behavior,3,0.0008205689277899343,1
actor-partner interdependence model,3,0.0008205689277899343,1
international adoption,3,0.0008205689277899343,1
neural signal processing,3,0.0008205689277899343,1
neural network pruning,3,0.0008205689277899343,1
calcium imaging,3,0.0008205689277899343,1
human papillomavirus vaccine,3,0.0008205689277899343,1
health campaigns,3,0.0008205689277899343,1
african american health,3,0.0008205689277899343,1
stochastic communication,3,0.0008205689277899343,1
opinion dynamics,3,0.0008205689277899343,1
collective behavior,3,0.0008205689277899343,1
"science, technology, engineering, and mathematics",3,0.0008205689277899343,1
valued exponential random graph models (vergm),3,0.0008205689277899343,1
interorganizational relationships,3,0.0008205689277899343,1
interorganizational networks,3,0.0008205689277899343,1
spoken word production,3,0.0008205689277899343,1
phonological preparation,3,0.0008205689277899343,1
consonant plus vowel body unit,3,0.0008205689277899343,1
racialization,3,0.0008205689277899343,1
measurement tool,3,0.0008205689277899343,1
academic barriers,3,0.0008205689277899343,1
parental responses to negative emotions,3,0.0008205689277899343,1
internalizing symptoms,3,0.0008205689277899343,1
housing justice,3,0.0008205689277899343,1
federal housing policy,3,0.0008205689277899343,1
health behaviors,3,0.0008205689277899343,1
criminal justice,3,0.0008205689277899343,1
arrest,3,0.0008205689277899343,1
wetlands,3,0.0008205689277899343,1
dissolved oxygen,3,0.0008205689277899343,1
white matter,3,0.0008205689277899343,1
fractional anisotropy,3,0.0008205689277899343,1
working conditions,3,0.0008205689277899343,1
survey research,3,0.0008205689277899343,1
special education teachers,3,0.0008205689277899343,1
laparoscopy in low- and middle-income countries,3,0.0008205689277899343,1
global surgery,3,0.0008205689277899343,1
gasless laparoscopy,3,0.0008205689277899343,1
abdominal lift,3,0.0008205689277899343,1
young adulthood,3,0.0008205689277899343,1
workplace accommodations,3,0.0008205689277899343,1
blood pressure,3,0.0008205689277899343,1
simulation studies,3,0.0008205689277899343,1
path tracing,3,0.0008205689277899343,1
multivariate data generation,3,0.0008205689277899343,1
monte carlo,3,0.0008205689277899343,1
urban arterials,3,0.0008205689277899343,1
crash duration,3,0.0008205689277899343,1
collectors,3,0.0008205689277899343,1
aft hazards model,3,0.0008205689277899343,1
health risk behaviors,3,0.0008205689277899343,1
mortgage interest deduction,3,0.0008205689277899343,1
youth mental health first aid,3,0.0008205689277899343,1
school-based mental health services,3,0.0008205689277899343,1
premis,3,0.0008205689277899343,1
practices,3,0.0008205689277899343,1
community health worker,3,0.0008205689277899343,1
specialized units,3,0.0008205689277899343,1
police technology,3,0.0008205689277899343,1
diffusion of innovations,3,0.0008205689277899343,1
body-worn cameras,3,0.0008205689277899343,1
teen pregnancy,3,0.0008205689277899343,1
child maltreatment prevention,3,0.0008205689277899343,1
male caregiver,3,0.0008205689277899343,1
black girls,3,0.0008205689277899343,1
bayesian neural network,3,0.0008205689277899343,1
cyclic instrumented indentation,3,0.0008205689277899343,1
mortality,3,0.0008205689277899343,1
child ses,3,0.0008205689277899343,1
repeated hazards,3,0.0008205689277899343,1
hurricane mitigation,3,0.0008205689277899343,1
agent-based model,3,0.0008205689277899343,1
zero-sum games,3,0.0008205689277899343,1
nash equilibrium,3,0.0008205689277899343,1
spiritual development,3,0.0008205689277899343,1
black undergraduate students,3,0.0008205689277899343,1
single mothers,3,0.0008205689277899343,1
out-of-pocket spending,3,0.0008205689277899343,1
family health care spending,3,0.0008205689277899343,1
chronic conditions,3,0.0008205689277899343,1
tuned biodegradation,3,0.0008205689277899343,1
team performance,3,0.0008205689277899343,1
team development,3,0.0008205689277899343,1
shared leadership,3,0.0008205689277899343,1
project teams,3,0.0008205689277899343,1
colonel blotto,3,0.0008205689277899343,1
algorithmic game theory,3,0.0008205689277899343,1
stiffness degradation,3,0.0008205689277899343,1
s-n curve,3,0.0008205689277899343,1
fatigue damage,3,0.0008205689277899343,1
surface erosion,3,0.0008205689277899343,1
adhesion barrier,3,0.0008205689277899343,1
work value,3,0.0008205689277899343,1
prototype methodology,3,0.0008205689277899343,1
chinese undergraduates,3,0.0008205689277899343,1
"""good job""",3,0.0008205689277899343,1
route-length variability,3,0.0008205689277899343,1
regression models,3,0.0008205689277899343,1
operating and delivery costs,3,0.0008205689277899343,1
capacitated vehicle routing problem,3,0.0008205689277899343,1
popular culture,3,0.0008205689277899343,1
fat activism,3,0.0008205689277899343,1
decolonial worldmaking,3,0.0008205689277899343,1
body positivity,3,0.0008205689277899343,1
site visits,3,0.0008205689277899343,1
corporate investment efficiency,3,0.0008205689277899343,1
multimodal social media,3,0.0008205689277899343,1
multimodal named entity recognition,3,0.0008205689277899343,1
latent class growth modeling,3,0.0008205689277899343,1
growth mixture model,3,0.0008205689277899343,1
group based trajectory model,3,0.0008205689277899343,1
covariance pattern growth mixture model,3,0.0008205689277899343,1
scatter halfspace depth,3,0.0008205689277899343,1
exact computation,3,0.0008205689277899343,1
depth,3,0.0008205689277899343,1
approximate algorithm,3,0.0008205689277899343,1
tissue adhesive,3,0.0008205689277899343,1
vaccination,3,0.0008205689277899343,1
human papillomavirus,3,0.0008205689277899343,1
community-based participatory research,3,0.0008205689277899343,1
chinese american adolescents,3,0.0008205689277899343,1
translation function,3,0.0008205689277899343,1
multiple priors,3,0.0008205689277899343,1
record linking,3,0.0008205689277899343,1
randomized experiments,3,0.0008205689277899343,1
administrative data,3,0.0008205689277899343,1
incomplete preferences,3,0.0008205689277899343,1
elicitation,3,0.0008205689277899343,1
multimodal transformer,3,0.0008205689277899343,1
screening and classification,3,0.0008205689277899343,1
soy proteins,3,0.0008205689277899343,1
cultured meat scaffolds,3,0.0008205689277899343,1
cross-linking technology,3,0.0008205689277899343,1
cbm,3,0.0008205689277899343,1
epistemic authority,3,0.0008205689277899343,1
adoption of newcomer's ideas,3,0.0008205689277899343,1
vehicle routing,3,0.0008205689277899343,1
uncertainties,3,0.0008205689277899343,1
data driven methods,3,0.0008205689277899343,1
contingent state pricing,3,0.0008205689277899343,1
need for closure,3,0.0008205689277899343,1
construction innovation,3,0.0008205689277899343,1
building information modeling (bim),3,0.0008205689277899343,1
safety,3,0.0008205689277899343,1
primary,3,0.0008205689277899343,1
iwasawa invariants,3,0.0008205689277899343,1
heuristics,3,0.0008205689277899343,1
anticyclotomic zp-extensions,3,0.0008205689277899343,1
tutorial,3,0.0008205689277899343,1
sociometrics,3,0.0008205689277899343,1
r programming,3,0.0008205689277899343,1
speech perception,3,0.0008205689277899343,1
category learning,3,0.0008205689277899343,1
worldviews,3,0.0008205689277899343,1
relationship satisfaction,3,0.0008205689277899343,1
primal world beliefs,3,0.0008205689277899343,1
positive relationship illusions,3,0.0008205689277899343,1
web tracking,2,0.0005470459518599562,1
digital traces,2,0.0005470459518599562,1
cardiovascular risk,2,0.0005470459518599562,1
biomarkers,2,0.0005470459518599562,1
causal inference,2,0.0005470459518599562,1
open science,2,0.0005470459518599562,1
children and the environment,2,0.0005470459518599562,1
graphene,2,0.0005470459518599562,1
mental illness,2,0.0005470459518599562,1
health-related quality of life,2,0.0005470459518599562,1
environmental hazards,2,0.0005470459518599562,1
device fabrication,2,0.0005470459518599562,1
educational laboratory,2,0.0005470459518599562,1
persistent monitoring (pm),2,0.0005470459518599562,1
age diversity,2,0.0005470459518599562,1
autistic,2,0.0005470459518599562,1
graph neural networks,2,0.0005470459518599562,1
multi-agent deep reinforcement learning (marl),2,0.0005470459518599562,1
federated learning,2,0.0005470459518599562,1
personalized modeling,2,0.0005470459518599562,1
meta-science,2,0.0005470459518599562,1
replication,2,0.0005470459518599562,1
dean flow focusing,2,0.0005470459518599562,1
epidemiology,2,0.0005470459518599562,1
sexually transmitted infections,2,0.0005470459518599562,1
mixed memberships,2,0.0005470459518599562,1
sparse principal component analysis,2,0.0005470459518599562,1
stochastic blockmodel,2,0.0005470459518599562,1
corporate social advocacy,2,0.0005470459518599562,1
inertial separation,2,0.0005470459518599562,1
solvent casting,2,0.0005470459518599562,1
robust optimization,2,0.0005470459518599562,1
surrogate modelling,2,0.0005470459518599562,1
hypergraph,2,0.0005470459518599562,1
iterative rounding,2,0.0005470459518599562,1
applied game theory,2,0.0005470459518599562,1
dancesport,2,0.0005470459518599562,1
power values,2,0.0005470459518599562,1
elaboration likelihood model,2,0.0005470459518599562,1
social judgment theory,2,0.0005470459518599562,1
baidu index,2,0.0005470459518599562,1
housing market regulations,2,0.0005470459518599562,1
firm exit,2,0.0005470459518599562,1
child behavioral problems,2,0.0005470459518599562,1
extended household structures,2,0.0005470459518599562,1
undocumented,2,0.0005470459518599562,1
general information space,2,0.0005470459518599562,1
inconsistency measures,2,0.0005470459518599562,1
rationality postulates,2,0.0005470459518599562,1
fuel procurement,2,0.0005470459518599562,1
opportunity mapping,2,0.0005470459518599562,1
coal mining,2,0.0005470459518599562,1
matching,2,0.0005470459518599562,1
public opinion,2,0.0005470459518599562,1
diaspora,2,0.0005470459518599562,1
mobilization,2,0.0005470459518599562,1
american politics,2,0.0005470459518599562,1
judicial politics,2,0.0005470459518599562,1
strategic divorce,2,0.0005470459518599562,1
foster home care,2,0.0005470459518599562,1
residential treatment,2,0.0005470459518599562,1
cps asec,2,0.0005470459518599562,1
health insurance,2,0.0005470459518599562,1
survey processing,2,0.0005470459518599562,1
confrontations,2,0.0005470459518599562,1
adaptive interventions,2,0.0005470459518599562,1
emotion vocabulary,2,0.0005470459518599562,1
interval uncertainty,2,0.0005470459518599562,1
smart,2,0.0005470459518599562,1
tailoring variables,2,0.0005470459518599562,1
second language learners,2,0.0005470459518599562,1
longitudinal research,2,0.0005470459518599562,1
inconsistency measure,2,0.0005470459518599562,1
modal operator,2,0.0005470459518599562,1
specific reading comprehension deficits,2,0.0005470459518599562,1
community schools,2,0.0005470459518599562,1
astronomy education,2,0.0005470459518599562,1
school-community relations,2,0.0005470459518599562,1
international education,2,0.0005470459518599562,1
stem/steam,2,0.0005470459518599562,1
energy applications,2,0.0005470459518599562,1
laser ignition,2,0.0005470459518599562,1
mesoparticle,2,0.0005470459518599562,1
nanocomposite,2,0.0005470459518599562,1
multivariate bilateral gamma,2,0.0005470459518599562,1
digital moments,2,0.0005470459518599562,1
q-selfdecomposable,2,0.0005470459518599562,1
school improvement,2,0.0005470459518599562,1
block-based programming,2,0.0005470459518599562,1
students,2,0.0005470459518599562,1
urban education,2,0.0005470459518599562,1
firm life cycle,2,0.0005470459518599562,1
initial conditions,2,0.0005470459518599562,1
smes,2,0.0005470459518599562,1
power,2,0.0005470459518599562,1
participatory visual methodologies,2,0.0005470459518599562,1
k-12 education,2,0.0005470459518599562,1
data science,2,0.0005470459518599562,1
dark personalities,2,0.0005470459518599562,1
earnings management,2,0.0005470459518599562,1
cross-layer optimal design,2,0.0005470459518599562,1
employee selection,2,0.0005470459518599562,1
latency-varying services,2,0.0005470459518599562,1
cyber-physical systems,2,0.0005470459518599562,1
religion and cognitive functioning,2,0.0005470459518599562,1
data,2,0.0005470459518599562,1
eviction,2,0.0005470459518599562,1
educational attainment,2,0.0005470459518599562,1
social-emotional learning,2,0.0005470459518599562,1
student absenteeism,2,0.0005470459518599562,1
traffic forecasting,2,0.0005470459518599562,1
14j60,2,0.0005470459518599562,1
primary 53c07,2,0.0005470459518599562,1
secondary 14d06,2,0.0005470459518599562,1
sample-average approximation,2,0.0005470459518599562,1
behrens radical,2,0.0005470459518599562,1
differential polynomial ring,2,0.0005470459518599562,1
locally nilpotent ring,2,0.0005470459518599562,1
genetic bottleneck,2,0.0005470459518599562,1
natural selection,2,0.0005470459518599562,1
power systems modelling,2,0.0005470459518599562,1
measures of dependence,2,0.0005470459518599562,1
projection,2,0.0005470459518599562,1
sample complexity,2,0.0005470459518599562,1
interdisciplinary physics,2,0.0005470459518599562,1
optics,2,0.0005470459518599562,1
bilevel optimisation,2,0.0005470459518599562,1
equilibrium modelling,2,0.0005470459518599562,1
hurricanes,2,0.0005470459518599562,1
renter vulnerability,2,0.0005470459518599562,1
cashflow timing,2,0.0005470459518599562,1
quantification,2,0.0005470459518599562,1
discount-rate timing,2,0.0005470459518599562,1
new product adoption,2,0.0005470459518599562,1
photonics,2,0.0005470459518599562,1
market timing,2,0.0005470459518599562,1
gaussian process regression,2,0.0005470459518599562,1
interpolation theory,2,0.0005470459518599562,1
autism research,2,0.0005470459518599562,1
mutual capacity building,2,0.0005470459518599562,1
addition polymerization,2,0.0005470459518599562,1
copolymers,2,0.0005470459518599562,1
emulsion polymerization,2,0.0005470459518599562,1
cognitive ability,2,0.0005470459518599562,1
elementary,2,0.0005470459518599562,1
ambiguity aversion,2,0.0005470459518599562,1
cash flow structure,2,0.0005470459518599562,1
child speech,2,0.0005470459518599562,1
cross-linguistic study,2,0.0005470459518599562,1
vowel perception,2,0.0005470459518599562,1
global mental health,2,0.0005470459518599562,1
mental-health-services research,2,0.0005470459518599562,1
limit theorems,2,0.0005470459518599562,1
random dynamical systems,2,0.0005470459518599562,1
skew products,2,0.0005470459518599562,1
causal replication,2,0.0005470459518599562,1
correspondence test,2,0.0005470459518599562,1
equivalence test,2,0.0005470459518599562,1
discursive psychology,2,0.0005470459518599562,1
self-reflection,2,0.0005470459518599562,1
civic education,2,0.0005470459518599562,1
minoritized youth,2,0.0005470459518599562,1
subjugated knowledge,2,0.0005470459518599562,1
seminormality,2,0.0005470459518599562,1
tight closure,2,0.0005470459518599562,1
ultraproducts,2,0.0005470459518599562,1
patient-centered communication,2,0.0005470459518599562,1
racial concordance,2,0.0005470459518599562,1
police protest control strategies,2,0.0005470459518599562,1
non-cigarette tobacco products,2,0.0005470459518599562,1
moderate deviations,2,0.0005470459518599562,1
central asia,2,0.0005470459518599562,1
knowledge gaps,2,0.0005470459518599562,1
asymptotically log fano varieties,2,0.0005470459518599562,1
asymptotically log del pezzo surfaces,2,0.0005470459518599562,1
standard frame,2,0.0005470459518599562,1
bus delay,2,0.0005470459518599562,1
arterial signal control,2,0.0005470459518599562,1
temporary lane blockage,2,0.0005470459518599562,1
body of ample angles,2,0.0005470459518599562,1
health behavior theory,2,0.0005470459518599562,1
covid,2,0.0005470459518599562,1
nonprofits,2,0.0005470459518599562,1
labor market networks,2,0.0005470459518599562,1
news sharing,2,0.0005470459518599562,1
community detection,2,0.0005470459518599562,1
issue salience,2,0.0005470459518599562,1
black lives matter protests,2,0.0005470459518599562,1
vaccine hesitancy,2,0.0005470459518599562,1
spectral graph theory,2,0.0005470459518599562,1
network analysis,2,0.0005470459518599562,1
gaussian component,1,0.0002735229759299781,1
constancy of regression-characterization,1,0.0002735229759299781,1
dislocations,1,0.0002735229759299781,1
zeta functions,1,0.0002735229759299781,1
elliptic curves,1,0.0002735229759299781,1
58d19,1,0.0002735229759299781,1
53c30,1,0.0002735229759299781,1
disclinations,1,0.0002735229759299781,1
director theories of deformable rods and shells,0,0.0,1
